2026-07-23  ACTA  https://acta-vzw.be/vacatures/
2026-07-23  DAUBY  https://www.dauby.be/nl-be/jobs
2026-07-23  DCS VASTGOED & CONSULT  https://www.immopoint.be/vacatures
2026-07-23  DE GRAVE ENGINEERING  https://www.degrave-engineering.be/nl/jobs
2026-07-23  DE KRINGWINKEL MIDDEN-WEST-VLAANDEREN  https://www.dekringwinkelmidwest.be/vacatures
2026-07-23  DE MALLE KOKS  https://demallekoks.be/werken-bij-dmk/
2026-07-23  DE TARTINE  https://www.folie.fashion/jobs
2026-07-23  DE WITTE TRANS  https://aannemingendewitte.be/jobs/
2026-07-23  DECEUNINCK  https://www.deceuninck.com/jobs/
2026-07-23  DEGRANDE  https://www.degrande.be/
2026-07-23  DEGO VERZEKERINGEN  https://degoverzekeringen.be
2026-07-23  DEKIMO TURNHOUT  https://www.dekimo.com/jobs/
2026-07-23  DELAMILLIEURE  https://www.delamillieure.be/jobs
2026-07-23  DEL - SPORT  https://www.delsport.com/nl/vacatures
2026-07-23  DELRIN BELGIUM  https://www.delrin.com/careers/
2026-07-23  DELTASHOP & SERVICES  https://www.ezw.works/jobs
2026-07-23  DEMAGRO  https://demagro.be/vacatures/
2026-07-23  DECLERCK - DAELS, ARCHITECTEN  https://www.declerck-daels.be/team/vacatures/
2026-07-23  DELTA-TEMP  https://delta-temp.com/nl_be/vacatures/
2026-07-23  DENY LOGISTICS  https://www.denylogistics.com/nl/jobs
2026-07-23  DEPro Benelux  https://jobs.deprobenelux.eu/verify.html
2026-07-23  DEPREZ CONSTRUCT  https://deprez.be/nl/
2026-07-23  DESIGN EXPRESS  https://www.designexpress.eu/nl/vacatures
2026-07-23  DEVOCRUSH  https://www.devocrush.be/vacatures/
2026-07-23  DIAMETAL  https://www.diametal.be/over-ons/vacatures/
2026-07-23  DIAPAL  https://www.diapal.be/vacatures/
2026-07-23  DIAMUR  https://diamur.be/jobs/
2026-07-23  DI NITTO MAASLAND  https://www.dinitto.be/vacatures
2026-07-23  DICAR  https://www.dicar.be/vacatures/
2026-07-23  DIGINAV  https://www.diginav.be/jobs
2026-07-23  DIVE PRO GROUP  https://www.diveprogroup.be/jobs
2026-07-23  DIVOLI DATA PROCESSING BELGIUM  https://www.groupvanvooren.com/jobs
2026-07-23  DISTRILINK  https://distrilink.be/nl/homepage/
2026-07-23  DMG MORI BeLux  https://recruiting.dmgmori.com/Jobs/All?lang=eng
2026-07-23  DM RETAIL  https://www.mijnspar.be/jobs
2026-07-23  DNM  https://dnmverzekeringen.be/vacatures/
2026-07-23  DOKTERSHUIS ANTVERPIA  https://doktershuisantverpia.com/vacatures/
2026-07-23  DOMICA  https://www.domica.be/vacatures/
2026-07-23  DONSJE BELGIUM  https://donsje.com/pages/jobs
2026-07-23  DRUKKERIJ ATLANTA  https://www.drukkerijatlanta.be/vacatures/
2026-07-23  DRUMDRUM  https://jobs.drumdrum.eu/
2026-07-23  DRYSOLUTIONS  https://www.drysolutions.be/nl/jobs
2026-07-23  DRUKKERIJ BUROFORM  https://www.buroform.be/jobs/
2026-07-23  DUPONT  https://dupont.be/nl/jobs/
2026-07-23  DUBECOR  https://dubecor.be/vacatures/
2026-07-23  DSM Keukens  https://www.dsmkeukens.be/vacatures/
2026-07-23  DVV PARTNERS  https://www.dvvpartners.be/vacatures
2026-07-23  Daenekindt Landscaping Design  https://daenekindt-landscaping.be/vacatures
2026-07-23  Daneels Media Group  https://daneels.be/nl/vacatures/
2026-07-23  Dark at night  https://dark.be/jobs
2026-07-23  Dansschool D.I.O.P  https://www.dansschooldiop.be/vacatures
2026-07-23  De Cocon, jeugdhulp aan huis  https://www.decocon.be/default.aspx?PageId=4930
2026-07-23  De Inkom  https://www.deinkom.be/jobs
2026-07-23  De Lier vzw  https://deliervzw.be/gezocht/vacatures/
2026-07-23  De Oever  https://www.deoever.be/ons-oeverteam/vacatures/
2026-07-23  De Raster  https://netwerkwonenplus.be
2026-07-23  De Vestingen  https://www.devestingen.be/vacatures
2026-07-23  De Vier Notelaars  https://www.viernotelaars.be/vacatures/
2026-07-23  De Wandeler  https://www.dewandeler.be/jobs
2026-07-23  De Vierklaver  https://de-vierklaver.be/home/werken-bij/vacatures-vierklaver/
2026-07-23  De Zeepboeren  https://dezeepboeren.be/jobs/
2026-07-23  Delta BE  https://delta-pharma.eu/nl/careers/
2026-07-23  Desart  https://restaurant-joels.be/vacatures/
2026-07-23  Dimitri Peel  https://curalis.be/jobs/
2026-07-23  Dokter MYNY  https://www.debaronie.eu/jobs
2026-07-23  Domino  https://dominovzw.be/jobs
2026-07-23  Dr. Dooms Bénédicte  https://heteerstelijnshuis.be/vacatures
2026-07-23  Dr. Huys - Dr. Gravez  https://www.huysartsdendermonde.be/nl/vacatures/
2026-07-23  E-Ctrl  https://www.e-ctrl.be/jobs
2026-07-23  E-CRANE WORLDWIDE  https://www.e-crane.com
2026-07-23  E-Luse  https://e-luse.be/jobs/
2026-07-23  E. Van Wingen  https://www.vanwingen.be/jobs
2026-07-23  EA+ ARCHITECTEN EN INGENIEURS  https://eaplus.eu/vacatures/
2026-07-23  ECCO  https://eccoproducts.eu/nl-be/werken-bij-ecco
2026-07-23  ECOPOWER  https://ecopower.be/
2026-07-23  EECKHAUDT  https://www.eeckhaudt.be/nl/jobs/
2026-07-23  EGHT CARE  https://eghtcare.be/vacatures/
2026-07-23  ELEGANT  https://www.elegant.be/jobs
2026-07-23  EGP Solar BE I  https://www.enovosgreenpower.eu/vacatures/
2026-07-23  ELIPSE  https://elipse.eu/werken-bij-elipse/
2026-07-23  ELMEDIX  https://www.elmedix.com/vacatures/
2026-07-23  EMTEX  https://www.emtexlifescience.com/careers
2026-07-23  ENGGREEN  https://enggreen.be/nl/jobs-enggreen/
2026-07-23  ENGAGED  https://engaged.be/careers/
2026-07-23  EOS IT Management Solutions Belgium  https://eosits.com/jobs-test/
2026-07-23  ENTEK  https://jobs.entek.be/
2026-07-23  ENGISOL  https://www.engisol.eu/jobs
2026-07-23  ESKA LAW  https://eskalaw.be/vacatures/
2026-07-23  ESKENS BENELUX  https://werkenbij.eskens.com/
2026-07-23  ESV Technisch Adviesbureau  https://www.esvta.nl/vacatures
2026-07-23  ETHERNA IMMUNOTHERAPIES  https://careers.etherna.be/en
2026-07-23  EURAQUA-EUROPE  https://www.euraqua.com/jobs
2026-07-23  EUROCAP  https://www.eurocapeurocork.com/jobs
2026-07-23  EUROPEAN TRANSPORT MANAGEMENT  https://www.europeantransportmanagement.com/nl/vacatures
2026-07-23  EUROTRADING MORTIER  https://www.eurotradingmortier.be/vacatures
2026-07-23  EUROQUIP  https://www.euroquip.be/vacatures/
2026-07-23  EVENTPAY  https://eventpay.be/vacatures/
2026-07-23  EVOTIS  https://evotis.be/vacatures/
2026-07-23  EXTRAQT  https://www.extraqt.be/jobs
2026-07-23  EXPAT & C°  https://www.expatinsurance.eu/en/jobs
2026-07-23  EcoWerf, Intergemeentelijk Milieubedrijf Oost-Brabant  https://www.ecowerf.be/vacatures
2026-07-23  Educlien  https://www.educlien.com/jobs
2026-07-23  EetMee  https://www.eetmee.be/jobs/
2026-07-23  Einride Technologies Belgium  https://careers.einride.tech/
2026-07-23  Elektriciteitswerken Janssens  https://www.janssens-elektriciteitswerken.be/vacatures/
2026-07-23  Emob  https://www.emob.be/vacatures
2026-07-23  Emmaüs  https://www.emmaus.be/jobs
2026-07-23  Energy Together  https://www.energytogether.be/jobs
2026-07-23  Energiek Sint-Niklaas  https://zorgpuntwaasland.be/vacatures/
2026-07-23  Enervice  https://enervice.be/vacatures/
2026-07-23  Entourage Capital II  https://www.entourage.io/careers
2026-07-23  Envalior Specialty Compounds  https://www.envalior.com/en-us/home
2026-07-23  European Machine Delivery & Service  https://emdsbelgium.com/vacatures/
2026-07-23  ExecuJet MRO Services Belgium  https://www.execujet-mro.com/careers/
2026-07-23  E’Log Automation  https://elogautomation.com/jobs/
2026-07-23  Expo Experts  https://www.expo-experts.be/vacatures/
2026-07-23  FABLAB FACTORY  https://www.fablabfactory.com/jobs
2026-07-23  FAMILIEPRAKTIJK GOOSSENS-MAES  https://familiepraktijk.be
2026-07-23  FERRAM  https://www.ferram.be/vacatures/
2026-07-23  FEESTVERHUUR VAN ROMPAEY  https://feestverhuurvanrompaey.be/vacatures/
2026-07-23  FIETSEN WILDIERS  https://www.fietsenwildiers.be/
2026-07-23  FIRMA VAN DAMME  https://www.vandamme.eu/nl-be/jobs
2026-07-23  FIT-DESIGN  https://fit-design.be/jobs
2026-07-23  FIXMER BELGIUM  https://www.fixmer.be/nl/jobs
2026-07-23  FISCINVEST  https://www.grust.be/vacatures
2026-07-23  FITRAMA VERZEKERINGEN  https://fitrama.be/vacatures/
2026-07-23  FLANDERS AUCTIONS  https://flandersauctions.be/nl/jobs/
2026-07-23  FONDS VOOR DE RIJN- EN BINNENSCHEEPVAART  https://www.frb-fri.be/error/404
2026-07-23  FLUOR ENGINEERING  https://www.fluorengineering.be/careers
2026-07-23  FORE  https://jobs.fore.be/
2026-07-23  FOODPREPPER  https://foodprepper.be/jobs
2026-07-23  FRANSON  https://www.franson.be/vacatures/
2026-07-23  FRISKE  https://friske.be/vacatures/
2026-07-23  Familiezorg  https://jobs.familiezorg.be/
2026-07-23  Familiezorg West-Vlaanderen  https://www.thuiszorgfamiliezorg.be/vacatures/
2026-07-23  Fietsen Thys  https://www.fietsenthys.be/vacatures-2/
2026-07-23  Finance & Insurance Center ANM  https://www.f-ic.be/nl-be/jobs
2026-07-23  Flamingo Pet Products  https://www.flamingo.be/nl
2026-07-23  Fly Aeolus Air Taxi  https://flyaeolus.com/vacancies/
2026-07-23  Flöw  https://www.dansstudioflow.be/meer-flow/vacatures/
2026-07-23  Flovira  https://www.flovira.be/vacatures/
2026-07-23  Franke  https://jobs.franke.com/
2026-07-23  Food Blending  https://foodblending.be/jobs/
2026-07-23  FrieslandCampina  https://jobs.milcobel.com/
2026-07-23  FrontForce  https://www.frontforce.be/jobs/
2026-07-23  From Waste To Wind  https://www.fromwastetowind.com/jobs/
2026-07-23  Fribona  https://www.fribona.be/jobs
2026-07-23  GARAGE DE LINDE  https://www.delinde.be/vacatures/
2026-07-23  GARAGE LERNOU  https://garagelernou.be/jobs/
2026-07-23  GARAGE PEETERS  https://garagepeeters.be/jobs
2026-07-23  GAUTIER-INTOCEL  https://www.gautier-intocel.com/jobs
2026-07-23  GARAGE NEIRYNCK  https://www.garageneirynck.be/nl/404
2026-07-23  GECO  https://www.geco.be/nl/jobs
2026-07-23  GEERT GREPDON  https://www.grepdonverzekeringen.be/vacatures/relatiebeheerder-verzekeringen
2026-07-23  GETTOWEB  https://gettoweb.be/jobs
2026-07-23  GG Recup  https://ggrecup.be/
2026-07-23  GLUE  https://glue.be/jobs
2026-07-23  GO! scholengroep Gent  https://www.scholengroep.gent/solliciteren
2026-07-23  GM Drankenservice  https://gmdrankenservice.be/vacatures/
2026-07-23  GOOSSENS METAAL  https://www.goossensmetaal.be/jobs
2026-07-23  GREGOOR TRUCKS  https://www.gregoor.be/nl/vacatures
2026-07-23  GROEP BUSSELS  https://www.groepbussels.be/jobs
2026-07-23  GROEP LUYCKX  https://www.luyckx.be/nl/vacatures
2026-07-23  GTB - gespecialiseerd team bemiddeling  https://www.gtb.be/jobs
2026-07-23  GXO LOGISTICS ANTWERP BELGIUM  https://jobs.xpo.com/
2026-07-23  GXO Logistics Belgium  https://jobs.gxo.com/
2026-07-23  Gallery Ysebaert  https://galleryysebaert.be/jobs
2026-07-23  Geboortepraktijk  https://www.geboortepraktijk.be/
2026-07-23  Gemeente Diepenbeek  https://www.diepenbeek.be/vacatures
2026-07-23  Gemeente Beveren-Kruibeke-Zwijndrecht  https://www.gemeentebkz.be/vacatures
2026-07-23  Gemeente Keerbergen  https://www.keerbergen.be/vacatures
2026-07-23  Gemeente Grimbergen  https://www.grimbergen.be/vacatures
2026-07-23  Gemeente Glabbeek  https://www.glabbeek.be/vacatures
2026-07-23  Gemeente Lichtervelde  https://www.lichtervelde.be/vacatures
2026-07-23  Gemeente Kortenaken  https://www.kortenaken.be/vacatures
2026-07-23  Gemeente Sint-Katelijne-Waver  https://www.sintkatelijnewaver.be/vacatures
2026-07-23  Gemeente Middelkerke  https://www.middelkerke.be/nl/over-middelkerke/vacatures
2026-07-23  Gemeente Oostrozebeke  https://www.oostrozebeke.be/vacatures
2026-07-23  Gemeente Ranst  https://www.ranst.be/vacatures
2026-07-23  Gemeente Tielt-Winge  https://www.tielt-winge.be/vacatures
2026-07-23  Gemeente Wingene  https://www.wingene.be/vacatures
2026-07-23  Gesquiere  https://transportgesquiere.be/jobs/
2026-07-23  Gheeraert Express  https://jobs.gheeraert.be/nl
2026-07-23  Glenn Sestig Architects  https://www.glennsestigarchitects.com/careers/
2026-07-23  Gemeente Leopoldsburg  https://www.leopoldsburg.be/vacatures
2026-07-23  Gommaire  https://gommaire.com/jobs
2026-07-23  Gncomputers  https://www.gncomputers.be/jobs
2026-07-23  Goedefroo architecten  https://www.goedefroo.be/jobs
2026-07-23  Goed Hulpmiddelen  https://www.goed.be/nl/vacatures
2026-07-23  Gova Meubelen  https://www.gova.be/werken-bij-gova/
2026-07-23  GuestWay  https://guestway.io/careers/
2026-07-23  Group Fidura Verzekeringen  https://fidura.be/werken-bij-fidura/vacatures/
2026-07-23  HAECAR  https://www.groephaeck.be/vacatures/
2026-07-23  HALLMARK CARDS BELGIUM  https://jobs.hallmark.be/
2026-07-23  Gysemans Financiën  https://gysemansgroep.be/vacatures/
2026-07-23  HANDS MEDIAROUTING  https://hands.be/vacatures/
2026-07-23  HARDY BLOEMEN  https://www.hardybloemen.be/jobs
2026-07-23  HEATSAIL  https://www.heatsail.com/jobs
2026-07-23  HEENS en ZOON  https://www.heensenzoon.be/jobs
2026-07-23  HEFTRUCK SERVICE LIMBURG  https://hsl.be/werken-bij/
2026-07-23  HELI  https://www.heli.be/nl/vacatures
2026-07-23  HEIDENHAIN  https://www.heidenhain.be/vacatures
2026-07-23  HENDRICKX - DE BRUYN  https://www.hdbverzekeringen.be/nl-be/jobs
2026-07-23  HET DANSATELJEE  https://www.hetdansateljee.be/vacatures
2026-07-23  HEVADEX  https://hevadex.com/jobs
2026-07-23  HONINX  https://www.honinx.be/p/home.html
2026-07-23  HOORCENTRUM MARINUS  https://www.hoorcentrummarinus.be/vacatures
2026-07-23  HOUSE OF STEEL  https://houseofsteel.be/vacatures/
2026-07-23  HR SQUARE  https://hrsquare.be/fr/jobs-etudiants-il-ny-a-plus-de-saison/
2026-07-23  HULPVERLENINGSZONE ZUIDWEST LIMBURG  https://jobs.zuidwestlimburg.be/v1.0/
2026-07-23  HYDROPURE  https://www.hydropure.be/nl/jobs
2026-07-23  HVAC-SYSTEMS  https://climanova.com/nl/werken-bij
2026-07-23  HYDROSERV  https://hydroserv.eu/jobs/
2026-07-23  Happy Volcano  https://www.happyvolcano.com/careers
2026-07-23  HYMATEC  https://hymatec.be/vacatures/
2026-07-23  Hartencollege  https://hartencollege.be/vacatures/
2026-07-23  HYBRID Software Development  https://hybridsoftware.com/careers/
2026-07-23  Helan Onafhankelijk ziekenfonds  https://www.helan.be/jobs
2026-07-23  Hermie Online  https://hermie.com/be-nl/vacatures
2026-07-23  Het Metaal  https://hetmetaal.be/jobs
2026-07-23  High On Life  https://highonlife.be/vacatures/
2026-07-23  Home Sebrechts  https://jobs.armonea.be/nl/index.aspx
2026-07-23  Horizon  https://horizonvzw.be/vacatures/
2026-07-23  House Check  https://www.housecheck.be/jobs
2026-07-23  Howden Maintenance Partners Belgium  https://www.maintenancepartners.com/careers
2026-07-23  Humbug  https://www.humbugmag.be/vacatures
2026-07-23  IDCREATION  https://www.idcreation.be/nl/jobs
2026-07-23  ILB INTERFREIGHT LOGISTICS BENELUX ANTWERP  https://ilb-group.com/jobs/
2026-07-23  IDENTIS INVEST  https://www.identis.be/vacatures/
2026-07-23  IMAGE LINE  https://www.image-line.com/jobs
2026-07-23  IMMO SIVAFROST  https://sivafrost.be/jobs/
2026-07-23  IMS BELGIUM  https://www.ims-belgium.biz/en/about-us/careers/
2026-07-23  INDECON  https://indecon.be/vacatures/
2026-07-23  INDUSTRIEVEREN ALGOET  https://www.industrieverenalgoet.be/nl/jobs
2026-07-23  INDUSTRONIC  https://industronic.be/vacatures/
2026-07-23  INFOMAT  https://www.infomat.eu/page/nl/vacatures
2026-07-23  INTEGRATED MATERIAL CONTROL ENGINEERING  https://imce.eu/about-us/jobs/
2026-07-23  INTERNETFABRIEK  https://www.internetfabriek.be/jobs
2026-07-23  INTERTEK BELGIUM  https://www.intertek.com/careers/
2026-07-23  INTERIOR PROJECTS  https://www.interiorprojects.be/nl/jobs/
2026-07-23  INTERSOFT ELECTRONICS SERVICES  https://www.intersoft-electronics.services/jobs
2026-07-23  INVIBES ADVERTISING  https://www.invibes.com/
2026-07-23  IP FAB  https://ip-fab.com/careers
2026-07-23  IQVIA MedTech NV  https://jobs.iqvia.com/en
2026-07-23  ISOPROC  https://www.isoproc.be/nl/ons-bedrijf/vacatures
2026-07-23  ITS Plus  https://www.its-plus.be/vacatures/
2026-07-23  IWAssur  https://iwassur.be/jobs/
2026-07-23  Icha  https://www.icha.be/meet-the-team/vacatures/
2026-07-23  Inclure Architecten  https://inclure.be/vacatures/
2026-07-23  Inmanta  https://www.inmanta.com/careers
2026-07-23  IndustryVibes  https://www.industryvibes.be/vacatures/
2026-07-23  Innoptus Belgium  https://www.innoptus.com/nl/vacatures
2026-07-23  Instituut van het Heilig graf  https://secundair.heilig-graf.be/jobs
2026-07-23  InterIT  https://www.interit.be/jobs
2026-07-23  Intercommunale voor Ontwikkeling van het Gewest Mechelen en Omgeving  https://igemo.be/vacatures/
2026-07-23  InviteDesk  https://invitedesk.com/en-gb/jobs/
2026-07-23  Izyprint  https://izyprint.be/nl/vacatures
2026-07-23  Interpolimeri BV  https://interpolimeri.com/careers/
2026-07-23  JARICE  https://www.jarice.com/nl/jobs
2026-07-23  JAS FORWARDING WORLDWIDE (BELGIUM)  https://www.jas.com/careers/
2026-07-23  JIGSO  https://jigso.com/company/jobs/
2026-07-23  JMW Steelworks  https://www.jmwsteelworks.be/vacatures/
2026-07-23  JO BEAU PRODUCTS  https://www.jobeau.eu/nl/vacatures
2026-07-23  JOSEPH EN HENRI LEUS  https://leus.be/vacatures/
2026-07-23  Jeugdzorg Ter Elst  https://www.jeugdzorgterelst.be/vacatures
2026-07-23  Jongerenzorg Zuid-West-Vlaanderen  https://www.jongerenzorg.be/vacatures.html
2026-07-23  Joulz Sun4Business 1  https://jobs.engie.com/
2026-07-23  KAIRON LABS  https://kaironlabs.com/careers
2026-07-23  KAAYMAN  https://www.kaayman.be/jobs
2026-07-23  KEESING BELGIUM  https://careers.keesing.com/
2026-07-23  KATHOLIEK ONDERWIJS MECHELEN EN OMGEVING  https://www.komo.be/vacatures/
2026-07-23  KINE GIJBELS ERIK  https://respiro.be
2026-07-23  KINESITHERAPIE TILLE  https://groepspraktijktille.be/vacatures/
2026-07-23  KINTRANS  https://www.kintrans.be/nl/chauffeurs-gezocht
2026-07-23  KLAARCHITECTUUR  https://www.klaarchitectuur.be/vacatures
2026-07-23  KNAPP AG  https://www.knapp.com/
2026-07-23  KNO maatschap Pelt  https://jobs.noorderhart.be/
2026-07-23  KNOKKE - CARS  https://www.autohandelquintens.be/vacatures/
2026-07-23  KORAAL  https://www.koraal.be/vacatures-vrijwilligers-stages/
2026-07-23  KRIOSS  https://www.exacto-hisstyle.be/nl/404
2026-07-23  KRAS ARCHITECTEN  https://www.krasarchitecten.be/vacatures
2026-07-23  KRIVALO  https://tbundershof.be/vacatures/
2026-07-23  Kadanza  https://www.kadanza.com/jobs
2026-07-23  Kanvas Atelier  https://jobs.kanvasatelier.be/
2026-07-23  Katholieke Scholen Temse-Scheldekant  https://jobs.onfo@ksts.be/
2026-07-23  Kinderopvang Mariawende  https://www.ko-mariawende.be/vacatures
2026-07-23  Kinepraktijk Kampenhout-Berg  https://www.kinekampenhout.be/vacatures
2026-07-23  Klief  https://klief.be/jobs
2026-07-23  Koelen C & W  https://www.bakkerij-koelen.be/be-nl/jobs
2026-07-23  Koffie en Meer vzw  https://koffie-en-meer.odoo.com/nl_BE/jobs
2026-07-23  Korazon  https://www.korazon.be/nl/jobs/
2026-07-23  Kongsberg Precision Cutting Systems Belgium  https://www.kongsbergsystems.com/en/careers
2026-07-23  Krikke  https://www.krikke.be/vacatures
2026-07-23  Kynergie  https://www.kynergie.be/vacatures
2026-07-23  L&M CONSULT  https://www.lmconsult.be/nl-be/jobs
2026-07-23  LAM Insurance  https://www.lam-insurance.be/fr-be/jobs
2026-07-24  CirQels  https://cirqels.com/vacatures
2026-07-24  EXACT IMAGING  https://www.exactimaging.com/careers
2026-07-24  Eco Recyclers  https://ecorecyclers.eu/careers/
2026-07-24  GEERT VANLERBERGHE  https://www.vanlerberghegeert.be/jobs/
2026-07-24  Hidrostal  https://www.hidrostal.com/index.php
2026-07-24  INGENIEURSBUREAU STENDESS  https://www.stendess.be/jobs
2026-07-24  InfinitEnergy  https://www.infinitenergy.be/jobs
2026-07-24  Kala Solutions  https://www.kala-solutions.com/careers/
2026-07-24  LANICAD CADburo NOORD  https://lanicad.be/jobs/
2026-07-24  LEDENBEHEER  https://www.ledenbeheer.be/nl
2026-07-24  LESTERIUS  https://www.lesterius.com/
2026-07-24  LEEN EN VERZEKERINGSKANTOOR DAEMS  https://www.daemszakenkantoor.be/nl-be/jobs
2026-07-24  LES JUMELLES  https://lesjumelles.be/pages/jobs
2026-07-24  LINGIER COMPUTERSERVICE  https://www.lingier.be/info/jobs/
2026-07-24  LIVINGREEN CO  https://www.livingreen.be/vacatures
2026-07-24  LM Osteopathie  https://www.kinemotion.be/vacatures
2026-07-24  LIKEUR EN WIJNHANDEL DE MOOR  https://stokerijdemoor.be/vacatures/
2026-07-24  LOOIS VERZEKERINGSKANTOOR  https://loois.be/vacatures/
2026-07-24  LIHA FINANCE  https://lihafinance.be/vacatures/
2026-07-24  LOUIS BLOCKX  https://louisblockx.com/jobs
2026-07-24  LRS Insurance  https://lrsinsurance.be/jobs/
2026-07-24  LT AUTOMOTIVE  https://www.opel-leplae.be/nl
2026-07-24  LOVAP  https://www.lovap.be/nl/vacatures
2026-07-24  LOWETTE DIMITRI  https://groeplowette.be/vacatures/
2026-07-24  La Martiniquaise Benelux  https://www.lmbenelux.com/jobs/
2026-07-24  Landmeterskantoor Sabbe & C°  http://www.sabbenv.be/jobs.html
2026-07-24  Ladies Night België  https://www.ladiesnight.nl/vacatures/
2026-07-24  Laser-Motion  https://www.laser-motion.com/vacatures
2026-07-24  Lauren Van Gansen  https://www.laurenvangansen.com/jobs
2026-07-24  La Dynamique Appliquée  https://lda.be/vacatures-lda-vilvoorde/
2026-07-24  Lazer Lamps EU  https://www.lazerlamps.com/careers
2026-07-24  Leemans Verzekeringen  https://www.kantoorleemans.be/nl/vacatures
2026-07-24  Lekdetectie Paul Verschueren  https://paul-verschueren.be/jobs
2026-07-24  Leo THIEX et Cie S.à.r.l  https://www.thiex.de/jobs/
2026-07-24  Levedale  https://www.levedale.be/vacatures
2026-07-24  Leieborg  https://leieborg.be/aanbod/troeven/vrijwilligers/vacatures-vrijwilligers/
2026-07-24  Locologo  https://www.locologo.be/vacatures/
2026-07-24  Lo Actueel  https://loactueel.be/jobstudenten-werken-en-studeren-is-te-combineren/
2026-07-24  Ludum Elite  https://www.ludumelite.com/careers
2026-07-24  LuNa Solutions  https://lunasolutions.be/werken-bij-ons/
2026-07-24  M.I.B.A  https://miba.be/jobs/
2026-07-24  M. & W. De Paepe  https://aludepaepe.be/vacatures/
2026-07-24  MAHI  https://mahi.be/careers/
2026-07-24  MALTA BELGIUM  https://www.caresolutions.be/vacatures/
2026-07-24  MAMU ARCHITECTEN  https://mamu.be/vacatures/
2026-07-24  MARISAN  https://marisan.be/en/
2026-07-24  MATTHYS-CONSTRUCT  https://www.matthysbvba.be/jobs
2026-07-24  MATERNé  https://materneverzekert.be/nl/jobs/
2026-07-24  MATRAS RECYCLING EU BELGIË  https://matrasrecyclingeurope.com/werken-bij/
2026-07-24  MEASUREX  https://measurex.eu/jobs/
2026-07-24  MEDISCH LABO SERVICE  https://www.mls.be/nl-be/jobs
2026-07-24  MEDISCH HUIS PARADOCS  https://www.paradocs.be/vacatures
2026-07-24  MLC Logistics  https://www.mlcl.be/jobs
2026-07-24  MMPumps  https://www.mmpumps.be/vacatures
2026-07-24  MOBILE LOCKER  https://www.mobilelocker.eu/nl/careers
2026-07-24  MOENS BART  https://www.bartmoens.be/vacatures
2026-07-24  MOBIUS BUSINESS REDESIGN  https://www.mobius.eu/en/jobs
2026-07-24  MODUVAN  https://jobs.moduvan.be/technieker
2026-07-24  MO MADE  https://momadecupcakes.be/vacatures/
2026-07-24  MOOTRANS  https://www.mootrans.be/jobs
2026-07-24  MSI INFRA  https://www.msigroup.be/vacatures/
2026-07-24  MOVE INTERMODAL  https://move-intermodal.com/jobs
2026-07-24  MTD BIO proizvodno, storitveno in trgovsko podjetje d.o.o  https://mtd-bio.si/en/careers/
2026-07-24  MVA Engineering  https://mva-engineering.be/jobs/
2026-07-24  Maf  https://www.maf.team/vacatures/
2026-07-24  Manuport Africa Logistics  https://www.manuport-logistics.com/jobs
2026-07-24  MannenNetwerk  https://mannennetwerk.org/vacatures/
2026-07-24  Matco International Belgium  https://matco-international.com/nl/vacatures/
2026-07-24  MedEX  https://www.medex.health/en/careers
2026-07-24  Maxxium Belux  https://www.maxxiumbelux.be/leeftijdsverificatie/?continue=https%3A%2F%2Fwww.maxxiumbelux.be%2Fover-ons-maxxium%2F#vacatures
2026-07-24  Meclinas  https://meclinas.com/jobs/
2026-07-24  MediPortal  https://www.mediportal.be/nl/jobs
2026-07-24  Medevendis  https://curendis.be/vacatures/
2026-07-24  Mema Machinery & Tools  https://www.mema.be/jobs
2026-07-24  Meyland  https://meyland.be/jobs/
2026-07-24  Meubelzorg  https://meubelzorg.be/vacatures/
2026-07-24  Metalced  https://metalced.be/metalced/vacatures/
2026-07-24  Miinto BE  https://www.miinto.be/jobs
2026-07-24  Mihthra  https://ekowinkel.eu/over-ons/werken-bij/
2026-07-24  Metaalwerk Hancke  https://hancke.be/jobs/
2026-07-24  MonkeyMonkey  https://www.monkeymonkey.be/jobs
2026-07-24  Motena  https://www.motena.be/vacatures
2026-07-24  Movias  https://movias.eu/jobs/
2026-07-24  Move & Store  https://verhuizingenbonte.be/jobs/
2026-07-24  Movita  https://movita.be/vacatures/
2026-07-24  NEST architecten  https://www.nestarchitecten.be/jobs
2026-07-24  NESTOR COMPANY  https://nestorcompany.be/vacatures/
2026-07-24  NEUTRAAL ZIEKENFONDS VLAANDEREN  https://jobs.nzvl.be/nl
2026-07-24  NEW HOME STYLE  https://newhomestyle.be/careers-listing/
2026-07-24  NOMA  https://www.noma.be/nl/nieuws/categorie/jobs
2026-07-24  NOVEN  https://noven.be/jobs
2026-07-24  NV SAS INSTITUTE SA  https://www.sas.com/en_us/careers.html
2026-07-24  NORMON IT SERVICES  https://genius.be/vacatures/
2026-07-24  Natuursteen Familie  https://www.natuursteenfamilie.be/jobs
2026-07-24  Nactarome  https://www.nactarome.com/about-us/careers/
2026-07-24  NUYTTENS AUTOMATISATIE  https://nuyttensautomatisatie.be/jobs/
2026-07-24  Neuroform  https://neuroform-mechelen.be/jobs/
2026-07-24  NextGenics  https://www.nextgenics.co/careers
2026-07-24  New Vision Oogkliniek Zuid Antwerpen  https://www.newvision.be/vacatures/
2026-07-24  Nivoo3  https://nivoo3.com/jobs/
2026-07-24  Novitan  https://www.novitan.com/careers
2026-07-24  OASE  https://www.oase.com/nl-NL/jobs
2026-07-24  ODOT  https://odot.be/jobs/
2026-07-24  OCTOPUS  https://www.octopus.be/nl/vacatures/
2026-07-24  OHNE Merelbeke  https://www.ohne.be/vacatures
2026-07-24  OFFICINALL  https://officinall.be/vacatures
2026-07-24  ONAFHANKELIJK CONTROLE BUREEL  https://www.ocb.be/jobs
2026-07-24  OMGEVING  https://omgeving.be/jobs/
2026-07-24  OOGKLINIEK  https://oogkliniek.be/vacatures/
2026-07-24  OPSLAG EN DISTRIBUTIE TER HAEGHE  https://www.odth.be/werken-bij/
2026-07-24  ORA Academy  https://www.oragroup.be/vacatures/
2026-07-24  ORFIT INDUSTRIES  https://www.orfit.com/jobs
2026-07-24  ORISON  https://www.orison.be/werken-bij
2026-07-24  ORTHOBROKER  https://www.orthobroker.com/en/jobs/
2026-07-24  OXFAM-WERELDWINKEL DENDERMONDE-BUGGENHOUT  https://oxfambelgie.be/vacatures
2026-07-24  Office-It  https://office-it.be/vacatures/
2026-07-24  Openbaar Centrum voor Maatschappelijk Welzijn van Heuvelland  https://www.heuvelland.be/jobs
2026-07-24  Openbaar Centrum voor Maatschappelijk Welzijn van Hamme (Vl.)  https://www.hamme.be/vacatures
2026-07-24  Openbaar Centrum voor Maatschappelijk Welzijn van Diksmuide  https://www.diksmuide.be/vacatures
2026-07-24  Openbaar Centrum voor Maatschappelijk Welzijn van Londerzeel  https://www.londerzeel.be/vacatures
2026-07-24  Openbaar Centrum voor Maatschappelijk Welzijn van Nieuwpoort  https://www.nieuwpoort.be/jobs
2026-07-24  Openbaar Centrum voor Maatschappelijk Welzijn van Kortrijk  https://www.kortrijk.be/werken-bij-kortrijk
2026-07-24  Openbaar Centrum voor Maatschappelijk Welzijn van Ninove  https://www.ninove.be/lopende-vacatures-2
2026-07-24  Openbaar Centrum voor Maatschappelijk Welzijn van Temse  https://www.temse.be/vacatures
2026-07-24  Opticor  https://www.opticor.be/jobs
2026-07-24  Organi  https://www.organi.be/vacatures/
2026-07-24  Oudsbergen BSS  https://jobs.brunofoodcorner.be/
2026-07-24  Oximo  https://www.oximo.be/nl/vacatures
2026-07-24  PARIS LONDRES  https://www.parislondres.be/nl/jobs
2026-07-24  PASISTONE  https://www.pasistone.be/nl/natuursteen-tegels.htm
2026-07-24  Openbaar Centrum voor Maatschappelijk Welzijn van Huldenberg  https://jobs.huldenberg.be/nl
2026-07-24  PEINSER  https://peinser.com/jobs/
2026-07-24  PETERS MODE  https://marktboetieknina.be/jobs/
2026-07-24  PETERS MASCHINENBAU A.G  https://www.peters-mixer.com/jobs
2026-07-24  PIPPA  https://www.pippakinderschoenen.be/nl/vacatures
2026-07-24  PICS  https://www.pics.be/nl/vacatures/
2026-07-24  PME  https://pme-benelux.com/jobs/
2026-07-24  POHLMANN ENGINEERING  https://www.pohlmann.engineering/jobs/
2026-07-24  POLLERS EN ZONEN  https://www.pollers.be/vacatures/
2026-07-24  PONNET  https://www.bakkerijponnet.be/jobs
2026-07-24  POZYX  https://www.pozyx.io/company/careers
2026-07-24  PPC Pools  https://www.ppcpools.be/jobs/
2026-07-24  PRODATA SYSTEMS  https://www.prodata-systems.be/jobs
2026-07-24  Packyard BE  https://packyard.pro/jobs
2026-07-24  Paragram  https://paragram.be/jobs
2026-07-24  Patisserie Millet  https://www.patisseriemillet.be/nl/vacatures
2026-07-24  Parfiné  https://parfine.be/vacatures
2026-07-24  PayBIX  https://www.paybix.eu/jobs
2026-07-24  Petraea Groep  https://www.a-opdebeeck.be/vacatures
2026-07-24  Physiomotion  https://physiomotion.be/vacatures/
2026-07-24  Plinius Labs  https://www.pliniuslabs.com/careers
2026-07-24  Plaatsgebrek  https://plaatsgebrek.be/jobs
2026-07-24  Poledance Antwerp  https://www.poledanceantwerp.be/nl/jobs
2026-07-24  Potteau  https://potteau.be/nl/index.php
2026-07-24  Port+  https://portplus.be/careers/
2026-07-24  Praktijk 318  https://praktijk318.be/vacatures/
2026-07-24  Preston Innovations Europe  https://www.prestoninnovations.com/careers
2026-07-24  Prevebo  https://www.prevebo.be/vacatures
2026-07-24  Prigoza  https://www.prigoza.be/vacatures-bij-prigoza/
2026-07-24  Proefcentrum Fruitteelt  https://www.pcfruit.be/vacatures
2026-07-24  Prodigiz  https://www.prodigiz.be/jobs/
2026-07-24  Prowize  https://prowize.be/vacatures/
2026-07-24  Q-FIN+  https://www.q-finplus.be/jobs/
2026-07-24  QUADRANT  https://www.quadrant.be/vacatures/
2026-07-24  Q-support  https://q-support.be/careers/
2026-07-24  Qbound  https://ontwerpia.be/vacatures/
2026-07-24  Qualis Ingenieurs & Architecten  https://www.qualis-ingenieurs.be/nl/vacatures
2026-07-24  RDS  https://rds.eu/nl/jobs
2026-07-24  REBELCO 2000  https://wolkat.com/vacatures/
2026-07-24  RECYCLING SOLUTIONS PUT BOUDEWIJN  https://resolbelgium.be/vacatures
2026-07-24  REGENERATION  https://resortecs.com/careers/
2026-07-24  REMANT AFRICA LOGISTICS  https://remant.be/nl/jobs/#vacatures
2026-07-24  REM. B  https://www.rem-b.com/nl/careers/
2026-07-24  REVILAX  https://www.revilax.be/vacatures/
2026-07-24  RIJSCHOLEN SECURA  https://www.secura.be/jobs
2026-07-24  RMIG  https://rmig.com/careers/
2026-07-24  ROAM TECHNOLOGY  https://roamtechnology.com/jobs/
2026-07-24  RUMEX  https://rumex.be/jobs/
2026-07-24  RUWELKA VERZEKERINGEN  https://www.ruwelka-verzekeringen.be/nl/vacatures
2026-07-24  Resilient  https://resilientsecurity.be/jobs/
2026-07-24  Reynassur  https://www.reynassur.be/vacatures
2026-07-24  RiskConcile  https://www.riskconcile.com/careers/
2026-07-24  Resonans  https://resonansvzw.be/vacatures/
2026-07-24  Rotrafic  https://www.rotrafic.be/nl/jobs
2026-07-24  RouteYou  https://www.routeyou.com/en/jobs
2026-07-24  Ryhove  https://www.ryhove.be/vacatures
2026-07-24  SAAMO Limburg  https://www.saamolimburg.be/nl/jobs
2026-07-24  SAP BELGIUM - SYSTEMS APPLICATIONS AND PRODUCTS  https://jobs.sap.com/
2026-07-24  SANLUC INTERNATIONAL  https://www.sanluc.be/jobs/
2026-07-24  SAVIC  https://www.savic.be/jobs
2026-07-24  SAY HEY  https://www.sayhey.be/nl/jobs
2026-07-24  SECURAS  https://www.securas.be/nl/vacatures
2026-07-24  SERVICO  https://www.servico.be/nl/vacatures
2026-07-24  SEVOCOMM  https://sevocomm.com/en/careers
2026-07-24  SHYPPLE BELGIUM  https://careers.shypple.com/
2026-07-24  SKIALL  https://skiall.be/vacatures
2026-07-24  SINT-BARBARACOLLEGE  https://www.sint-barbara.be/vacatures
2026-07-24  SOCRAI  https://www.socrai.com/jobs
2026-07-24  SOLVER SOLUTIONS  https://www.solver-solutions.com/404
2026-07-24  SOLID TALENT  https://jobs.solid-talent.be/
2026-07-24  SOLVARI BELGIË  https://www.solvari.be/nl/vacatures
2026-07-24  SONITRON  https://www.sonitron.be/careers/
2026-07-24  SOMNIS BEDDING  https://somnis.com/jobs/
2026-07-24  SOLTECH  https://soltech.be/vacatures/
2026-07-24  SPARKLINK  https://sparklink.be/nl/jobs
2026-07-24  SPECULAASJE HEYNS  https://www.speculaasjeheyns.be/vacatures/
2026-07-24  SPRANCO  https://spranco.be/vacatures/
2026-07-24  STARCONSTRUCT  https://www.starconstruct.be/vacatures/
2026-07-24  STARK  https://www.stark.be/nl/vacatures
2026-07-24  SPOOR 56  https://spoor56.be/jobs/
2026-07-24  STORA ENSO LANGERBRUGGE  https://storaenso.wd502.myworkdayjobs.com/Stora_Enso_site_opportunities
2026-07-24  STORM 85  https://www.storm.be/jobs
2026-07-24  STUDENTENVERENIGING INDUSTRIA  https://industria.be/
2026-07-24  STUDIO KIMCHI  https://www.studiokimchi.be/vacatures
2026-07-24  SUNDAY GROUP  https://teamsunday.com/careers
2026-07-24  SYNTRA WEST  https://syntrawest.be/portaal-jobsite-syntra-west
2026-07-24  Salvatoriaanse Ontwikkelingshulp  https://salvatorhulp.org/wie-zijn-wij/team.html
2026-07-24  Sarco  https://www.sarco.be/nl/jobs
2026-07-24  Savat Mike en Co  https://mikeinterieur.be/nl/vacatures
2026-07-24  SWIFT AGENCY  https://swift.be
2026-07-24  Scholengemeenschap Driespan  https://www.driespanwingene.be/vacatures
2026-07-24  ScioTeq  https://www.scioteq.com/en/jobs
2026-07-24  Sedgwick Belgium  https://jobs.sedgwick.com/job-opportunities/
2026-07-24  Securityland Projects  https://securityland.be/vacatures/
2026-07-24  Senso2Me  https://senso2.me/jobs/
2026-07-24  Sentea  https://sentea.com/jobs/
2026-07-24  Scholengemeenschap WIJS! Secundair onderwijs  https://sowijs.be/2023/12/20/vacatures-binnen-sg-wijs/
2026-07-24  Sitemark  https://www.sitemark.com/company/careers/
2026-07-24  SiteManager  https://www.sitemanager.io/careers/
2026-07-24  Sky Fleet  https://www.reni-aviation.com/jobs
2026-07-24  Smeyers-TU  https://smeyers-tu.be/
2026-07-24  Smooth Sailing  https://smoothsailing.be/careers
2026-07-24  Sociale Werkplaatsen - WEB  https://webwerkt.be/jobs/
2026-07-24  Solidaris, socialistische mutualiteit van de provincie West-Vlaanderen  https://jobs.solidaris.be/
2026-07-24  Solhyd  https://odoo.solhyd.eu/nl/jobs
2026-07-24  Staav  https://www.staav.be/jobs
2026-07-24  Steeright Digital And Cloud Solutions  https://steeright.eu/careers/
2026-07-24  Stroom Brouwers  https://stroombrouwers.be/home/jobs/
2026-07-24  SymphonyAI NetReveal Belgium  https://jobs.symphonyai.com/jobs
2026-07-24  Synchestra International  https://synchestra.ai/jobs
2026-07-24  T-Adventure vzw  https://www.t-adventure.be/jobs
2026-07-24  Synergy@Work  https://www.synergyatwork.be/nl-be/jobs
2026-07-24  TANDARTSENPRAKTIJK STEVEN VAN ECHELPOEL  https://tandartsen-vanechelpoel.be/jobs/
2026-07-24  TATA STEEL BELGIUM SERVICES  https://www.tatasteel.com/careers
2026-07-24  TCS Biosciences EU  https://www.tcsbiosciences.co.uk/?404
2026-07-24  TEAMTEL  https://teamtel.be/jobs/
2026-07-24  TECHWORKS  https://www.techworks.be/jobs
2026-07-24  TANDARTSENPRAKTIJK CLINIDENTA  https://clinidenta.be/vacatures/
2026-07-24  TENDACOR  https://tendacor.be/jobs/
2026-07-24  THE CONCEPT GROUP  https://www.tcog.be/vacatures/
2026-07-24  THIBO VERZEKERINGEN  https://www.thiboverzekeringen.be/nl-be/jobs
2026-07-24  THE ARTISTOCRATS  https://www.the-artistocrats.com/jobs
2026-07-24  TIP TOP BELTING  https://www.tiptopbelting.be/vacatures
2026-07-24  TOP SPEED  https://www.top-speed.be/jobs
2026-07-24  TOELEVERINGSBEDRIJF VAN LANDUYT  https://www.tvl-vanlanduyt.be/vacatures/
2026-07-25  ANTHONIS-VERZEKERINGEN  https://www.anthonis-verzekeringen.be/nl-be/jobs
2026-07-25  Landmeterskantoor Van Eester  https://jobs.landmetervaneester.be/nl/
2026-07-25  MEANDER  https://www.meander.be/jobs
2026-07-25  METAPLEX  https://www.metaplex.be/jobs
2026-07-25  Miezerik Alumni vzw  https://miezerik.be/jobs
2026-07-25  Moonen Vliegen assur  https://www.mv-assur.be/nl-be/jobs
2026-07-25  Music for Kids Leuven  https://www.musicforkidsleuven.be/vacatures/
2026-07-25  Opleidingsaanbod met een Recreatieve en Kindvriendelijke Aanpak - Sport VZW  https://www.orka-sport.be/jobs
2026-07-25  PRO GEAR  https://www.progear.be/nl/jobs
2026-07-25  Poutrix, Vereniging zonder winstoogmerk  https://www.poutrix.be/vacatures/
2026-07-25  Projecten Voor Burgers VZW  https://www.projecthaaltert.be/vacatures
2026-07-25  Proxin  https://proxin.be/jobs/
2026-07-25  Qzem Holding  https://www.qzem.be/vacatures/
2026-07-25  SANTY-VERHEYE-VANDEPLASSCHE  https://www.kantoorsvv.be/nl-be/jobs
2026-07-25  SPARKEL COMMUNICATION  https://www.sparkel.be/jobs/
2026-07-25  SPORT AND SPINE  https://www.sportandspine.be/vacatures/
2026-07-25  THISSEN BILJARTS  https://www.thissen.be/jobs
2026-07-25  TOPORAMA  https://www.toporama.be/jobs
2026-07-25  TOSTER SOFTWARE  https://www.toster.be/jobs/
2026-07-25  TRANSAGRO BOUTON  https://www.bouton.be/nl/jobs/vacatures/
2026-07-25  TRANSCON LOGISTICS  https://www.transconfreight.be/jobs
2026-07-25  TRENDMINER  https://trendminer.jobs.personio.com/
2026-07-25  TRANSLAB ENVIRONMENTAL CONSULT  https://translab.be/asbest/werken-bij-translab/
2026-07-25  TRIPLECLICK  https://tripleclick.be/jobs
2026-07-25  Tally  https://tally.so/careers
2026-07-25  Tandzorg Leuvensepoort  https://www.tandzorgleuvensepoort.be/vacatures
2026-07-25  Targa Media  https://www.homeentrends.be/vacatures/
2026-07-25  Teamacademy  https://teamservices.eu/vacatures/
2026-07-25  The House of Coaching  https://www.thehouseofcoaching.com/nl/jobs
2026-07-25  The House Matcher  https://www.collibri-transport.be/vacatures
2026-07-25  The Mocktail Club  https://themocktailclub.com/
2026-07-25  Tilroy  https://www.tilroy.com/vacatures
2026-07-25  Timefold  https://jobs.timefold.ai/
2026-07-25  TinQwise Belgium  https://www.tinqwise.com/nl/vacatures
2026-07-25  Transport Marcel Depaire  https://www.depaire.com/nl/jobs
2026-07-25  Twixl media  https://www.twixlmedia.com/jobs
2026-07-25  UAUcollectiv 4 Architecture  https://uaucollectiv.com/jobs/
2026-07-25  URBANISTO  https://urbanisto.bike/
2026-07-25  UZIN UTZ BELGIË - UZIN UTZ BELGIQUE  https://be.uzin-utz.com/jobs/vacatures
2026-07-25  Union Biometrica  https://www.unionbio.com/careers/
2026-07-25  V.S.C  https://jobs.ixina.be/nl
2026-07-25  VAN DE VLIET A.E  https://www.aeweighingsystems.be/nl/404-Error-Page/
2026-07-25  VAN DEN BERGE KACHELS EN HAARDEN  https://www.kachelsvandenberge.be/vacatures
2026-07-25  VAN DE PUT & CO Private Bankers  https://www.vandeput.be/carrieres/
2026-07-25  VAN HEUVERSWIJN THOMAS  https://www.markantdecor.be/vacatures/
2026-07-25  VAN WAMBEKE VERZEKERINGSKANTOOR  https://www.vanwambekeverzekeringen.be/nl/vacatures
2026-07-25  VAN der GOTEN  https://www.topofit.be/nl/vacatures
2026-07-25  VAN MAELE BENELUX  https://www.vanmaelebenelux.be/jobs
2026-07-25  VANDIJCK AGRARISCH CENTRUM  https://www.vandijcknv.be/jobs
2026-07-25  VANDENAMEELE  https://drankenvandenameele.be/jobs/
2026-07-25  VANPETEGHEM A. & G  https://vanpeteghem-online.be/nl/jobs
2026-07-25  VANIITAS  https://www.vaniitas.com/jobs/
2026-07-25  VERBINT  https://verbint.be/vacatures
2026-07-25  VEREYCKEN & VEREYCKEN  https://www.vereycken.be/nl/vacatures
2026-07-25  VERRIPA  https://www.driessens.be/vacatures
2026-07-25  VERZEKERINGEN MIDDERNACHT  https://www.insucover.be/nl-be/jobs
2026-07-25  VERZEKERINGEN MUYLAERT  https://www.verzekeringenmuylaert.be/vacatures/relatiebeheerder
2026-07-25  VITA  https://www.vita.be/jobs
2026-07-25  VLAAMSE DIENST SPEELPLEINWERK  https://www.speelplein.net/stage_en_werken_VDS
2026-07-25  VIRTUAL - POWER  https://virtual-power.be/vacatures/
2026-07-25  VMS CONSULT  https://www.vms-consult.be/jobs
2026-07-25  VOGELBESCHERMING VLAANDEREN  https://www.vogelbescherming.be/over-ons/vacatures/
2026-07-25  VIGINTUS  https://vigintus.be/vacatures
2026-07-25  VZW Katholiek Secundair Onderwijs Diksmuide  https://www.tsaam.be/jobs
2026-07-25  Van Gucht  https://jobs.bloemenvangucht.be/
2026-07-25  Vaikon  https://www.vaikon.com/jobs
2026-07-25  Van Snick, Kirsten & Partners  https://www.vansnick.be/nl-be/jobs
2026-07-25  VanQuip  https://www.vanquip.be/nl/jobs
2026-07-25  Van der Meiren  https://www.sleepinn.be/nl/jobs
2026-07-25  Verzekeringen Devolder  https://www.verzekeringendevolder.be/vacatures
2026-07-25  ViTalent  https://vitalent.be/vacatures/
2026-07-25  Vinalfood  https://www.vinalfood.com/jobs
2026-07-25  W33A  https://www.axyma.com/vacatures
2026-07-25  WALTH  https://www.walth.be/werken-bij-walth/
2026-07-25  WAX-IT  https://www.wax-it.be/jobs
2026-07-25  WEBER ET CIE S.à.r.l  https://www.beton-weber.lu/jobs
2026-07-25  WELD - TOORTS  https://www.weld-toorts.be/
2026-07-25  WELLBEING.AI  https://www.wellbeing.ai/jobs-belgium/
2026-07-25  WHITEMILK  https://www.whitemilk.be/en/jobs
2026-07-25  WHAT REMAINS  https://www.standaardboekhandel.be/werken-bij-ons
2026-07-25  WIDAR FONDS  https://widar.be/vacatures/
2026-07-25  WOLFSON TECH  https://fidushare.com/vacatures/
2026-07-25  WITBLAD  https://www.witblad.com/jobs
2026-07-25  WeKonnekt  https://www.wekonnekt.be/vacatures
2026-07-25  We Sell Our Furniture  https://wesellourfurniture.com/jobs/
2026-07-25  Werkhuizen Coysman  https://www.werco.be/nl/jobs/
2026-07-25  Wijzer  https://www.wijzerkeuringen.be/jobs
2026-07-25  WinWinner Crowd  https://www.winwinner.be/team
2026-07-25  Willows Holding  https://www.collectonline.eu/careers
2026-07-25  Windfarm Tongeren-Oost  https://www.renner-energies.com/nl/jobs
2026-07-25  Working In a Safe Environment  https://www.getwise.be/vacatures
2026-07-25  Wouters Cutting & Welding  https://wcw.be/jobs/
2026-07-25  YGO  https://www.ygo.be/vacatures
2026-07-25  Yoin  https://www.yoin.be/nl
2026-07-25  YUSO  https://yuso.com/nl/vacatures
2026-07-25  Z-Landmeters  https://zlandmeters.be/vacatures
2026-07-25  ZAKENKANTOOR VINGERHOETS  https://www.verzekeringenvingerhoets.be/nl-be/jobs
2026-07-25  ZERO TRUST  https://zero-trust.be/careers
2026-07-25  ZETELFABRIEK DURLET  https://www.durlet.com/nl/jobs
2026-07-25  aNNo Architecten  https://www.annoarchitecten.be/jobs
2026-07-25  arQ | ArchitectenStudio  https://www.arq.be/jobs
2026-07-25  architecten- en studiebureau DENC-STUDIO  https://www.denc-studio.be/vacatures
2026-07-25  basement  https://www.basement.be/jobs
2026-07-25  bestowin  https://www.bestowin.be/careers
2026-07-25  de Refuge  https://www.derefuge.be/nl
2026-07-25  edilon)(sedra Belgium  https://www.edilonsedra.com/
2026-07-25  eFFkes  https://www.flancaramel.be/vacatures/
2026-07-25  hedebouw  https://www.hedebouw.be/jobs
2026-07-25  iSide  https://www.iside.be/nl/over-iside/#vacancies
2026-07-25  platform architectuur  https://www.platform.be/jobs/
2026-07-25  xyzt.ai  https://jobs.allthingsblue.eu/
2026-07-25  180 Degrees Consulting Leuven  https://180dc.org/
2026-07-25  100 KM DODENTOCHT-KADEE  https://www.dodentocht.be/medewerker/vacatures/
2026-07-25  A-Stay  https://a-stay.com/jobs
2026-07-25  A-count  https://www.a-count.be/vacatures
2026-07-25  ABC Verhelst Accountancy  https://www.abcverhelst.be/jobs
2026-07-25  ABC Boxes - ABC Verhelst Consultancy  https://www.abcboxes.be/vacatures
2026-07-25  AAFINLO  https://aafinlo.be/jobs/
2026-07-25  ACCOUNTANTSKANTOOR SKR  https://www.fvsservices.be/jobs
2026-07-25  ACE CANELLE  https://www.labrise.be/jobs
2026-07-25  ACTIPHONE  https://actiphone.be/jobs/
2026-07-25  AD - MINISTERIE  https://ad-ministerie.be/jobs/
2026-07-25  ADG STUDIOS  https://linktr.ee/s/about/careers
2026-07-25  ADVOCATENKANTOOR BEELE  https://www.be-law.eu/jobs
2026-07-25  ADVOCATENKANTOOR PIEDFORT & WILLEMS  https://www.ondernemenindekempen.nl/jobs
2026-07-25  ADVOCATENKANTOOR DESDALEX  https://desdalex.be/vacatures/
2026-07-25  AI-D  https://ai-d.be/jobs/
2026-07-25  ALERTIS  https://www.alertis.be/404
2026-07-25  ALTEOR  https://www.alteor.be/niet-gevonden?aspxerrorpath=/jobs
2026-07-25  ALTech VOF  https://www.altech61.be/vacatures
2026-07-25  AQUAENERGIA  https://www.aquaenergia.be/sleutelfuncties/
2026-07-25  ARDEK  https://www.ardek.be/vacatures/
2026-07-25  ASOBV  https://www.operaballet.be/nl/werken-bij-opera-ballet-vlaanderen
2026-07-25  ATM Labs  https://www.4mica.xyz/careers
2026-07-25  AV CONSULTING  https://www.deboekhouding.be/
2026-07-25  AXIS FINANCE  https://www.axisfinance.be/vacatures
2026-07-25  Accountantskantoor Fiscall  https://www.finfuture.be/vacatures/
2026-07-25  Accounting en Computing  https://clybouw.net/vacatures
2026-07-25  Advieskantoor Walravens-De Dender  https://www.awdd.be
2026-07-25  Advizier  https://www.advizier.be/vacatures
2026-07-25  Advies en Alarmsystemen  https://www.alarmadvies.be/jobs
2026-07-25  Advocatenkantoor BIESEMANS  https://www.tka-jur.be/nl/vacatures
2026-07-25  Advertised  https://www.advertised.be/vacatures
2026-07-25  Advocatenkantoor Mieke Verplancke  https://vaneeghem.com/
2026-07-25  Advocatenkantoor P-J Van Aken  https://www.va-advocatenkantoor.be/vacatures
2026-07-25  Agrafa Affichage  https://agrafa.be/nl/jobs
2026-07-25  Anja.Gent vzw  https://www.anja.gent/jobs
2026-07-25  Anima  https://www.anima.be/jobs
2026-07-25  Arktos  https://www.arktos.be/jobs
2026-07-25  Artisan Classic Cars  https://www.artisanclassiccars.be/jobs
2026-07-25  Autonoom Gemeentebedrijf Infrastructuur Maaseik  https://www.maaseik.be/jobs
2026-07-25  Autonoom gemeentebedrijf Westerlo  https://www.westerlo.be/vacatures
2026-07-25  B.R.D. Holding  https://www.bonne-gent.be/vacatures/
2026-07-25  BATALJONG  https://bataljong.be/vacatures
2026-07-25  BELSITIS  https://baracita.be/jobs/
2026-07-25  BEVA PLUS  https://www.bevaplus.be/jobs
2026-07-25  BLOMO  https://www.blomo.be/vacatures
2026-07-25  BOEKHOUDKANTOOR PROBUFISC  https://www.probufisc.com/jobs/
2026-07-25  BOOSTU  https://boostu.be/jobs
2026-07-25  BUFFL  https://www.buffl.be/
2026-07-26  Echo Thuisverpleging  https://planet-group.be/nl/werken-bij-planet-group/
2026-07-26  FINANCIEEL MAATWERK – PAAL  https://kantoorcamps.be/vacatures/
2026-07-26  Mili Hoevezuivel  https://milihoevezuivel.be/jobs/
2026-07-26  TOM VAN STEENKISTE  https://www.tvstransport.be/nl/jobs
2026-07-26  TOPWARE SYSTEMS  https://tws.be/jobs/
2026-07-26  TRAFIROAD  https://jobs.trafiroad.be/nl
2026-07-26  TRAFFIX  https://www.traffix.be/jobs/
2026-07-26  TRANS - BETON  https://trans-beton.be/jobs/
2026-07-26  TRAPO BELGIUM  https://www.trapo.eu/nl/over-trapo/werken-bij-trapo/
2026-07-26  TYLES  https://www.tyles.be/nl/vacatures
2026-07-26  Team voor Architectuur, Landschap, Urbanisme en Design  https://talud.eu/jobs/
2026-07-26  TelSmart  https://www.telsmart.eu/jobs/
2026-07-26  Tempus Thuisverpleging  https://tempus-thuisverpleging.be/jobs/
2026-07-26  Tetravision  https://tetravision.be/vacatures/
2026-07-26  Thinline  https://www.thinline.be/werken-bij-thinline
2026-07-26  Thienpont Containerdienst, Thienpont Containerdienst & Afvalbeheer, Thienpont Afvalbeheer, Thienpont Recyclage, Thienpont E&N  https://www.containersthienpont.be/vacatures/
2026-07-26  Thruvo  https://thruvo.be/vacatures/
2026-07-26  Transport De Swaef  https://selectacars.com/vacatures/
2026-07-26  URBAAN  https://www.burostiel.be/jobs
2026-07-26  UNITED PACKAGING INDUSTRY  https://upibags.com/nl/werken-bij-upi/
2026-07-26  Union  https://www.unionmachines.com/jobs
2026-07-26  Uitgeverij De Eenhoorn  https://eenhoorn.be/vacatures/
2026-07-26  United Contractors Team  https://jobs.uct.eu/
2026-07-26  V.D.W. CONSTRUCTIE  https://www.vdw.be/vacatures/
2026-07-26  VAARSCHOOL  https://www.vaarschool.be/jobs
2026-07-26  VAN CAUDENBERG  https://www.transport-vancaudenberg.be/language_selection_page?destination=/vacatures
2026-07-26  VAN DEN NEST HOUT – BOUW & INTERIEUR  https://vandennest.be/jobs/
2026-07-26  VAN HULLE BOUWSERVICE  https://vanhullebouw.be/jobs
2026-07-26  VAN MEEUWEN LUBRICATION  https://vanmeeuwen.com/werken-bij/
2026-07-26  VANDEN DAELE  https://vandendaele.be/jobs/
2026-07-26  VANDAELE MACHINERY  https://www.vandaele-machinery.be/nl/vacatures
2026-07-26  VANRO CNC  https://www.vanro.be/jobs
2026-07-26  VD compressors  https://vdcompressors.be/vacatures/
2026-07-26  VAT GROUP AUTO-ANTWERPEN  https://www.buga-auto.be/jobs
2026-07-26  VERZEKERINGEN JOS DE LAET  https://www.delaetverzekeringen.be/nl-be/jobs
2026-07-26  VL TECHNICS  https://jobs.vltechnics.com/
2026-07-26  VITIS VIN  https://b2b.vitisvin.be/jobs/
2026-07-26  Van Hove en Co  https://www.vanhove.be/vacatures/
2026-07-26  Velocity  https://velocity.be/nl/jobs
2026-07-26  Verstraete K&J  https://hoeveslagerijverstraete.be/jobs-2/
2026-07-26  Vermeir Lansen Montage  https://vlmontage.be/nl/vacatures/
2026-07-26  Vervaet Verhuis  https://www.vervaetverhuis.be/nl/jobs
2026-07-26  Verzekeringen Verheyen & Machiels  https://uwverzekeringsexpert.be/vacatures/
2026-07-26  Vincenthof  https://www.vincenthof.be/jobstudent-verpleegkunde-zorgkunde/
2026-07-26  Virto Solar  https://virto.solar/jobs/
2026-07-26  Vlaamse Vereniging voor Respiratoire Gezondheidszorg en Tuberculosebestrijding  https://www.respiratoiregezondheid.be/vacature-overzicht
2026-07-26  Vulkoprin  https://vulkoprin.be/nl/
2026-07-26  WELDERS FILTRATION TECHNOLOGY  https://www.wft.be/nl/jobs/
2026-07-26  WOON EN ZORGCENTRUM DE LINDE  https://wzc-delinde.be/vacatures/
2026-07-26  Waterleau Technics  https://waterleau-technics.be/jobs/
2026-07-26  Webclix  https://www.webclix.be/jobs
2026-07-26  Westvlaams Tegelhuis  https://westvlaamstegelhuis.be/jobs
2026-07-26  Woonpartners  https://www.woonpartners.be/werken-bij-woonpartners
2026-07-26  X ARCHITECTEN  https://xarchitecten.be/vacatures/
2026-07-26  YERGA  https://www.yerga.be/nl/werken-bij
2026-07-26  ZUIVELHOEVE KEYMEULEN  https://www.kaasboerderij.be/vacatures
2026-07-26  ZMACK  https://zmack.be/vacatures/
2026-07-26  Ziedoes  https://www.ziedoes.be/jobs/
2026-07-26  Zuidnatie  https://zuidnatie.be/vacatures/
2026-07-26  a2o-architecten  https://www.a2o.be/jobs
2026-07-26  innovatiecentrum grote beer  https://www.icgrotebeer.be/vacatures
2026-07-26  reverence  https://reverence.be/jobs
2026-07-26  signum+ architects  https://www.signum.be/bureau/vacatures/
2026-07-26  vdk bank  https://www.vdk.be/nl/particulieren/werken-bij-vdk-bank
2026-07-26  ’t ruimerke  https://www.ruimerke.be/nl
2026-07-26  “PICOBELLOHORSES”, “PICOBELLO HORSES”, “PICOBELLO-HORSES”, “LUC RUANT AGENCIES”, “LRA”  https://www.lra.be/nl/jobs
2026-07-26  “ProfitPlus”, “ProfitPlus Business Software”, “ProfitPlus Sprint” en “ProfitPlus Sprint Business Software”  https://profitplus.be/jobs/
2026-07-26  “LUCAS MEUBELEN HAALTERT – ROOSDAAL” / ”TREND LINE by LUCAS” / ”TREND LINE”  https://meubelenlucas.be/vacatures/
2026-07-26  3WPLUS WERK  https://www.3wplus.be/vacatures
2026-07-26  4Best Projects  https://jobs.www@4best.be/
2026-07-26  4Best  https://4best.be/vacatures/
2026-07-26  711  https://jobs.711.nl/nl
2026-07-26  2M Consulting, Accountants en Belastingconsulenten  https://www.2mconsulting.be/werken-bij-online-casino/
2026-07-26  A&F Catering  https://www.artandfood.be/vacatures/
2026-07-26  A. Coppin & Partners  https://www.acoppin.be/jobs
2026-07-26  A & B PARTNERS AALST  https://abpartners.be/werken-bij-ab/
2026-07-26  A.M.A  https://www.amahaarden.com/jobs
2026-07-26  A. Haneveer  https://haneveer.be/
2026-07-26  AANNEMINGEN BETONBORINGEN ZABO  https://www.zabo.be/jobs
2026-07-26  ACADEM  https://www.academ.be/jobs
2026-07-26  ACCOUNTANTS NOORDERKEMPEN  https://www.accn.be/vacatures
2026-07-26  ACCOUNTANTSKANTOOR DE GEYTER  https://www.accountancydegeyter.be/vacatures/
2026-07-26  ACCOFISKA TERNAT  https://www.accofiska.be/vacatures/
2026-07-26  ADAK  https://www.alpas.be
2026-07-26  ACTOPLUS  https://actoplus.be/werken-bij-actoplus/
2026-07-26  ADREM KEUKENS  https://www.adremkeukens.be/werken-bij
2026-07-26  AFSLUITINGEN BRACÉ  https://afsluitingenbrace.be/vacatures/
2026-07-26  AHA CONSULTING  https://at4u.be/vacatures/
2026-07-26  AIR SERVICE CENTER  https://www.airservice.be/index.html
2026-07-26  AIRTECH VENTILATIE  https://airtech.be/vacatures/
2026-07-26  ANTWERPS BOEKHOUDKANTOOR  https://www.abeka.be/jobs/
2026-07-26  APB Provinciaal Recreatiedomein Zilvermeer  https://www.zilvermeer.be/vacatures
2026-07-26  ARGUENDO  https://arguendo.be/careers/
2026-07-26  ASANTI  https://asanti.be/vacatures/
2026-07-26  ARTgreen-tuinen  https://www.artgreen-tuinen.be/werken-bij/
2026-07-26  AXENTIS  https://www.axentis.be/jobs/
2026-07-26  AZULEA CLEANING  https://azuleacleaning.be/jobs/
2026-07-26  Advocaat Ruben Volckaert  https://bricksadvocaten.be/vacatures
2026-07-26  Advocat  https://bloom-law.be/nl/jobs/
2026-07-26  Alumnivereniging van de Ingenieurs afgestudeerd aan de Universiteit Gent  https://aig.ugent.be
2026-07-26  Arrèli  https://arreli.be/vacatures
2026-07-26  Associatie Farmaceutisch Technisch Assistent België - Assistent Pharmaceutico Technique Association Belgique  https://afptab.be/nl/vacatures/
2026-07-26  Auditas Assurance Partners  https://auditas.be/vacatures
2026-07-26  Autonoom Gemeentebedrijf Puurs-Sint-Amands  https://www.puurs-sint-amands.be/gemeente-en-bestuur/werken-bij-ons-lokaal-bestuur/ontdek-al-onze-vacatures
2026-07-26  B & R - BOUW EN RENOVATIE  https://bouw-renovatie.be/vacatures/
2026-07-26  B-Bounce  https://www.bbounce.be/jobs
2026-07-26  B-MAS  https://www.b-mas.be/vacatures
2026-07-26  B-visible  https://alleklusjes.be/vacatures/
2026-07-26  BAELDE – CARTON  https://bcdadvocaten.be/vacatures-wij-zoeken-een-experte-zoals-jij/
2026-07-26  BALANZ  https://balan-z.be/werken-bij/
2026-07-26  BAKER TILLY LAW BELGIUM  https://www.bakertillylaw.be/nl/vacatures/
2026-07-26  BASKETBAL VLAANDEREN EVENTS  https://www.basketbal.vlaanderen/vacatures
2026-07-26  BATIVER  https://www.bativer.be/contact/jobs/
2026-07-26  BAUWENS  https://www.bauwens.be/vacatures/
2026-07-26  BELCOTEC  https://www.belcotec.be/vacatures/
2026-07-26  BELGO HOME CONSTRUCT  https://belgohomeconstruct.be/vacatures/
2026-07-26  BERRENTEC  https://berrentec.be/vacatures/
2026-07-26  BEROEPSVERENIGING VAN GEZONDHEIDSBEGELEIDERS  https://www.gezondheidsbegeleiders.be/vacatures/
2026-07-26  BI GROUP  https://jobs.b-inside.be/
2026-07-26  BK plus  https://www.bkplus.be/vacatures
2026-07-26  BOELAERT DAKWERKEN  https://www.dakwerken-boelaert.be/vacatures/
2026-07-26  BOON TECHNIEK  https://boonsolar.be/jobs/
2026-07-26  BOUWBEDRIJF VAN POPPEL  https://vanpoppel.be/jobs/
2026-07-26  BOOX Accountants & Adviseurs  https://boox.be/werken-bij-boox/
2026-07-26  BOUWWERKEN SCHOCKAERT EN ZOON  https://www.bouwwerkenschockaert.be/nl/vacatures
2026-07-26  BRASSERIE 89  https://brasserie89.be/vacatures/
2026-07-26  BRUIZ  https://jobs.bruiz.be/
2026-07-26  BUT  https://but.digital/be-en/careers
2026-07-26  BUEN CAMINO  https://bakertilly.be/nl/vacatures/
2026-07-26  BaLy  https://pluus.be/vacatures/
2026-07-26  Ballet C  https://www.cdo-audit.be/404
2026-07-26  Balloonies  https://jobs.balloonies.be/
2026-07-26  Beddeleem  https://www.beddeleem.be/nl/jobs
2026-07-26  Beauty & Skincare Stekene  https://www.carepersonalbeauty.be/werken-bij/
2026-07-26  Beertje  https://croquenroll.be/jobs/
2026-07-26  Belhouse Atelier  https://www.belhouse-atelier.be/vacatures
2026-07-26  Bier Central Belgium  https://www.biercentral.be/vacatures
2026-07-26  Betontrappen Tom Hermans  https://www.interieurbeton.be/vacatures
2026-07-26  Bizzpartner  https://www.bizzpartner.be/jobs
2026-07-26  Blackbird Gastronomy  https://thelake.be/jobs/
2026-07-26  Blockx Woningbouw  https://www.blockxwoningbouw.be/jobs
2026-07-26  Blentt  https://blentt.be/vacatures/
2026-07-26  BlinkOut  https://blinkout.be/vacatures/
2026-07-26  Bob Maes  https://www.bobmaes.eu/jobs
2026-07-26  Bois Brever  https://brever.lu/jobs/
2026-07-26  Bollen Energy  https://bollen-energy.be/vacatures/
2026-07-26  Bosman Van Zaal BV  https://jobs.bosmanvanzaal.com/
2026-07-26  Bouwondernemingen DEDOBBELEER  https://www.bouwdedobbeleer.be/jobs/
2026-07-26  Bowers  https://bowers.be/jobs
2026-07-26  Branderij  https://www.branderij.eu/jobs
2026-07-26  Bremberg  https://www.bremberg.be/vacatures/
2026-07-26  Brinks Solutions Belgium  https://us.brinks.com/
2026-07-26  Brigitte Vermeersch & Maniola Spitaels  https://notariaathorebeke.be/jobs/
2026-07-26  BruNetto  https://brunetto.be/jobs/
2026-07-26  Bureau Geerts Advocatuur  https://www.geertsdenayer.be/vacatures/
2026-07-26  Buurthuis Unik  https://www.buurthuisunik.com/vacatures
2026-07-26  Buren voor Wijken  https://www.leuven.be/jobs
2026-07-26  C3.ai Belgium  https://www.c3.ai/careers
2026-07-26  CAMMAERT ELASTISCHE VOEGWERKEN RENOVATIE  https://www.cammaertbvba.be/vacatures
2026-07-26  CANDEX SOLUTIONS BELGIUM  https://www.candex.com/careers
2026-07-26  CARAMIDA CONSTRUCT  https://www.caramidaconstruct.be/werken-bij-caramida-construct
2026-07-26  CDA SCHILDERWERKEN  https://www.cdaschilderwerken.be/vacatures/
2026-07-26  CERTIFISC  https://www.certifisc.be/nl/careers/jobs
2026-07-26  CERTIFIN III  https://www.certifin.be/vacatures/
2026-07-26  CLARIDA  https://clarida.bio/jobs
2026-07-26  CLAES  https://www.glasclaes.be/vacatures
2026-07-26  CLOET  https://www.cloet-bouw.be/nl/jobs
2026-07-26  CLIMAGROUP  https://climagroup.be/nl/werken-bij-climagroup
2026-07-26  COBOFISK  https://www.cobofisk.be/jobs
2026-07-26  CMD Sàrl  https://cmd-lux.lu/jobs/
2026-07-26  COFIAC  https://www.cofiac.be/jobs/
2026-07-26  COMMA, BRAND STRATEGISTS  https://www.brandstrategists.be/vacatures
2026-07-26  COMMON GROUND  https://www.common-ground.eu/nl/werken-bij
2026-07-26  COMPTAFID BENELUX  https://www.comptafid.be/index-nl.aspx
2026-07-26  CONNECT  https://connect.be/jobs
2026-07-26  CONFISTRUCT  https://confistruct.be/vacatures/
2026-07-26  CONSULTES  https://www.consultes.be/werken-bij-consultes
2026-07-26  CONTAINER 64  https://atelier64.eu/jobs/
2026-07-26  CONNECT GROUP  https://www.connect-group.be/jobs
2026-07-26  COPTER FINANCE  https://copterfinance.be/jobs
2026-07-26  CORPUSS  https://www.corpuss.be/jobs
2026-07-26  COSMAN ELEKTRICITEIT  https://www.cosmanelektriciteit.be/vacatures/
2026-07-26  CRAUWELS ADVOCATEN  https://crauwels-law.be/jobs
2026-07-26  CREANDO  https://creando.be/vacatures/
2026-07-26  CREDEBEL  https://www.hotel-heritage.com/jobs/
2026-07-26  CROPTIC  https://www.croptic.ai/jobs/
2026-07-26  CRUISE CONNECTION  https://www.cruiseconnection.be/vacatures/
2026-07-26  CROMMELINCK R&D  https://bartcrommelinck.be/vacatures/
2026-07-26  CRUYSBERGHS FRANCO schilder- en interieurwerken  https://cruysberghs-schilderwerken.be/jobs/
2026-07-26  CRANIUM INTERNATIONAL HOLDING  https://www.cranium.eu/nl/vacatures/
2026-07-26  CYFORA  https://www.cyfora.be/jobs
2026-07-26  CVTech  https://www.cvtech.be/vacatures/
2026-07-26  Café Coureur  https://www.cafecoureur.cc/vacatures
2026-07-26  Callebaut & Van Thienen Advocaten  https://www.cvt-advocaten.be/vacatures/
2026-07-26  Call Agent Global  https://www.callagent.be/vacatures/
2026-07-26  Cardon & Partners  https://www.cardonpartners.be/jobs
2026-07-26  Centrale Verwarming Van Herck  https://www.vhtechnics.be/vacatures
2026-07-26  ChessLooks Lier  https://jobs.chesslooks-lier.be/
2026-07-26  Chase & Green  https://www.chaseandgreen.be/vacatures/
2026-07-26  Cinecom Belgium  https://www.cinecom.net/jobs/
2026-07-26  Cleantechservices  https://www.cleantechservices.be/careers/
2026-07-26  Codific  https://codific.com/careers/
2026-07-26  Coeo  https://coeo-incasso.be/contact/werkenbij/
2026-07-26  Cold Call  https://www.coldcall.be/jobs
2026-07-26  Collectivo  https://vi.be/vacatures
2026-07-26  Community Gent  https://www.communitygent.be/nl/jobs
2026-07-26  Confitechnics  https://confitechnics.be/vacatures/
2026-07-26  Cosmos Gardens  https://www.cosmosgardens.be/vacatures
2026-07-26  Cools L&A  https://coolsjabbeke.be/vacatures/
2026-07-26  Copain  https://deboesjerie.be/vacatures/
2026-07-26  DHAENE KARL  https://grondwerken-dhaene.be/vacatures/
2026-07-26  DA-HOLDING  https://www.dataction.com/pagina-niet-gevonden/
2026-07-26  DAKALEX  https://www.dakalex.be/vacatures
2026-07-26  DAK PLUS  https://dakplus.be
2026-07-26  DAKWERKEN VAN OVERBEKE  https://dakwerkenvanoverbeke.be/vacatures/
2026-07-26  DANNY MOORS  https://www.dannymoors.be/jobs
2026-07-26  DARREN  https://www.darren.be/jobs
2026-07-26  DATA CLEAN  https://www.dataclean.be/nl/jobs
2026-07-26  DE BARBAREN  https://www.debarbaren.be/jobs
2026-07-26  DE GENERAL  https://www.degeneral.be/jobs
2026-07-26  DE VROE HOUT  https://www.devroegroep.be/vacatures
2026-07-26  DEBO Technics  https://www.debotechnics.be/vacatures/
2026-07-26  DEFRAEYE BOB  https://www.defraeyebob.be/jobs/
2026-07-26  DELETE  https://indusse.be/vacatures/
2026-07-26  DEMOKRATISERENDE INITIATIEVEN DEGELIJK ONDERSTEUNEN  https://www.loko.be/jobs
2026-07-26  DEPA RAMEN  https://www.deparamen.be/jobs/
2026-07-26  DEPREITERE & CO  https://www.depreitere.be/vacatures
2026-07-26  DESMAN  https://www.desman.be/nl/jobs
2026-07-26  DEZOLDERVOLGTNOG  https://bookkeepers.be/vacatures
2026-07-26  DGN Consulting  https://www.dgnconsulting.be/careers
2026-07-26  DHECO  https://dheco.be/jobs/
2026-07-26  DHULST  https://www.dhulst.be/jobs/
2026-07-26  DIDIOM  https://didiom.be/vacatures/
2026-07-26  DIERENARTSENPRAKTIJK CURAVITA  https://www.dapcuravita.be/interessante-links/jobs/
2026-07-26  DIKAIOMA  https://www.dikaioma.be/nl/vacatures
2026-07-26  DLV Accountants  https://www.dlvaccountants.be/nl/vacatures
2026-07-26  DM INTERIEUR  https://www.dm-interieur.be/vacatures
2026-07-26  DOCKX BOUW  https://www.dockx.com/vacatures
2026-07-26  DOMATEC  https://www.domatec.be/jobs
2026-07-26  DOMEIN DE SCHUUR  https://www.deschuur.be/jobs
2026-07-26  DUKES PALACE  https://hoteldukespalace.com/careers/
2026-07-26  DVS Electro  https://www.dvselectro.be/jobs.html
2026-07-26  DW Technics  https://dwtechnics.com/jobs/
2026-07-26  Dakwerken Bruneel  https://dakwerkenbruneel.be/vacatures/
2026-07-26  Dakwerken Pieter Logghe  https://www.dakwerkenlogghe.be/vacatures
2026-07-26  Davos inc  https://www.davosinc.be/vacatures
2026-07-26  De AdminFabriek  https://adminfabriek.be/werken-bij-warm-weer/
2026-07-26  De Lindeboom  https://lindeboom.be/vacatures/
2026-07-26  De Mooiste Ster  https://www.demooistester.be/vacatures/
2026-07-26  De Montil  https://www.demontil.com/vacatures/
2026-07-26  De Schutter Keukens  https://deschutterkeukens.be/vacatures/
2026-07-26  De Stut  https://destut.be/jobs
2026-07-26  De Scheve Zeven  https://deschevezeven.be/vacatures/
2026-07-26  Degroote Real Estate Construct  https://www.vastgoed-degroote.be/groep-degroote/vacatures/
2026-07-26  Deinze Industrie  https://deinzeindustrie.be/jobs/
2026-07-26  Den Amandus  https://www.den-amandus.be/vacatures/
2026-07-26  Des Amis  https://www.thomashuizen.be/vacatures
2026-07-26  Designer Group Belgium  https://careers.designergrp.com/
2026-07-26  Desmedt  https://www.desmedt.be/nl/jobs
2026-07-26  DevHops  https://devhops.be/jobs
2026-07-26  Dewallens & partners  https://www.dewallens-partners.be/vacatures
2026-07-26  Diergeneeskundige Faculteitskring Antwerpen vzw  https://diefka.com/vacatures/
2026-07-26  Digicount Advisory  https://digicount.be/werken-bij-digicount/
2026-07-26  Drie Goten  https://www.driegoten.be/vacatures
2026-07-26  E-Worx  https://www.electricworx.be/nl/jobs
2026-07-26  E.S.W. GROUP S.à.r.l  https://www.fensterweltwillems.com/jobs
2026-07-26  EBA GROUP  https://www.ebaconstruct.be/jobs
2026-07-26  EEETWELL BELGIUM  https://careers.eeetwell.com/
2026-07-26  ELECTRIC DESIGN SOLAR SYSTEMS  https://www.edss.be/jobs/
2026-07-26  ELEKTRICITEITSWERKEN NOPPE  https://www.ewn.be/vacatures
2026-07-26  ELECTRO ZWIJSEN  https://zwijsen.be/werken-bij/
2026-07-26  ELI-NET  https://eli-net.be/jobs
2026-07-26  ELEKTROTECHNIEK VAN HECKE  https://evh.be/jobs/
2026-07-26  ELEKTRO VERMEULEN  https://modaled.be/vacatures/
2026-07-26  EMMITECH  https://www.emmitech.be/jobs
2026-07-26  EMPECO  https://www.empeco.be/jobs
2026-07-26  ENOA  https://enoa.be/jobs
2026-07-26  ENSYS  https://ensys.be/jobs/
2026-07-26  EUROMATE  https://www.euromate.com/group/nl/vacatures/
2026-07-26  EVERTS  https://everts.be/vacatures/
2026-07-26  Eerstelijnszone Bonstato  https://www.eerstelijnszone.be/vacatures
2026-07-26  Eetcafé Paulette  https://www.paulette-ename.be/nl
2026-07-26  Effectief Geven  https://www.effectiefgeven.be/vacatures
2026-07-26  Elektriciteit Lestaeghe  https://www.elektriciteitlestaeghe.be/vacatures
2026-07-26  Enerdeal  https://enerdeal.com/en/jobs
2026-07-26  Enersun Sàrl  https://www.enersun.lu/jobs/
2026-07-26  Entreprises générales E.G. Verstraete & Vanhecke  https://v-v.be/vacatures/
2026-07-26  Escaping  https://www.escapingrooms.be/vacatures
2026-07-26  FIDUCIAIRE LECOT  https://www.fid-lecot.be/jobs
2026-07-26  FIGURAD BEDRIJFSREVISOREN  https://figurad.be/nl/jobs
2026-07-26  FILIP MELIS  https://www.melisadvocaten.be/vacatures
2026-07-26  FIETSTAXI  https://velotaxi-mechelen.be/en/jobs/
2026-07-26  FINE INVEST  https://finegardens.be/jobs
2026-07-26  FINATIEQ OOSTKAMP  https://www.finatieq.be/jobs/
2026-07-26  FIN FORWARD  https://finforward.be/vacatures/
2026-07-26  FISCAAL ACCOUNTANCY KANTOOR  https://www.fak.be/vacatures
2026-07-26  FINITURA  https://finitura.be/vacatures/
2026-07-26  FISCORUM  https://fiscorum.be/
2026-07-26  FISCAL+  https://www.fiscalplus.be/jobs
2026-07-26  FISCOFIN  https://fiscofin.be/vacatures/
2026-07-26  FLEXCREDIT  https://www.flexcredit.be/jobs-carriere/
2026-07-26  FLEETECA  https://www.titeca.be/nl/vacatures/
2026-07-26  FLOW  https://www.flowtime.be/jobs
2026-07-26  FIT-OUT SPORTS ACADEMY  https://fit-out.be/vacatures/
2026-07-26  FRANCK BRICKS  https://www.franck.be/vacatures
2026-07-26  Facades Forever  https://www.facades-forever.be/
2026-07-26  Factiv  https://factiv.be/about/careers/
2026-07-26  Fiduciaire Ryckeman Gebroeders  https://www.ryckeman.be/vacatures/
2026-07-26  Financial Link  https://financial-link.be/nl/jobs
2026-07-26  Fisco-Consult Tax & Accountancy  https://www.fiscoconsult.be/jobs
2026-07-26  Finexa Accountancy  https://www.finexa.be/werken-bij
2026-07-26  FleetWorks  https://fleetworks.be/jobs/
2026-07-26  Football Girls Leuven  https://www.footballgirlsleuven.be/jobs
2026-07-26  Forum Assistenten Klinische Biologie  https://www.klinischebiologie.be/vacatures
2026-07-26  Four Eyes  https://careers.foureyes.be/
2026-07-26  Frank Facility Service  https://www.frankfacilityservice.be/vacatures
2026-07-26  Fregiric  https://www.fregiric.be/about
2026-07-26  Frigro Services  https://www.frigro.be/nl/vacatures/
2026-07-26  Future Marketing Agency  https://futuremarketing.agency/vacatures/
2026-07-26  Fyraco Solutions  https://fyracosolutions.be/nl/vacatures
2026-07-26  GA GROUP  https://www.rubafood.com/jobs
2026-07-26  G-sport Vlaanderen  https://www.gsportvlaanderen.be/vacatures
2026-07-26  GDW-GENT  https://www.gdw-gent.be/nl/vacatures
2026-07-26  GEBROEDERS WILLOCKX  https://willockxbvba.be/
2026-07-26  GDWFLEX  https://www.gdwflex.be/jobs
2026-07-26  GARAGE SCHROOTEN  https://schrootenopoeteren.be/vacatures/
2026-07-26  GERHANKO  https://gerhanko.eu/vacatures
2026-07-26  GEVAERT GABRIEL ELECTRO  https://www.electrogevaert.be/vacatures
2026-07-26  GEMA  https://gema.be/vacatures/
2026-07-26  GHESQUIÈRE  https://ghesquiere.be/vacatures/
2026-07-27  BRUTSAERT INGENIEURS  https://www.brutsaert.be/index-nl.aspx
2026-07-27  SANI - CV - IMPORT  https://www.sanicvimport.be/index-nl.aspx
2026-07-27  BERT MULLER  https://www.bertmuller.be/nl/vacatures
2026-07-27  GLOBAL AND TECHNICAL SOLUTIONS BELGIUM  https://www.gtsbelgium.be/jobs
2026-07-27  GREEN TECHNICS  https://www.greentechnics.be/careers
2026-07-27  GROEP-G  https://www.groep-g.be/nl/vacatures
2026-07-27  GREGOIRE & ZOON  https://www.gregoirenv.be/nl/jobs/
2026-07-27  GROUP IBIC  https://www.soprema.be/nl/vacatures
2026-07-27  GRS Infra  https://www.grsinfra.be/jobs
2026-07-27  GRÀCIA  https://gracialive.be/
2026-07-27  GVBF  https://www.gvbf.be/careers
2026-07-27  GVG-CONSULTING  https://www.gvg-consulting.be/jobs
2026-07-27  Gartenbau Leufgen S.à.r.l  https://gartenbau-leufgen.com/jobs/
2026-07-27  Gerechtsdeurwaarder Philip Scheir  https://www.gdwscheir.be/jobs
2026-07-27  Geotracer Group Holding  https://geotracer.be/nl/vacatures
2026-07-27  Gelatoma  https://delicioso-ijs.be/vacatures/
2026-07-27  Graef  https://www.graefadvies.be/
2026-07-27  Gravity Fun  https://www.gravityfun.be/nl/jobs
2026-07-27  GreenMobility  https://www.greenmobility.com/dk/da/
2026-07-27  Grobev  https://www.walk-your-talk.be/vacatures/
2026-07-27  HANDWIERKER S.à.r.l  https://www.veiner-weissert.lu/jobs
2026-07-27  HANDLANGERS  https://www.handlangers.be/jobs/
2026-07-27  HC Red Wings Aalter  https://redwingsaalter.be/jobs/
2026-07-27  HD ELEKTRICITEITSWERKEN  https://hdew.be/jobs/
2026-07-27  HAIR MODE  https://www.hairmode.be/nl/vacatures
2026-07-27  HELS  https://www.hels.be/jobs
2026-07-27  HET ATELIER  https://www.het-atelier.eu/
2026-07-27  HET RAMENHUIS  https://www.ramenhuis.be/vacatures/
2026-07-27  HEM Consult  https://nrgeek.be/werken-bij-nrgeek/
2026-07-27  HEVADEX Applications  https://www.hevadexapplications.be/nl/vacatures
2026-07-27  HM Technics  https://www.hmtechnics.be/
2026-07-27  HOREMANS HOME INTERIEUR  https://horemansinterieur.be/vacatures/
2026-07-27  HR@Retail  https://jobs.hr-retail.be/
2026-07-27  Haeck Beveiliging  https://wolfsecurity.be/vacatures/
2026-07-27  HUURDERSSYNDICAAT  https://huurderssyndicaat.be/vacatures/
2026-07-27  Healixia  https://www.healixia.be/jobs
2026-07-27  HappyPet-Sits  https://petaupair.be/vacatures/
2026-07-27  HearSee  https://www.hearsee.be/vacatures
2026-07-27  Helion Market Research  https://www.helionresearch.com/careers/
2026-07-27  Het Poorthuis  https://www.hetpoorthuisbrugge.be/vacatures
2026-07-27  Heyse Interieur  https://jobs.heyse-interieur.be/
2026-07-27  Hotel Aragon  https://www.aragon.be/careers/
2026-07-27  HumanStory Holding  https://www.humanintech.be/nl/jobs
2026-07-27  Huysman Bouw  https://huysmanbouw.be/over-ons/vacatures/
2026-07-27  I.B.S. Group  https://www.ibscleaning.be/vacatures/
2026-07-27  IFORI  https://ifori.be/vacatures
2026-07-27  IN THE LEAD  https://www.inthelead.be/nl/vacatures
2026-07-27  IN RE BO  https://inrebo.be/jobs
2026-07-27  INLINE BLUE  https://www.inlineblue.com/jobs
2026-07-27  INDUSOL  https://indusol.be/careers/
2026-07-27  INSPITOVA  https://www.inspitova.be/jobs
2026-07-27  INTERBOARD  https://jspackaging.com/jobs
2026-07-27  INTERBORING  https://www.interboring.be/vacatures
2026-07-27  ISO - BOUW  https://www.iso-bouw.be/jobs
2026-07-27  ISAWYOU  https://www.isawyou.be/jobs
2026-07-27  INTERPRES  https://interpres.be/vacatures/
2026-07-27  Innoma  https://www.sanke.be/jobs/
2026-07-27  Installatiebedrijf Van den Berg  https://www.vdberg.be/jobs
2026-07-27  Installcom International  https://installcom.net/fr-fr/jobs/
2026-07-27  International Transport and Logistics Attorneys  https://www.itla.eu/careers
2026-07-27  Iseo Projection by IPVL  https://www.iseoprojection.com/jobs/
2026-07-27  JACKRI  https://www.jackri.be/jobs
2026-07-27  JADEC  https://www.jadec.be/nl/vacatures
2026-07-27  JASMIJNTJE  https://www.jasmijntje.be/nl/jobs/
2026-07-27  JC-Rent  https://jc-rent.be/vacatures
2026-07-27  JETA REAL ESTATE  https://www.elektrohimpe.be/vacatures
2026-07-27  JMS Wegenbouw  https://www.jmswegenbouw.be/vacatures/
2026-07-27  JOVA CONSTRUCT  https://www.jovaconstruct.be/jobs
2026-07-27  Join For Water  https://joinforwater.ngo/vacatures/
2026-07-27  Jump4more Accountancy  https://www.jump4more.be/vacatures
2026-07-27  JuuNoo  https://juunoo.com/jobs/
2026-07-27  K1ng  https://k1ng.be/jobs
2026-07-27  KADER EN LICHT  https://www.antonmertens.com/jobs
2026-07-27  KAIZER  https://www.kaizer.be/jobs
2026-07-27  KATINKA  https://lawtree.be/vacatures/
2026-07-27  KD Media  https://kennethdigneffe.be/jobs/
2026-07-27  KG-Technics  https://kg-technics.be/vacatures/
2026-07-27  KOEN SERVRANCKX  https://www.servranckx.com/nl/jobs
2026-07-27  KONINKLIJKE OUDLEERLINGEN SINT-AUGUSTINUS BRAKEL  https://www.olsabrakel.be/nl/vacatures
2026-07-27  KRIVARO TECHNICS  https://krivaro-technics.be/vacatures
2026-07-27  KROTON  https://kroton.be/jobs/
2026-07-27  Karen Op t Eynde  https://karenopteynde.be/vacatures/
2026-07-27  Keyser advocaten  https://www.keyseradvocaten.be/vacatures/
2026-07-27  Kinderopvang in je buurt  https://www.kinderopvanginjebuurt.be/algemene-info/vacatures
2026-07-27  Klaratex, Klaratex Werkkledij  https://www.klaratex.be/nl/jobs
2026-07-27  Koninklijke Voetbalclub Bonheiden  https://www.kvbonheiden.be/jobs/
2026-07-27  Koninklijke Voetbalclub Jong Eernegem Ichtegem  https://www.kvcjei.be/vacatures/
2026-07-27  Kring Der Alchemisten vzw  https://www.kringderalchemisten.com/vacatures
2026-07-27  Kunstencentrum VIERNULVIER  https://www.viernulvier.gent/nl/jobs-stages-en-vrijwilligers-9qn5
2026-07-27  KwaWEST  https://www.kwadro.be/nl/jobs
2026-07-27  LAbaco  https://www.labaco.be/vacatures/
2026-07-27  LA MOVIDA  https://www.lamovida.be
2026-07-27  LA BUTTE AUX BOIS LANAKEN  https://labutteauxbois.be/vacatures/
2026-07-27  LAMBRECHT MATHIAS  https://lambrechtdecoratie.be/vacatures
2026-07-27  LAURETUM  https://www.lauretum.be/nl/vacatures
2026-07-27  LAPEIRRE WONINGBOUW  https://lapeirre.be/vacatures/
2026-07-27  LEAD ON  https://www.leadon.be/vacatures/
2026-07-27  LIEMA  https://www.liema.be/jobs
2026-07-27  LIFTEN DE SMET  https://www.liftendesmet.be/vacatures
2026-07-27  LIPPENS INFRA  https://lippensinfra.be/vacatures/
2026-07-27  LITRAN  https://jobs.litran.be/nl
2026-07-27  LOUBO PROJECTS  https://phrconsulting.be/jobstudenten-inzetten-tijdens-de-zomermaanden-waar-moet-je-op-letten/
2026-07-27  LOOK AT ME  https://lookatme.be/jobs/
2026-07-27  Lambaerts Glass Concept  https://lgc.be/vacatures/
2026-07-27  Landschap Verzorging GS  https://www.tuin-en-boomwerken-gs.be/vacatures
2026-07-27  Lamazi  https://www.lamazi.be/vacatures/
2026-07-27  Lauwereins Technics  https://www.lauwereins-technics.be/vacatures
2026-07-27  Latitudo  https://www.geveldesign.be/vacatures/
2026-07-27  Lawcom  https://lawcom.be/vacatures/
2026-07-27  Leeward Advocaten  https://www.leeward.be/nl
2026-07-27  LegalDirect  https://www.legaldirect.be/nl/vacatures
2026-07-27  Lexrent BE  https://werkenbij.lexrent.eu/
2026-07-27  Loop  https://www.loopearplugs.com/pages/careers
2026-07-27  Loslaeter  https://www.loslaeter.be/jobstudent-gezocht/
2026-07-27  Lumars Invest  https://mydailyfood.be/vacatures/
2026-07-27  M&M Elektro  https://www.menmelektro.be
2026-07-27  M&D Miracle Cleaning Services  https://md-miraclecleaning.be/werken-bij-ons/
2026-07-27  M2C Accounting - Digital Accounting  https://www.m2caccounting.com/careers/
2026-07-27  MAB  https://mab-aannemingen.be/vacatures/
2026-07-27  MAAS BEVEILIGINGSTECHNIEK  https://maas-beveiligingstechniek.be/vacatures/
2026-07-27  MAASBIJ  https://maasbij.be/werken-bij/
2026-07-27  MAKU  https://www.maku.be/vacatures/
2026-07-27  MARYLISE GROEP  https://www.mrfg.be/careers/
2026-07-27  MATERIA  https://www.materiafinedining.be/jobs
2026-07-27  MASTERVOICE  https://www.mastervoice.eu/jobs/
2026-07-27  MBG  https://jobs.mbg.be/
2026-07-27  MAYABEE  https://mayabee.be/nl/jobs
2026-07-27  METAALCONSTRUCTIE VERVAECK DIRK  https://www.vervaeckdirk.be/jobs
2026-07-27  MKMK events  https://jobs.h2ogroup.be/nl
2026-07-27  MMC & Co - Accountancy & Tax  https://www.mmcaccountancy.be/vacatures
2026-07-27  MODERO  https://modero.be/ontdek-modero/jobs
2026-07-27  MOREAU & BLOMME ESTATE CONSULTANTS  https://www.moreau-blomme.be/jobs/
2026-07-27  MRS Technical Support  https://mrstechnicalsupport.be/jobs/
2026-07-27  MP INTERNATIONAL PARTNERS  https://mentorprise.be/jobs
2026-07-27  MPRA  https://www.fibrocit.com/nl/jobs
2026-07-27  MSTE Tuin Bos en Grondwerken  https://www.mste.be/jobs
2026-07-27  MULTI WORK  https://www.multi-work.be/jobs
2026-07-27  MWLM  https://dion.be/jobs/
2026-07-27  MYKENE  https://www.mykene.be/nl/vacatures
2026-07-27  Maatschap Decordier & Partners  https://decordier.eu/vacatures/
2026-07-27  Maakbaar Leuven  https://maakbaarleuven.be/vacatures/
2026-07-27  Madame Croquo  https://madamecroquo.be/vacatures/
2026-07-27  March83  https://march83.com/jobs/
2026-07-27  Mechelen Beach  https://mechelenbeach.be/jobs
2026-07-27  Meesters Accountants  https://www.meesters.be/vacatures
2026-07-27  Megavolt  https://www.megavolt.be/jobs
2026-07-27  Mentall  https://www.mentall.be/jobs
2026-07-27  Mediafabriek  https://www.mediafabriek.be/nl/jobs
2026-07-27  Merco Solutions  https://www.merco-machines.com/jobs/
2026-07-27  Merkbaar  https://www.merkbaar.be/jobs
2026-07-27  Merlin.ai  https://www.merlin-innovation.com/careers
2026-07-27  Mind Mastering  https://www.livadia.be/jobs
2026-07-27  Mindwize  https://mindwize.be/vacatures/
2026-07-27  Miniflat Flanders  https://miniflat.com/werken-bij/
2026-07-27  Mint Advocaten  https://mintadvocaten.be/vacatures/
2026-07-27  Mojo Clean  https://www.mojoclean.be/vacatures
2026-07-27  Modubuild Belgium  https://www.modubuild.net/careers/
2026-07-27  Mondriaan II Aalst  https://www.mon3aan.be/jobstudent-in-2026-hoeveel-mag-je-kind-bijverdienen/
2026-07-27  Mountain Bikers Foundation Vlaanderen  https://mbfvlaanderen.be/over-ons/vacatures/
2026-07-27  Mr. Avocado  https://www.wanted.law/nl/werken-bij
2026-07-27  Musée royal de l’Afrique Centrale  https://www.africamuseum.be/en/about_us/jobs
2026-07-27  MySueño Sport & Health Marketing  https://mysueno.com/jobs/
2026-07-27  NCL Immo  https://transelect.be/vacatures/
2026-07-27  NEW ALPHA GREEN  https://new-alphagreen.be/jobs/
2026-07-27  NIJS HANS  https://www.interieurinrichtinghansnijs.be/jobs/
2026-07-27  NORAX  https://sophimo.be/vacatures
2026-07-27  NORDIC INFO  https://www.nordic.be/werken-bij-nordic-collection/
2026-07-27  New Kith  https://www.newkith.com/jobs
2026-07-27  NextStep coaching  https://www.nextstepcoaching.be/contact
2026-07-27  Neyt Trucks & Vans Rental  https://neyt-man.be/jobs
2026-07-27  Nexus Venturi  https://www.nexusventuri.com/jobs
2026-07-28  GOODWILL M + G  https://goodwill.be/werken-bij-goodwill/
2026-07-28  Insane Sports  https://www.getinsane.be/nl/jobs
2026-07-28  GROMAX  https://grondwerkengromax.be/vacatures/
2026-07-28  INKART  https://inkart.be/vacatures/
2026-07-28  Note Jan  https://www.notejan.be/jobs/
2026-07-28  OAK WOOD PROJECTS  https://www.oakwoodprojects.be/nl/vacatures
2026-07-28  Nui Poké Brasschaat  https://nuipoke.be/vacatures/
2026-07-28  OLD TRAFFORD  https://cobra-antwerp.com/cobra-house/careers/
2026-07-28  Omnirack  https://www.omnirack.be/nl/jobs
2026-07-28  Onesta Consultancy  https://onesta.be
2026-07-28  One Of A Kind Events  https://www.oneofakind-events.be/werken-bij/
2026-07-28  Optop  https://optop.be
2026-07-28  Outdoors  https://www.out-doors.be/jobs
2026-07-28  PAPPERAS  https://www.papperas.be/vacatures
2026-07-28  PAND 11  https://www.pand11.be/jobs/
2026-07-28  P95  https://p-95.com/careers-at-p95/
2026-07-28  PCA  https://pcawater.com/nl/jobs
2026-07-28  PDL Consultance  https://www.bufiscom.be/jobs/
2026-07-28  PEETERS INTERIEUR  https://peetersinterieur.be/vacatures/
2026-07-28  PETANQUE FEDERATIE VLAANDEREN  https://www.pfv.be/jobs
2026-07-28  PHINIX  https://www.phinix.be/jobs/
2026-07-28  PIETERCIL GROUP  https://www.pietercil.com/nl/werken-bij-pietercil
2026-07-28  PKarus vzw  https://www.pkarus.be/jobs/
2026-07-28  POLYBE  https://www.medibe.be/vacatures
2026-07-28  PRISMA NOTARISSEN  https://www.prismanot.be/jobs
2026-07-28  PREMIUM BUSINESS SERVICES  https://www.premium-business-services.be/jobs
2026-07-28  PROGOMA  https://progoma.be/jobs/
2026-07-28  PUMP REPAIR CENTER  https://www.p-r-c.be/jobs
2026-07-28  PUBLI - ART SHIRT  https://pasprint.be/vacatures/
2026-07-28  PUSH  https://jobs.pushhasselt.be/
2026-07-28  PURQUAPA  https://purquapa.be/jobs/
2026-07-28  Painting with Light  https://www.pwl.be/en/jobs
2026-07-28  Panne 83  https://www.groephuyzentruyt.be/nl/vacatures
2026-07-28  Partner In Assistentie plus  https://www.partnerinassistentie.be/nl/werken-bij-pia?nieuwewebsite
2026-07-28  Pascal Paint  https://pascalpaint.be
2026-07-28  Patrick Devos  https://www.patrickdevos.be/nl/vacatures
2026-07-28  Pattyn Albert & Cie  https://www.pattynnv.be/jobs-pattyn/
2026-07-28  PhaRA Holding  https://jobs.phara.eu/
2026-07-28  Pinch of Lily  https://www.solid-stash.com/nl-be/pages/jobs
2026-07-28  PitchFin  https://www.pitchdrive.com/careers
2026-07-28  Por-Konekto  https://www.go2parkingspot.com/vacatures/
2026-07-28  Primetals Technologies Belgium  https://jobs.primetals.com/Jobs
2026-07-28  Pro Projects  https://www.proprojects.be/jobs/
2026-07-28  Pro-Bizz  https://pro-bizz.be/vacatures/
2026-07-28  Psyche  https://psyche.be/vacatures
2026-07-28  PÜTZ INNENAUSBAU GmbH  https://jobs.puetz.lu/
2026-07-28  QUEST FOR FINANCIALS  https://jobs.qff.be/nl/
2026-07-28  QUATRO  https://thuismakers.be/vacatures/
2026-07-28  Quarante Cinq  https://www.quarantecinq.com/jobs
2026-07-28  QUORUM ADVOCATENKANTOOR  https://quorumlaw.eu/careers/
2026-07-28  RAIL SERVICE NET  https://jobs.rsn.be/
2026-07-28  RAMACO  https://ramaco.be/vacatures/
2026-07-28  RAMBOER-STEEN  https://rsboekhouders.be/vacatures/
2026-07-28  RELIAS Gerechtsdeurwaarders  https://www.relias.be/vacatures
2026-07-28  REMEMBER ME  https://www.utopiaevents.be/jobs/
2026-07-28  RENOVATING  https://www.moonlitegroup.com/jobs
2026-07-28  RENTALOC  https://rentaloc.be/vacatures/
2026-07-28  RISOLTO  https://risolto.be/jobs-customer-succes-officer/
2026-07-28  RMPR Construct Sarl  https://jobs.kfzteile24.de/
2026-07-28  ROGIERS  https://rogiersaannemingen.be/jobs/
2026-07-28  ROSSEEUW  https://www.rosseeuw.be/vacatures
2026-07-28  ROYAL WEST AVIATION CLUB  https://westaviationclub.be/jobs/
2026-07-28  RS Consulting  https://www.rs-health.be/vacatures/
2026-07-28  Rave Alert Records  https://jobs.info@inter-akt.events/
2026-07-28  Real Brides vzw  https://jobs.realbrides.org/
2026-07-28  Remotive GCC  https://www.remotive.be/jobs/
2026-07-28  RenoF  https://www.renof.be/vacatures
2026-07-28  Reinout Van Zandycke  https://exposure.be/vacatures/
2026-07-28  Restaurant Decan  https://www.restaurantdecan.be/jobs/
2026-07-28  Rhino Media Company  https://letsconnect.be/jobs
2026-07-28  Ridder & co  https://www.ridder.marketing/jobs
2026-07-28  Ringoir & Associates  https://www.ringoir.associates/jobs/
2026-07-28  Rêvenu  https://www.revenu.be/jobs
2026-07-28  Rupica  https://restaurantbruun.be/vacatures/
2026-07-28  SABBE LEGAL SERVICES  https://www.resolut.law/vacatures
2026-07-28  SAUNACENTER ELZENHOF  https://www.saunacenterelzenhof.be/vacatures
2026-07-28  SCHELDEMAN MARIO  https://www.scheldemanmario.be/vacatures
2026-07-28  SCARTECH Sàrl  https://www.scartechsarl.com/jobs/
2026-07-28  SCHELDEWERF RUPELMONDE  https://www.scheldewerf.be/vacatures
2026-07-28  SCHLEIHS Anstrich-Peinture SA  https://www.schleihs-sa.com/jobs/
2026-07-28  SCR - SIBELCO  https://www.sibelco.com/en/careers
2026-07-28  SECURCO  https://www.securco.be/nl/contact
2026-07-28  SKILLMEDIA  https://skillmedia.be/jobs/
2026-07-28  SO BUZZY  https://sobuzzy.be/nl/jobs/
2026-07-28  SOCIETY OF PLASTICS ENGINEERS -EUROPE  https://jobs.4spe.org/
2026-07-28  SOLL-CRESS  https://www.sollcress.be/jobs
2026-07-28  SOLLED  https://www.solled.be/vacatures/
2026-07-28  STALLO  https://www.stalloindustrie.com/vacatures
2026-07-28  STAYEN  https://stayen.com/vacatures/
2026-07-28  STEF ART CREATIONS  https://www.stefart.be/jobs
2026-07-28  STRAFF  https://www.straff.be/jobs
2026-07-28  STRUBBE INVEST  https://tegelbedrijfstrubbe.be/vacatures/
2026-07-28  STUDIO JEF CLAES  https://www.jefclaes.com/nl/jobs
2026-07-28  SUPEROXIDE  https://www.superoxide.be/jobs
2026-07-28  SVD-Solutions  https://www.svd-solutions.be/jobs
2026-07-28  Saamo Oost-Vlaanderen  https://www.saamo.be/
2026-07-28  Sans Souci Hotels  https://www.kasteelwurfeld.be/vacatures/
2026-07-28  Schrijnwerk Versporten  https://www.schrijnwerkversporten.be/vacatures/
2026-07-28  Sim Local (Belgium)  https://www.simlocal.com/about-us/careers
2026-07-28  SiteSynth  https://www.sitesynth.com/careers
2026-07-28  SkyStitcher  https://skystitcher.com
2026-07-28  Slembrouck Build  https://slembrouckbuild.be
2026-07-28  Slim P  https://slimp.be/vacatures/
2026-07-28  Smart Living  https://www.smart-living.be/jobs
2026-07-28  Sociaal Dienstenchequebedrijf  https://www.vzw-sdb.be/nl/werken-bij-sdb
2026-07-28  Sportclub Jong Sint-Gillis  https://www.jongsintgillis.be/club/vacatures/
2026-07-28  Spraakmakers  https://spraakmakers.eu/jobs
2026-07-28  Sportoase De Watermolen  https://www.sportoase.be/nl/jobs
2026-07-28  Sportimals VZW  https://sportimals.be/vacatures/
2026-07-28  Steenstraete  https://www.steenstraete.be/jobs
2026-07-28  Spril België  https://spril.be/werken-bij-spril-belgie/
2026-07-28  Strada Legale  https://stradalegale.be/vacatures/
2026-07-28  Strategies and Leaders  https://www.s-l-impact.com/nl_BE/jobs
2026-07-28  Strategoo  https://www.strategoo.be/careers
2026-07-28  Struxo  https://struxo.be/jobs
2026-07-28  Studio Achoo  https://nl.achoo.be/jobs
2026-07-28  Suske en Wiske Museum  https://suskeenwiskemuseum.be/vacatures/
2026-07-28  Sustainable Impact  https://impactus.today/werken-bij/
2026-07-28  TPAVILJOENTJE  https://www.paviljoentje.be/jobs/
2026-07-28  T. S. D. Sa  https://www.tsd.lu/jobs/
2026-07-28  TAIEKI  https://taieki.nl
2026-07-28  TECHELEC  https://www.techelec.eu/careers
2026-07-28  TEON  https://celestetic.com/jobs
2026-07-28  THE PARK ENTERTAINMENT  https://theparkplayground.com/nl-be/jobs
2026-07-28  THE PODCAST PLANET  https://www.thepodcastplanet.be/vacatures
2026-07-28  THE ENERGY HUB  https://www.theenergyhub.be/jobs
2026-07-28  THINKEDGE  https://www.thinkedge.be/jobs
2026-07-28  THV Peremans - Vanderstraeten  https://www.peremans.be/vacatures
2026-07-28  THOLEN  https://www.tholen.be/jobs/
2026-07-28  TIELTR  https://www.tieltr.be/vacatures
2026-07-28  TIMESHIFTERS  https://www.timeshifters.be/vacatures
2026-07-28  TM Abog - HDR  https://jobs.abog.be/nl
2026-07-28  TOITOITOI  https://www.toitoitoi.coffee/coffee/jobs
2026-07-28  TPL DAKWERKEN  https://www.tpldakwerken.be/vacatures/
2026-07-28  TRAVEL LITE  https://www.connections.be/nl-be/jobs
2026-07-28  TRIVANTI  https://www.cateringbeet.be/jobs
2026-07-28  TROPICAL  https://speeldorp-tropical.be/vacatures/
2026-07-28  TUINONDERNEMING JENS DEFLOO  https://www.tuinenjensdefloo.be/vacatures
2026-07-28  TUNITY  https://tunity.be/jobs/
2026-07-28  Tanghe & Compeers  https://jobs.thuisverpleging-antwerpen.org/
2026-07-28  Taxcalcul Waasland  https://www.taxcalcul.be/vacatures
2026-07-28  TaxMasters  https://taxflow.be
2026-07-28  TerraShield  https://www.terrashield.be/jobs
2026-07-28  Terravolt  https://www.terravolt.be/jobs
2026-07-28  The Beacon  https://www.thebeacon.eu/jobs/
2026-07-28  Tender Expert 2.0  https://www.tenderexpert.be/nl/vacatures/
2026-07-28  The Loom  https://www.theloom.be/jobs
2026-07-28  Theater Plankgas V.Z.W  https://jobs.theaterplankgas.be/
2026-07-28  Tim Laureys Advocaten  https://www.laureys.net/vacatures/
2026-07-28  Timfin  https://www.timfin.be/jobs
2026-07-28  Total Concept Solutions  https://tcsolutions.be/jobs/
2026-07-28  Topia Cleaning  https://topiacleaning.be/jobs/
2026-07-28  Transmekaniek Remy  https://transmekaniek-remy.be/jobs
2026-07-28  Trappen Demunster  https://www.trappendemunster.be/jobs
2026-07-28  Traiteur Le Plat  https://jobs.info@traiteurleplat.be/
2026-07-28  Tudorpixel  https://jobs.tudorpixel.be/
2026-07-28  Tuerlinckx Tax Lawyers  https://tuerlinckx.eu/jobs-jobs-jobs/
2026-07-28  Tsjerk Smet Elektriciteitswerken  https://tsjerksmet-elektriciteitswerken.be/vacatures/
2026-07-28  Tuinen Crombez  https://tuinencrombez.be/vacatures/
2026-07-28  UPmedia  https://www.upmedia.be/jobs
2026-07-28  UPGRADED  https://www.upgraded.be/team/werken-bij-upgraded-maak-kennis-met-het-team/
2026-07-28  Unilode Aviation Solutions Belgium  https://www.unilode.com/careers-list/
2026-07-28  United Traders Group  https://www.sushiking.be/jobs
2026-07-28  VACAL  https://www.vacal.be/jobs
2026-07-29  BV MONIQUE KRIKOR  https://www.monique-krikor.be/nl-be/jobs
2026-07-29  VS ELECTRONICS  https://www.vse-technologies.com/vacatures/
2026-07-29  Formando  https://www.formando.be
2026-07-29  Go Watts  https://gowatts.be/contact/vacatures/
2026-07-29  Kompas  https://www.vzwkompas.be/werken-bij-vzw-kompas-vzw-kompas/
2026-07-29  VALBLON  https://www.denheksestoel.be/nl/404
2026-07-29  VAN DEN BERGH BOUW  https://www.vandenberghverandas.be/jobs
2026-07-29  VAN DER BIEST ALARM  https://www.vdbalarm.be/jobs
2026-07-29  VAN DAMME  https://www.aecetia.be/vacatures/
2026-07-29  VAN HERREWEGHE FILIP  https://jobs.vanherreweghefilip.be/
2026-07-29  VAN LOOCK & PARTNERS  https://jobs.vanloock.be/
2026-07-29  VAN DRIESSCHE, DONKERS & JANS ADVOCATEN  https://vddj.be/vacatures/
2026-07-29  VANDOCK  https://www.vandock.com/nl/jobs/
2026-07-29  VANDOTEC  https://www.vandotec.be/nl/jobs
2026-07-29  VBW ACCOUNTANTS  https://www.vbw-accountants.be/vacatures
2026-07-29  VANWYMELBEKE H & M  https://vanwymelbeke.be/jobs/
2026-07-29  VD-DAKWERKEN  https://vddakwerken.be/jobs/
2026-07-29  VDZ  https://jobs.vdz.be/
2026-07-29  VERAMA  https://verama.be/vacatures/
2026-07-29  VERINT SYSTEMS BELGIUM  https://www.verint.com/careers/
2026-07-29  VERMEULEN  https://www.bvbavermeulen.be/nl/home
2026-07-29  VITAS  https://jobs.vitas.be/nl
2026-07-29  VIDSPICE  https://vidspice.be/vacatures/
2026-07-29  VLAAMSE ORGANISATIE VOOR INTERNATIONALE VOLKSSPORTEN  https://www.viv-sport.be/jobs
2026-07-29  VMx  https://www.vmx.be/nl/professionals/discussion-board/channel/16/vacatures-op-vmx
2026-07-29  VP ACCOUNTANTS & BELASTINGCONSULENTEN  https://www.vpaccountants.be
2026-07-29  VOCUM CONSULTING  https://www.vocum.com/careers/
2026-07-29  VZW Vrienden van de Kemmelwaar  https://jobs.kemmelwaar.be/
2026-07-29  Vanden Hole & Partners  https://vandenhole.be/vacatures/
2026-07-29  Vanhoucke Law  https://www.vanhoucke-law.be/vacatures
2026-07-29  Vayamundo Oostende  https://www.vayamundo.eu/vacatures
2026-07-29  Verbeke Reizen  https://www.verbekereizen.be/jobs
2026-07-29  Vechtsportplatform Vlaanderen  https://vechtsportplatform.be/vacatures-gespot/
2026-07-29  VestaGuard Security  https://jobs.vestaguard.be/
2026-07-29  Vilec  https://www.vilec.be/vacatures
2026-07-29  Verstraete Leen  https://advocaatleenverstraete.be/vacatures/
2026-07-29  Villa Anamma  https://villa-anamma.be/jobs/
2026-07-29  Vizit VZW  https://www.vizitonline.be/jobs/
2026-07-29  Vrienden van de Oude Sterrenwacht van de R.U.G  https://www.armandpien.be/jobs
2026-07-29  Vwala  https://www.vwala.be/jobs
2026-07-29  W13  https://www.welzijn13.be/vacatures
2026-07-29  WAGONE  https://www.wagone.com/en/jobs
2026-07-29  WATCHGUARD SECURITY  https://www.watchguard-security.be/jobs/
2026-07-29  WAY2EVENTS  https://www.way2events.be/jobs
2026-07-29  WALBERS ZONWERINGEN  https://www.walbers.be/vacatures
2026-07-29  WIT  https://www.wit.be/jobs
2026-07-29  WOUTER LUYPAERT  https://www.wouterluypaert.com/jobs
2026-07-29  WOVA  https://www.wova.be/jobs
2026-07-29  WORLD HORSE WELFARE BELGIUM  https://careers.worldhorsewelfare.org/
2026-07-29  Wase Groene Stroom  https://www.wasegroenestroom.be/vacatures
2026-07-29  Wander events  https://adventurevenues.com/jobs
2026-07-29  We, Creatives  https://wecreatives.be/jobs/
2026-07-29  Well Played  https://www.wellplayed.video/vacatures
2026-07-29  Weverij Van Neder  https://vanneder.be/jobs/
2026-07-29  Wendys Partyshop  https://www.partyshoponline.be/index-nl.aspx
2026-07-29  Wilde Zwanen  https://www.wildezwanen.be/
2026-07-29  Windocare  https://windocare.be/jobs/
2026-07-29  Wingman Agency  https://www.weareyourwingman.com/jobs
2026-07-29  Wizarts  https://wizarts.be/jobs/
2026-07-29  YUST Housing Brussels  https://www.yust.com/jobs/
2026-07-29  YVES ULYSSE SOURIS & PARTNERS, ACCOUNTANTS EN BELASTINGCONSULENTEN  https://yvessouris.be/jobs/
2026-07-29  Yokolé  https://www.yokole.be
2026-07-29  Young  https://young.agency/jobs/
2026-07-29  Yggra  https://www.yggra.eu/jobs
2026-07-29  ZANDERS  https://careers.zandersgroup.com/
2026-07-29  ZWEMBADEN BOLLEN  https://zwembadenbollen.be/jobs
2026-07-29  Zeno Charged  https://www.poweredbyzeno.be/jobs
2026-07-29  Zorgbedrijf Harelbeke  https://jobs.zbharelbeke.be/nl
2026-07-29  b plus  https://www.bplus.com/vacatures
2026-07-29  bArdeau  https://www.bardeau-aalst.be/jobs/
2026-07-29  dok drie  https://dokdrie.be/jobs/
2026-07-29  eyetec  https://www.eyetec.be/jobs/
2026-07-29  gdw-dewilde.be  https://www.gdw-dewilde.be/jobs/
2026-07-29  het Bolwerk  https://blwrk.be
2026-07-29  icoustic  https://www.icoustic.eu/job/arbeider-spuiter/
2026-07-29  umain Eeklo  https://umain.one/jobs/
2026-07-29  vzw Kadee  https://www.vzwkadee.be/jobs
2026-07-29  ALLEMEERSCH BTW-eenheid  https://careers.creditsafe.com/
2026-07-29  D.C.C  https://www.dccenergy.com/careers
2026-07-29  PRAKTIJK t KEERPUNT  https://tkeerpunt.hagstone.online/vacatures/
2026-07-29  Bogaert  https://www.bogaert-transmission.com/vacancies
2026-07-29  RS  https://careers.rsgroup.com/
2026-07-29  GROEP HARU  https://companybelgium.be/nl/jobs
2026-07-29  Triple Helix - SurePure  https://www.triplehelixgroup.com/careers
2026-07-29  T BARBEKNOEIERKE  https://barbeknoeierke.be/vacatures
2026-07-29  T AKSENT  https://renovatiewerkengids.be/
2026-07-29  T KLAVERBLAD  https://careers.tripadvisor.com/
2026-07-29  T HOVENIERSBEDRIJF  https://www.hoveniersbedrijf.be/vacatures/
2026-07-29  T OORHUIS  https://www.oorhuis.be/producten/
2026-07-29  T VRIESMANNEKE  https://www.vriesmanneke.be/jobs
2026-07-29  t Soetekint - de Levensboom  https://www.stepstone.be/jobs
2026-07-29  t BALLONNEKE  https://www.vzwballonneke.be/job/jobstudenten
2026-07-29  t Boerinneke  https://www.boerinneke-nutkao.com/nl/vacatures
2026-07-29  t Bakhuis  https://www.visitlimburg.be/nl/jobs
2026-07-29  t GROENE  https://www.groeneplan.be/vacatures
2026-07-29  t LAUWERS BAKKERKE  https://culinaireambiance.com/nl/jobs
2026-07-29  t Warm Bakkerke  https://www.bakkersvlaanderen.be/home
2026-07-29  (Full) Scale Architecten  https://www.architectenjobs.be/vacatures/
2026-07-29  013  https://www.013.nl/vacatures
2026-07-29  1105 real estate  https://www.c21selectgroup.com
2026-07-29  10TUBES  https://wineintubes.com/jobs/
2026-07-29  1 Dynamics  https://1dynamics.com.au/about/careers/
2026-07-29  1NEWORLD  https://www.mvovlaanderen.be/nl/jobs
2026-07-29  2 BROTHERS  https://jobs.2brothersmoving.net/
2026-07-29  13th avenue  https://hudsonriverpark.org/about-us/work-with-us/careers/
2026-07-29  2 COMMUNICATE  https://www.harvardbusiness.org/careers/
2026-07-29  2 FAST  https://2fastlogistics.com/careers/
2026-07-29  2 CLEVER  https://www.clever.com/about/careers
2026-07-29  2 STEP DANCE COMPANY  https://2stepdancecompany.be/jobs
2026-07-29  247  https://jobs.247tailorsteel.com/
2026-07-29  2.ORANGE  https://www.2orange.nl/over-2orange/vacatures/
2026-07-29  2B-SAFE  https://www.2bsafe.be/vacatures
2026-07-29  2BX  https://2bx.vc/jobs/
2026-07-29  2Bro Trading  https://www.forklift-international.com/nl/jobs/
2026-07-29  3 MOTION  https://www.3motion.be/nl/vacatures/
2026-07-29  3 T Prefabbeton  https://www.bouwenaanvlaanderen.be/vacatures
2026-07-29  30 dagen zonder klagen  https://marketingreport.nl/vacatures
2026-07-29  3D CADWORKS  https://3dcadworks.be/jobs
2026-07-29  3D Architectuur  https://architectenweb.nl/vacatures/
2026-07-29  3D-CONSULT  https://www.3d-consult.xyz/nl/vacatures/
2026-07-29  3Core  https://3coresystems.com/careers/
2026-07-29  3DATX Europe  https://www.3datx.com/careers/
2026-07-29  3DF  https://www.3dflow.net/company/jobs/
2026-07-29  3D LIFT  https://www.3dlift.be/vacatures/
2026-07-29  3FINANCE  https://www.3finance.be/vacatures
2026-07-29  4 BUSINESS SOFTWARE  https://4bs.com/nl/jobs/
2026-07-29  4FIN  https://4fin.in/jobs/
2026-07-29  5 RIVERS  https://www.fiveriversit.com/contact-us/careers/
2026-07-29  5AM  https://jobs.5amventures.com/jobs
2026-07-29  4TECHNICS  https://4technics.be/vacatures/
2026-07-29  528 PRODUCTIONS  https://528.co/jobs
2026-07-29  5AM  https://www.5am.be/jobs
2026-07-29  5by5  https://5by5agency.com/careers/
2026-07-29  6 SIGMA  https://www.theleansixsigmacompany.com/jobs/
2026-07-29  7 SIGMA  https://www.7-sigma.com/careers/
2026-07-29  8peaks  https://www.8peaks.io/jobs
2026-07-29  802 networks  https://www.802.be/jobs/
2026-07-29  A & B GRANIET  https://www.tessenderlo-ham.be/vacatures
2026-07-29  A & C NOYENS  https://www.noyens.be/jobs.html
2026-07-29  A - TRADE  https://www.trade.gov/careers
2026-07-29  A L F A  https://www.alfasolutions.be/nl/vacatures
2026-07-29  76 Logistics  https://lovettindustrial.com/careers/
2026-07-29  A STRANGE LOOP  https://www.npr.org/careers
2026-07-29  A T B  https://atbautomation.eu/nl/vacatures
2026-07-29  A&A Expertise  https://www.parcelandpostaltechnologyinternational.com/jobs
2026-07-29  A&B Group  https://anbgroup.com/careers
2026-07-29  A&C  https://www.ac-solutions.be/nl
2026-07-29  A&M GLOBAL  https://www.amglobalcareers.com/jobs
2026-07-29  A&C Health  https://adultandchild.org/careers/
2026-07-29  A&M Sint-Truiden  https://jobs.anmgroup.be/nl
2026-07-29  A&S  https://jobs.asmobility.be/
2026-07-29  ASPECT  https://www.a-spect.be/vacatures
2026-07-29  A&S ENERGIE  https://jobs.a-s-energie.be/nl
2026-07-29  A-E PROJECT  https://www.clientsandprofits.com/jobs
2026-07-29  A-Consulting  https://www.fticonsulting.com/careers
2026-07-29  A-COVER  https://www.a-cover.be
2026-07-29  A-DESIGN  https://www.asid.org/
2026-07-29  A-T-Z  https://atz.group/en/
2026-07-29  A-TEC  https://www.a-tec.be/vacatures
2026-07-29  A-Safe  https://www.asafe.com/en-us/
2026-07-29  A-Z Height Solutions  https://rocketreach.co/jobs
2026-07-29  A-QUEEN  https://aqueen.be/vacatures/
2026-07-29  A-ware Milk Processing Belgium  https://www.royal-aware.com/nl/
2026-07-29  A-n-D Team  https://www.onedigital.com/en-US/careers
2026-07-29  A-ware Dairy Products Belgium  https://werkenbijaware.com/vacatures
2026-07-29  A. KEULEN  https://akp-keulen.be/vacatures/
2026-07-29  A.A.A  https://aaa.be/vacatures/
2026-07-29  A.B.C. LABELS  https://www.abc-labels.be/nl/jobs
2026-07-29  A.C.I  https://www.aciworldwide.com/about-aci/careers
2026-07-29  A.C.D  https://www.acdnv.be/404.aspx?aspxerrorpath=/jobs/default.aspx
2026-07-29  A.C.E. Belgium  https://www.ace.eu/nl-nl
2026-07-29  A.C.M. PRODUCTIONS  https://www.acmproductions.com/404
2026-07-29  A.C.C.E.S.S  https://access-solutions.be/vacatures/
2026-07-29  A.D.M  https://www.adm.com/careers/
2026-07-29  A.E.M  https://www.aem.org/not-found
2026-07-29  A.D.C  https://www.adc-montagewerken.com/vacatures
2026-07-29  A.E.D  https://www.aedgroup.com/jobs/
2026-07-29  A.F.M  https://www.afm.nl/404?item=%2fjobs&user=extranet%5cAnonymous&site=corporate
2026-07-29  A.F.B  https://www.afbinternational.com/careers/
2026-07-29  A.E.V. AFSLUITINGEN  https://www.afsluitingsmateriaal.be/vacatures/
2026-07-30  PIETTE & PARTNERS  https://www.pnp.be/index-nl.aspx
2026-07-30  Felon Beauty  https://www.felonbeauty.be/vacatures
2026-07-30  Ijsbaan Kortrijk  https://www.ijsbaankortrijk.be/jobs
2026-07-30  Prinsenhof - Zorgdorpen  https://prinsenhof-ronse.be/
2026-07-30  VINCKE BOUW  https://vinckebouw.be/vacatures/
2026-07-30  VLAAMSE SLOTENMAKERS UNIE  https://vsu.be
2026-07-30  WOPA  https://wopa.be/vacatures/
2026-07-30  eSDeC Communications  https://esdec.be/jobs
2026-07-30  t LANDHUYS  https://magazine.theartofliving.be/vacatures/
2026-07-30  3 KONINGEN  https://de3koningen.nl/vacatures/
2026-07-30  6MOMENTS  https://www.reedpublicrelations.com/careers/
2026-07-30  80/20 Sales & Marketing  https://www.perrymarshall.com/marketing/jobs-and-bosses-part-2/
2026-07-30  A R C Projects  https://arcprojects.nz/careers/
2026-07-30  A Summery Breeze  https://www.visitcambridge.org/event/careers-uncensored-rewrite-your-career-script-from-the-bottom-up/
2026-07-30  A.C  https://ac-bedrijfsrevisoren.be/vacatures/
2026-07-30  A.D. FASHION  https://adfashionbd.com/careers/
2026-07-30  Bouwi  https://bouwbedrijfflore.be/vacatures
2026-07-30  SCALIS  https://jobs.scalis.ai/jobs?page=1&limit=10&sortBy=SORT_BEST_MATCH
2026-07-30  RIOT  https://www.riotplatforms.com/careers/
2026-07-30  D2 Projects  http://www.dot.state.mn.us/careers/
2026-07-30  JD Finance and construction  https://www.made-in.be/antwerpen/jobs-in-antwerpse-en-gentse-petrochemie-gegeerd/
2026-07-30  Impax  https://impaxam.com/careers/
2026-07-30  Phenix  https://www.phenix-group.be/jobs/
2026-07-30  ZUMO  https://zumo.tech/careers/
2026-08-01  BRABEX  https://www.brabex.be/jobs/
2026-08-01  AQUILAE  https://aquilae.be/jobs
2026-08-01  Qualis Beauty  https://qualisbeauty.be/jobs
2026-08-01  A & G  https://www.agllp-cpa.com/careers/
2026-08-01  Car.vo  https://www.vo.eu/nl/home/over-vo/werken-bij-v-o/
2026-08-01  Foundry  https://foundryco.com/work-here/
2026-08-01  CI-JU  https://www.ci-ju.be/
2026-08-01  SPM MUSIC  https://spmmusicgroup.sourceaudio.com/jobs
2026-08-02  EgeTrans Belgium  https://www.egetrans.com/en/careers
2026-08-02  Reizen Staelens  https://reizenstaelens.be/jobs/
2026-08-02  Van Den Neste - Cowan  https://www.vandenneste.net/en/careers
2026-08-02  Black & White  https://www.waterlandpe.com/careers/
2026-08-02  NeVeN  https://www.nevenramen.be/vacatures/
2026-08-02  ASPIDA  https://jobs.aspida.be/
2026-08-02  ML COMPANY  https://www.neurospace.io/jobs/
2026-08-02  Make a Living  https://nextbigideaclub.com/jobs/
2026-08-02  Kinesitherapie Shanah Van den Bosch  https://www.sint-lievens-houtem.be/vacatures
2026-08-02  SGL Group  https://jobs.sglcarbon.com/
2026-08-02  SCHELDESTROMEN  https://watervacatures.nl/jobs/
2026-08-02  Solved-IT  https://www.inovatec.com/careers/
2026-08-02  ANSIBLE IT  https://www.scalecomputing.com/404
2026-08-02  Better Together  https://thebettertogetheragency.com/careers/
2026-08-02  DUKE & DUCHESS  https://www.dukeandduchess-int.com/job-search/
2026-08-02  GHI Company  https://www.employeefiduciary.com/contact-us-for-a-401k-plan-proposal
2026-08-02  JOSE CONSTRUCT DESIGN  https://www.bouwbedrijfgids.be/
2026-08-02  Koninklijke Harmonie Vrienden van de Brandweer Oostduinkerke  https://www.koksijde.be/vacatures
2026-08-02  JoLi  https://www.joli.be/nl/jobs
2026-08-02  MOTIVO  https://www.motivo.com/careers
2026-08-02  Shine Up Cleaning  https://www.trustindex.io/jobs
2026-08-02  Rom Solutions  https://teleworldsolutions.com/careers/
2026-08-02  Walking Nation  https://walkingscotland.org.uk/about-us/careers/
2026-08-02  VERDERA  https://verderauranium.com/careers/
2026-08-03  Groep CnC  https://www.groepcnc.be/nl-be/jobs
2026-08-03  All Stores  https://allstores.be/vacatures-alert/
2026-08-04  Bio-Circle  https://bio-circle.be/jobs/
2026-08-04  PROFIL  https://www.profilan.be/vacatures/
2026-08-04  CDF CONTRACTING  https://www.cdf-contracting.be/werken-bij-cdf-contracting/
2026-08-04  DE SMET VERZEKERINGEN  https://www.verzekeringenleest.be/vacatures
2026-08-05  Dakwerken MG  https://www.dakwerkenmg.be/vacatures/
2026-08-05  STUDIO PINATA  https://www.studiopinata.be/jobs
2026-08-05  VEM-CO  https://jobs.info@vem-co.be/
2026-08-05  B&B  https://jobs.hotel-bb.com/
2026-08-05  Groeiruimte  https://www.sterck-magazine.be/vacatures/
2026-08-05  BARAKA INVEST  https://getbaraka.framer.website/careers
2026-08-05  Belgalink  https://www.belgalink.be/vacatures
2026-08-05  EQI  https://eqiltd.com/about/careers/
2026-08-05  DK CRAFT  https://www.craftsportswear.com/global/about-us
2026-08-05  Spaak Technologies ApS  https://about.crunchbase.com/about-us/careers
2026-08-05  ELEM GROUP  https://www.vemsolutions.it/lavora-con-noi/
2026-08-06  Benjo Projectinrichting  https://www.benjogroup.eu/jobs
2026-08-06  Recovery Lab Antwerp  https://www.recoverylabantwerp.com/vacatures
2026-08-06  Lineal  https://linealleague.com/careers
2026-08-06  AEROTECH  https://www.aerotech.com/careers/
2026-08-06  Co-pains  https://www.atelierco-pains.be/jobs
2026-08-06  Rayl Technologies  https://www.rayl.be/careers
2026-08-08  Glados Computer Science Laboratories  https://www.gdcnetworks.eu/vacatures/
2026-08-08  STANITAIR  https://stanitair.be/vacatures/
2026-08-08  AION  https://aion.eu/be-nl/jobs
2026-08-08  MEDICAL FOCUS  https://focuscare.nl/en/careers/
2026-08-08  RV Companies  https://jobs.rvia.org/jobs
2026-08-08  LUX LUMEN  https://www.lux-lumen.com/jobs
2026-08-09  HSK Accountants  https://www.hskaccountants.be/vacatures/
2026-08-09  K.F.C. Marke  https://www.kfcmarke.be/jobs
2026-08-09  TUTTERS & BELLEN  https://www.tuttersenbellen.be/jobs/
2026-08-11  ECoOB  https://www.ecoob.be/
2026-08-11  SOFICS  https://sofics.com/careers/
2026-08-11  Salvus Health  https://careers.salvus-health.com/
2026-08-11  VERKEERSOPLEIDINGSCENTRUM BRUGGE  https://voc-brugge.be/jobs/
2026-08-11  GREENWAY FOODS  https://greenway.be/jobs/
2026-08-11  iLLumoo  https://www.illumoo.com/vacatures
2026-08-12  VERCRUYSSE Philippe  https://phvercruysse.be/vacatures/
2026-08-12  AGRIFIRM BELGIUM  https://www.agrifirm.be/over-ons/jobs/
2026-08-12  ANTARGAZ BELGIUM  https://www.antargaz.be/nl/particulieren/werken-bij-antargaz
2026-08-12  ADVIONICS  https://jobsopderadar.be/
2026-08-12  B & G SLEUTEL  https://slotenmakerbg.be/vacatures/
2026-08-12  BEKINA BeSealed  https://www.bekina-besealed.com/jobs
2026-08-12  BELDOS  https://beldos.com/nl/vacatures/
2026-08-12  BRYON  http://www.bryonnv.eu/vacatures/
2026-08-12  Belden Solutions  https://careers.belden.com/
2026-08-12  Blue41  https://blue41.com/careers/
2026-08-12  CALLENS VERZEKERINGSGROEP  https://www.bg-verzekeringen.be/vacatures/
2026-08-12  CEMART  https://cemart.eu/nl/nieuws-vacatures/nieuws
2026-08-12  CERTESO  https://certeso.com/vacatures/
2026-08-12  CATHIE ASSOCIATES  https://cathiegroup.com/careers/
2026-08-12  CLAERHOUT Aluminium  https://jobs.claerhoutaluminium.com/nl#vacatures
2026-08-12  COTTRY & C°  http://www.cottry.be/nl/jobs
2026-08-12  C. STEINWEG BELGIUM  https://www.steinweg.com/careers/
2026-08-12  Biamp Europe  https://www.biamp.com/company/careers
2026-08-12  Conscia Belgium NV  https://conscia.com/careers/
2026-08-12  Covestro  https://www.covestro.com/en/career
2026-08-12  Cryptobiotix  https://cryptobiotix.com/careers/
2026-08-12  DAVO GROUP  https://www.davogroup.be/jobs
2026-08-12  Culobel  https://www.culobel.com/nl/jobs/
2026-08-12  DE PAPE  https://horta.org/Over-Horta/Werken-bij-Horta/
2026-08-12  DEMAKO  https://demako-nv.be/jobs/
2026-08-12  DERCO SYSTEMS  https://www.derco.be/nl/p/vacature-2
2026-08-12  DYNAMIC SOFTWARE D.S  https://careers.smartrecruiters.com/DynamicSoftware1
2026-08-12  De Wit Bunkering  https://groepdewit.com/vacatures/
2026-08-12  Dentsply Implants  https://www.dentsplysirona.com/en-us/company/careers.html
2026-08-12  Deckers Bouwmaterialen  https://www.bouwpunt.be/jobs
2026-08-12  Dovre  https://dovrefire.com/jobs/
2026-08-12  Deroo Constructie  https://www.derooconstructie.be/nl/vacature/
2026-08-12  E.S.A.B  https://esabcorporation.com/careers/
2026-08-12  EPLAN  https://www.eplan.be/nl/organisatie/werken-bij-eplan/vacatures/
2026-08-12  ERALY VERZEKERINGEN  https://www.eralyverzekeringen.be/zin-in-de-job-van-je-leven-maak-het-mee-als-adviseur-verzekeringen/
2026-08-12  Floorify  https://www.floorify.com/nl-BE/werken-bij-floorify
2026-08-12  GARAGE GEBROEDERS DECKX  https://jobs.demobiliteitsmakelaar.be/
2026-08-12  FLOWTECH BELGIUM  https://www.flowtech-hydraulics.nl/nl/werken-bij
2026-08-12  GOVI PRODUCTION COMPANY  https://www.werkenbijgovi.com/nl
2026-08-12  EASICS  https://jobs.keysight.com/external/jobs
2026-08-12  Gilbos  https://www.gilbos.com/en/job/
2026-08-12  Groep Infrastructuur en Bouw  https://www.infrabo.be/projectverantwoordelijke-gebouwtechnieken-hvac-sanitair-2/
2026-08-12  HANSBEEKS SNELVERVOER  https://jobs.tml.group/en/index.aspx
2026-08-12  I-COATS  https://www.i-coats.net/category/jobs/
2026-08-12  HUTCHISON PORTS BELGIUM  https://werkenbiject.nl/
2026-08-12  IPOFA  https://www.gilsononline.be/nl/contact/vacatures
2026-08-12  Induver Brussel  https://www.groupinduver.be/nl/werken-bij-ons/onze-vacatures
2026-08-12  InOpSys  https://www.inopsys.eu/en/jobs/
2026-08-12  IPP Packaging Materials  https://ipp-pm.com/vacatures/hr-operations-specialist/
2026-08-12  JSR Micro  https://www.jsrmicro.be/careers
2026-08-12  Jeco Energies  https://jobs.jeco-energies.com/nl
2026-08-12  KH ENGINEERING BELGIE  https://www.technipfmc.com/en/careers/
2026-08-12  KRONOS EUROPE  https://www.kronosww.com/careers/
2026-08-12  Kemin Europa  https://www.kemin.com/na/en-us/careers
2026-08-12  LINERGY BENELUX S.A  https://www.linergy.be/nl/content/12-jobs
2026-08-12  LOTUS BAKERIES  https://www.lotusbakeriesjobs.com/en
2026-08-12  Les Rives Ringoot  https://lesrives.be/Jobs
2026-08-12  MAKITA  https://makita.careersite.be/nl
2026-08-12  MCS  https://spacewell.com/career/
2026-08-12  MENARINI BENELUX  https://menarini.be/nl/vacatures.html
2026-08-12  MCS-MIXE COMMUNICATION SOLUTIONS BELGIE  https://www.mcs-nl.com/over-mcs/vacatures/
2026-08-12  Monni Solutions  https://monni.be/nl/werken-bij-monni
2026-08-12  Molenbergnatie  https://www.molenbergnatie.com/en/jobs/
2026-08-12  Nexus Enterprise Diagnostics  https://werkenbijnexusnederland.nl/
2026-08-12  Nuscience Belgium  https://careers.agrifirm.com/?locale=en_US
2026-08-12  Oostendse Stuwadoor Services Compagnie  https://jobs.portoostende.be/nl
2026-08-12  Moderna Products  https://jobs.modernaproducts.com/nl
2026-08-12  Premia Insurance Europe  https://premiaholdings.com/careers
2026-08-12  PharmaFluidics  https://jobs.thermofisher.com/global/en
2026-08-12  RIMECO  https://jobs.abo-group.eu/nl?locaties=*Belgi%C3%AB*
2026-08-12  REFACOM  https://www.refacom.be/nl/about/14-vacatures/
2026-08-12  Quant ICT  https://quant.be/jobs-en/
2026-08-12  RECOMATICS  https://www.amista.com/careers/
2026-08-12  RÖHLIG BELGIUM  https://www.rohlig.com/career/working-at-roehlig/
2026-08-12  SENSOTEC  https://sensotec.be/over-sensotec/wie-zijn-we/vacatures/
2026-08-12  Roularta Media Group  https://www.roularta.com/merken/de-zondag-jobs/
2026-08-12  SHUTTLEWORTH EUROPE N.V  https://www.shuttleworth.com/about/careers/
2026-08-12  SIMABS  https://simabs.zohorecruit.eu/jobs/Careers
2026-08-12  STEENBERGEN  https://werkenbijsteenbergen.nl/
2026-08-12  Schenk Food  https://www.schenk-tanktransport.com/nl/vacatures/
2026-08-12  Specialiteiten Del Rey  https://www.delrey.be/pages/vacatures
2026-08-12  Strobbe Engineering  https://nvstrobbe.be/index.php/nieuws/2-jobaanbieding
2026-08-12  TDS LOGISTICS  https://group-gts.com/career/team/
2026-08-12  TORO EUROPE  https://jobs.thetorocompany.com/
2026-08-12  TIMMERMANS  https://www.timmermans.be/nl/content/jobs
2026-08-12  Thales DIS Belgium  https://cpl.thalesgroup.com/careers
2026-08-12  TRAYCO  https://www.trayco.eu/nl/jobs
2026-08-12  Transpico  https://www.transpico-indumove.com/nl/vacatures/
2026-08-12  Thesla  https://app.skillerjobs.be/jobseeker/nl-be/company/dfcd77e3-2a4b-4fc2-83f7-838c6728482f
2026-08-12  VAN DE VELDE CLEANING  https://www.vandevelde-inspections.be/nl/boeiende-vacatures/administratief-commercieel-medewerker
2026-08-12  The Java Coffee Company  https://www.javacoffee.be/nl/over-java-koffie/vacatures/
2026-08-12  VDL BELGIUM  https://www.werkenbijvdl.nl/vdl-belgium?utm_source=vdlbelgium&utm_medium=corporate&utm_campaign=werkenbij
2026-08-12  VDL Weweler-Colaert  https://www.weweler.eu/nl/vacatures-1
2026-08-12  VENTILEC  https://www.ventilecindustrial.be/nl/vacatures
2026-08-12  VERVOER TRANSMET  https://ninatrans.eu/jobs/
2026-08-12  VTM Quality Services  https://vtm-quality.nl/nl/werken-bij-vtm
2026-08-12  VOLVO GROUP BELGIUM  https://www.volvogroup.com/en/careers.html
2026-08-12  VLAEMYNCK  https://vlaemyncknatuurlijk.be/jobs/
2026-08-12  Vervoer Luypaert  https://www.transport-luypaert.be/jobs
2026-08-12  WIFAC  https://www.wifac.nl/vacatures
2026-08-12  YPCAR Cy  http://www.ypcar.be/nl/page_vacatures_11.aspx
2026-08-12  ZESPRI SERVICE CENTRE  https://careers.zespri.com/
2026-08-12  50five CAAS  https://50five.com/nl/nl/about/careers
2026-08-12  Ad Hoc Clinical  https://www.adhoc-clinical.com/career
2026-08-12  viabuild special services  https://www.viabuild.be/steam/
2026-08-12  Donker Groen Landscaping  https://www.landscaping.be/jobs/
2026-08-12  FIDUPLAN  https://www.pia.be/nl/carriere
2026-08-12  Ecowatt - Vandenbroecke  https://www.ecowatt.be/jobs
2026-08-12  GUIDO  https://www.guido.be/JobsStages.aspx
2026-08-12  HQ38  https://cartel.agency/nl/jobs
2026-08-12  IMI FABI BELGIUM  https://www.imifabi.com/127-Open-Positions.html
2026-08-12  INDUZZ3  https://www.induzz.be/jobs
2026-08-12  Innoscience Europe  https://www.innoscience.com/careers
2026-08-12  MAKKIE  https://www.daenens.be/nl/dienstencheques/ontdek-de-job
2026-08-12  MIRKO  https://mirko.be/jobs.html
2026-08-12  Masser  https://www.masser.be/bedrijf/jobs/
2026-08-12  Nymus  https://nymus.be/jobs/
2026-08-12  PAUL DE WINNE  https://www.wegeniswerken-pauldewinne.be/jobs/
2026-08-12  ROELANDT INTERIEURBOUW  https://www.roelandtinterieur.be/openstaande-vacatures
2026-08-12  SARPI Remediation  https://www.remediation.veolia.com/en-en/join-us
2026-08-12  TUINEN VAN STRYDONCK  https://tuinenvanstrydonck.be/werken-bij/
2026-08-12  YELBA  https://www.yelba.be/nl/vacatures-1
2026-08-12  Allez en route OF De Wolk Shop  https://de-wolk.be/allround-zorg/vacatures/werken-bij-de-wolk
2026-08-12  Worksgroup  https://worksgroup.be/vacatures/
2026-08-12  4 PLUS  https://www.vierplus.be/vacatures/
2026-08-12  A.A. KAMELEON  https://panelen.be/pages/vacatures
2026-08-12  ADVANCED MEASURING INSTRUMENTS  https://www.aminstruments.be/jobs
2026-08-12  AIKO architecten en ingenieurs  https://www.aiko.be/nl/be-part-our-team
2026-08-12  ALUPRO  https://www.verhulst.co/jobs/
2026-08-12  AMBULANCE SERVICE ALERT  https://ambu-alert.be/vacature
2026-08-12  AMBU-MED  https://jobs.firstcare.be/nl
2026-08-12  ANTLET  https://www.essentiel-antwerp.com/us/careers
2026-08-12  ANTWERP (FLEXI) TANK SERVICE  https://www.afts.be/vacancies/will-you-join-our-team/
2026-08-12  AQUACONCEPT  https://www.aquaconcept.be/jobs/
2026-08-12  ARCHITECTENBUREAU CAMPENS  https://campens.be/vacature.htm
2026-08-12  ARTAMON  https://theholyberry.com/blogs/vacatures
2026-08-12  ATELIER VIERKANT  https://ateliervierkant.com/news/224
2026-08-12  AVESTA HOLDING  https://www.avestaholding.com/jobs
2026-08-12  All Soil Assistance  https://www.asa-bv.com/vacature/
2026-08-12  Antenna  https://weareantenna.be/software/jobs
2026-08-12  Andys Car Solutions  https://jobs.acs.be/
2026-08-12  Aqua free Industries  https://www.aqua-free.com/en/career
2026-08-12  Architectenatelier S&T  https://atelierst.be/?page_id=1074
2026-08-12  Architectenbureau Leyman  http://tomleyman.be/vacature
2026-08-12  B-juxta architecten  https://b-juxta.be/jobs
2026-08-12  B-VEX  https://bvex.be/vacature/?type=1
2026-08-12  BAG-MacBen  https://www.bagmacben.eu/jobs
2026-08-12  BAX  https://bax-innovasteel.be/jobs/
2026-08-12  BENNET & BOSS BELGIUM  https://www.bennetboss.com/Careers-and-Culture.html
2026-08-12  BLICKLE  https://www.blickle.be/nl-be/carri%C3%A8re
2026-08-12  BOONE  https://boonebv.be/nl/vacature/
2026-08-12  BRAXO  https://jobs.dewaterbus.be/
2026-08-12  BURO GROEN  https://www.burogroen.be/vacatures
2026-08-12  Baked by BAKED  https://baked.be/blog/2021/06/30/vacature-hulp-op-donderdag/
2026-08-12  Becra  https://www.becra.be/vacatues/
2026-08-12  BeyondERP  https://www.beyonderp.be/join-us
2026-08-12  Boyum IT Solutions  https://www.netronic.com/microsoft-dynamics-365-business-central/visual-jobs-scheduler
2026-08-12  CALLAS CONFITURE  https://callasconfiture.be/pages/vacatures
2026-08-12  CAD CONCEPT  https://www.cadconcept.be/jobs
2026-08-12  CASA VERO  https://www.casavero.be/jobs/index.html
2026-08-12  CERTUM ENGINEERING  https://certum-engineering.be/vacature/
2026-08-12  CML Construction Services  https://karriere.strabag.com/be
2026-08-12  COACHING COMPANY  https://coachingcompany.be/ons-team-versterken/
2026-08-12  CREDOPHAR  https://ceres-pharma.com/nl/carriere
2026-08-12  CREATIC  https://creatic.jobs/
2026-08-12  CUBIK  https://cubik-plastics.be/jobs.html
2026-08-12  CYBIT  https://www.sequrity.be/nl/nieuws/jobs-7920/
2026-08-12  Cats & Dogs  https://catsendogs.be/cd_nl/winkels-evenementen/winkels/sint-job
2026-08-12  CastBikes  https://www.schwalbe.com/nl/recycling-system/?gad_source=1&amp;gad_campaignid=22938914827&amp;gbraid=0AAAAA-2x7oyol9Vqf0UYcBU67DSYUfhWt&amp;gclid=Cj0KCQjw7IjOBhDyARIsAFzrWQz-vKJZKz4-_dgnxQaRxacN0Dse0hh05904w4ND31qDBOd30ugmeUcaAgZ2EALw_wcB
2026-08-12  ClimaTronix  https://jobs.climatronix.store/
2026-08-12  Classid  https://classid.io/website/jobs
2026-08-12  CultureSuite BE  https://culturesuite.recruit.charliehr.com/careers
2026-08-12  DAVIDSON BELGIUM  https://www.davidson.group/nos-offres
2026-08-12  DE WAELE ADVIESGROEP  https://dwag.be/ervaren-private-banker
2026-08-12  DE WITTE ZWAAN  https://www.dewittezwaan.be/pages/jobs
2026-08-12  DEBAERE & VERSTRAETE  https://businesslabjobs.com/
2026-08-12  DENIOS  https://www.denios.be/onderneming/carriere/
2026-08-12  DHONDTMECHANICS  https://dhondtmechanics.be/vacature/
2026-08-12  DSIT Belgium  https://www.dsit.be/werken-bij-dsit/
2026-08-12  De Vreese Recycling  https://www.bertcontainers.be/jobs/
2026-08-12  Diamanti Per Tutti  https://www.dpt-antwerp.com/careers
2026-08-12  DigiViking  https://digiviking.be
2026-08-12  Dillen Technologies  https://www.dillen.io/company/career/
2026-08-12  Docteur Frédéric Piérart  https://www2.telenet.be/corporate/nl/careers.html
2026-08-12  Dott. Places  https://www.concrete.be/contact
2026-08-12  Dr. Egbert van Wijk  https://www.huisartspraktijkginkgo.be/vacatures/
2026-08-12  Dr. Peter Nordin - Psychiater  https://kinderencentraal.be/vacature.php
2026-08-12  E & J LEENKNEGT  https://www.elisalee.be/over-ons/overzicht-vacatures
2026-08-12  E.C.K  https://eck-brio.be/vacatures/
2026-08-12  EFFENSO  https://www.effenso.com/nl/service/vacatures/
2026-08-12  EGIDE MEERTENS PLUS ARCHITECTEN  https://www.egidemeertens.be/pagina/vacatures
2026-08-12  ELMECO SERVICES BELGIUM  https://www.elmeco.be/vacature-inside-sales-engineer/
2026-08-12  ENSEK Benelux  https://careers.ensek.com
2026-08-12  EUREKA EXPERT  https://eureka.eu/vacatures/
2026-08-12  EXMAR VLGC  https://exmar.com/en/vacancies/
2026-08-12  EasyOrder  https://www.easyorderapp.com/nl/jobs/stages
2026-08-12  Eco - Vision  https://www.eco-vision.be/nl/jobs/
2026-08-12  EcoSolve  https://www.eco-solve.be/en/jobs
2026-08-12  Embo Architecten  https://embo-architecten.be/vacature
2026-08-12  Encerta  https://encerta-0bc748.webflow.io/vacatures
2026-08-12  Eniris  https://eniris.com/nl/work-at-eniris
2026-08-12  EventSquare  https://www.eventsquare.io/be/jobs
2026-08-12  Enwyse Belgium  https://enwyse.be/nl/over-enwyse/#vacatures/
2026-08-12  FLEXTHOR  https://flexthor.com/contact?subject=careers
2026-08-12  FLOWMOTION  https://www.flowmotion.be/?page_id=17
2026-08-12  FORCEBIT  https://www.forcebit.eu/blog/condition-monitoring-is-not-the-biggest-opportunity-for-machine-builders
2026-08-12  FULLSEND  https://www.fullsend.be/contact
2026-08-12  FUROO  https://www.furoo.eu/nl/jobs
2026-08-12  Fashion Republic Retail België  https://artunapoli.com/pages/carrieres
2026-08-12  Fumaci  https://fumaci.be/pages/vacature
2026-08-12  Future Services Int  https://futureservices.eu/your-career/
2026-08-12  GC Mechelen  https://gezondheidscentrummechelen.be/vacatures/
2026-08-12  GDPRbegeleiding  https://mtea.be/vacatures/
2026-08-12  GDR-ARCHITECTEN  http://www.gdr-architecten.be/vacatures/
2026-08-12  GASTRO-ENTEROLOGIE TONGEREN  https://www.werkenbijazvesalius.be/
2026-08-12  GEO.XYZ  https://jobs.geoxyz.be/en
2026-08-12  GETEC Belgium  https://www.getec-energyservices.com/en/about-getec/careers
2026-08-12  GETFLIGHTS  https://www.getflights.com/en/jobs
2026-08-12  GLOBAL SMILE  https://globalsmile.be/opleidingen/
2026-08-12  GRAVELART  https://gravelart.groupslabbinck.be/jobs
2026-08-12  GUY VAN TORNHOUT  https://vt.be/pages/jobs
2026-08-12  Gezondheid in beweging  https://www.gezondheidinbeweging.be/vacature
2026-08-12  Gigue Corporation  https://gigue.com/pages/jobs
2026-08-12  Great Moments  https://greatgranola.be/pages/jobs
2026-08-12  Groep VE  https://vestad.be/vacature.html
2026-08-12  HA.AS  https://www.nilsduerinck.be/vacature
2026-08-12  HAMMER DISTRIBUTION BE  https://careers.dcc.ie/exertis
2026-08-12  HERMANS EN VAN HOOF  https://www.kbc.be/ondernemen/nl/artikel/einde-ondernemerscarriere/pensioen/vrij-aanvullend-pensioen-zelfstandigen.html?zone=topnav
2026-08-12  HET KABINET  https://www.osteopaatberchem.be/vacature
2026-08-12  HG Architectuur  https://hgarchitectuur.be/jobs-architectuur
2026-08-12  HOOLANTS BETON  http://www.hoolants-beton.com/vacatures.html
2026-08-12  HUMAN MATTERS  https://www.humanmatters.eu/testimonial/talenthike/
2026-08-12  HUMMUS  https://hummus-deepdemocracy.be/about-hummus/vacatures/
2026-08-12  Heremans Ramen  https://heremansramen.be/vacatures.html
2026-08-12  Huyse  https://www.it4u.be/jobs/
2026-08-12  Hyler  https://www.hyler.be/job/
2026-08-12  INCERTA  https://www.bizzmine.com/work-at-bizzmine/
2026-08-12  Institut Belge de lEmballage-Belgisch Verpakkingsinstituut  https://www.ibebvi.com/nl/vacancies
2026-08-12  JDL ENERGY  https://certipoint.be/vacatures/
2026-08-12  JOGO LOGISTICS  https://jogologistics.com/werken-bij-jogo-logistics
2026-08-12  Jens Segers  https://jenssegers.com/a-stateless-blog-with-webmentions
2026-08-12  KINDERPRAKTIJK HUPSAKEE  https://kinderpraktijkhupsakee.be/therapeuten/vacature
2026-08-12  KUNA FISH  https://www.fileerbedrijf.be/vacatures.html
2026-08-12  Kedero.com  https://kedero.com/nl/vacature/
2026-08-12  Kakadu Media  https://kakadu-media.ca/lost-revenue-opportunities-analysis/
2026-08-12  KineCor  https://www.kinecor.be/vacature
2026-08-12  Klima-thuis  https://jobs.wordpress.com/
2026-08-12  LAUNDRY LAB  https://www.laundrylabagency.com/copy-of-f-a-q
2026-08-12  LGH CONSULTANCY & SERVICES  https://www.la-sensa.be/nl/join-our-team
2026-08-12  LIBAIR  https://www.libair.be/onze-jobs
2026-08-12  LIFE EXPERTS  https://lifeexperts.be/documenten/mypension-mycareer/
2026-08-12  LIFE IS NOW  https://www.babybelugastore.com/service/disclaimer/
2026-08-12  LISTYCON  https://listycon.be/opportunities.php
2026-08-12  Laborex  https://www.laborex.com/nl/vacatures/
2026-08-12  Leonard Architecten  https://www.dbl-a.be/vacatures
2026-08-12  MAESSCHALCK AND PARTNERS  https://www.movetocure.com/vacature
2026-08-12  MAKE YOUR MOVE DANCE COMPANY  https://www.makeyourmovedancecompany.be/vacatures/
2026-08-12  MARCOTRANS  https://marcotrans.eu/index.php/vacatures
2026-08-12  MARKET PAY BELGIUM  https://carreers.market-pay.com/
2026-08-12  MEAM Holding  https://meam-international.com/careers/
2026-08-12  MOROBÉ  https://www.morobe.com/pages/jobs-opportunities
2026-08-12  MOVATRANS  https://www.srwgroep.be/vacatures
2026-08-12  MURRELEKTRONIK  https://www.murrelektronik.be/be-nl/onderneming/carriere/werken-bij-murrelektronik/
2026-08-12  Midi Drinks  https://midiaperitifs.com/pages/jobs
2026-08-12  Ministerie van Unieke Zaken  https://von-b.be/vacature/
2026-08-12  Morssinkhof Plastics België  https://careers.morssinkhof-rymoplast.com/
2026-08-12  Motulus  https://motulus.aero/news-events/in-conversation-with-our-founders/
2026-08-12  NEXT UPS SYSTEMS  https://nextups.eu/next-ups-systems-plus/
2026-08-12  ONS TUINARCHITECTUUR  https://ons-tuinarchitectuur.be/jobs/
2026-08-12  OPTIMOGROUP  https://www.growl.be/jobs/
2026-08-12  OTIV  https://www.otiv.ai/about-us
2026-08-12  Oosterbosch en zonen  https://oosterboschbmt.be/vacatures/
2026-08-12  Optios  https://jobs.optios.net/
2026-08-12  Otherside at Work Belgium  https://www.othersideatwork.be/nl-be/vacatures
2026-08-12  PAPERBOX  https://paperbox.ai/about
2026-08-12  PANTELCO  https://jobmotivation.be/iwam/
2026-08-12  Octave  https://octave.energy:443/nl/over-ons/join-us/
2026-08-12  PERSONAL TOUCH MANAGEMENT  https://www.dominiquemonami.be/nl/career
2026-08-12  PEER STUDIO  https://www.peer-studio.be/jobs/
2026-08-12  PHYSIBEL  https://www.physibel.be/en/career
2026-08-12  PREDIKT  https://predikt.ai/about-us/careers
2026-08-12  PartsCare Invest 03  http://www.partscare.aero/job-opportunities.html
2026-08-12  PowerPulse  https://power-pulse.com/jobs
2026-08-12  Pulsar Power  https://www.perpetumenergy.com/jobs
2026-08-12  RABONA DIGITAL  https://studiorabona.be/jobs/
2026-08-12  RECYCA  https://www.recyca.be/nl/algemeen-company/werken-bij-recyca
2026-08-12  REVA-LAPIERRE  https://reva-lapierre.be/vacature.html
2026-08-12  RiskSolutions  https://www.risksolutions.be/nl/join-us
2026-08-12  Room108 Brugge  https://room108.com/be/vacatures/
2026-08-12  SLIMMERBOUWEN  https://www.remels.be/vacature-installateur-hvac/
2026-08-12  SMAK ARCHITECTS  https://www.smakarchitects.eu/job
2026-08-12  SMEETS LASWERKEN  https://smeetslaswerken.be/vacature/
2026-08-12  SPRANCO-MATIC  https://www.spranco-matic.be/nieuws/vacature-monteur
2026-08-12  STEPS VASTGOED  https://depannagesteps.be/?&jobs
2026-08-12  STUDIO FLUO  https://studio-fluo.be/
2026-08-12  Sia Store  https://www.siastore.be/nl/content/vacature
2026-08-12  Smartendr  https://www.smartendr.com/careers
2026-08-12  Solar Power Systems  https://www.solarpowersystems.be/vacatures/
2026-08-12  Spectra  https://www.bureauspectra.be/over-ons
2026-08-12  Spendless  https://spendless.be/cyberverzekeringen-worden-goedkoper-opportuniteit-of-vals-gevoel-van-veiligheid/
2026-08-12  Spider Kitchens  https://www.spiderkitchens.be/vacature-plaatser-monteur/
2026-08-12  Stal Cleaning  https://stalcleaning.be/vacature/
2026-08-12  Studiebureau Ars Horti  https://www.arshorti.be/kopie-van-bureau-1
2026-08-12  Studio Nok Nok  https://www.studionoknok.be/c-5596191/job/
2026-08-12  Sundo  https://www.sundodispensers.com/en/jobs
2026-08-12  TAXI LOCAL  https://luchthavenvervoer-antwerpen.be/luchthavenvervoer-Sint-Job-int-goor.html
2026-08-12  TENSIO  https://www.tensio.be/nl/over-ons/onze-vacatures
2026-08-12  Studio Wolligheid  https://www.sustainerp.be/jobs
2026-08-12  THOCHA  https://www.medischtrainingscentrum.be/vacature-kinesitherapeut/
2026-08-12  TRANSFENNICA BELGIUM  https://www.transfennica.com/miscellaneous/job-applications
2026-08-12  TRANSPORT J&M  https://jmtransport.be/nl-jobs/
2026-08-12  TRIPOD architecten  https://www.tripodarchitecten.be/vacature
2026-08-12  TalemTe  https://careerpoint.be/frances_noppe.html
2026-08-12  TerUsus  https://terusus.com/EN/jobs.html
2026-08-12  The Louxx  https://thelouxx.be/pages/vacature-rechterhand
2026-08-12  Tills Solutions  https://tillssolutions.be/vacatures/
2026-08-12  Transport L. Van Bogaert  https://www.transportvanbogaert.be/solliciteer/
2026-08-12  TurnUp  https://www.turnup.world/en-jobs/
2026-08-12  UTOPIAH  https://utopiah.be/join-us-facebook
2026-08-12  UNIWEB  https://www.uniweb.eu/jobs
2026-08-12  VAN BASTELAERE  https://vanbastelaere.be/vacature/
2026-08-12  VERBINNEN  https://www.verbinnen.eu/jobs/
2026-08-12  VILS Belgium  https://www.vils.pro/available-jobs
2026-08-12  VULCANO CONSULTING  https://fortivo.be/vacature/
2026-08-12  Vanden Boer & Partners  https://www.coverd.be/jobs/
2026-08-12  Veloscope  https://www.veloscope.be/content/9-vacature-fietstechnieker
2026-08-12  Vermedi  https://huisartsen-sint-elooi.be/vacature
2026-08-12  Volef  https://www.luxuryformen.com/jobs
2026-08-12  WAREGEMSE RIJSCHOOL  https://www.waregemserijschool.be/contact/vacature
2026-08-12  WASABI GROUP  https://www.wolvesandwarriors.com/jobs/
2026-08-12  WAUTERS-COOLSAET  https://codent.be/vacaturecodent-be/
2026-08-12  WIKA  http://rijschoolwika.be/jobs/
2026-08-12  WESERVE BELGIUM  https://www.weserve.nl/vacatures/
2026-08-12  Waves  https://wavesleuven.be/about-us/
2026-08-12  Wobby  https://www.actian.com/company/careers/
2026-08-12  Woosh  https://woosh.care/pages/vacatures
2026-08-12  XPERT SERVICE  http://xpertservice.com/
2026-08-12  YAPPA  https://www.yappa.be/nl/ons-werk/ethias-jobsite
2026-08-12  Zakenkantoor Van Reeth  https://www.vanreethvastgoed.be/nieuws/versoepeling-renovatieplicht-biedt-opportuniteiten
2026-08-12  Zenchef Belgium  https://www.zenchef.com/nl/vacatures
2026-08-12  Zakenkantoor Bruynseels  https://gorrisverzekeringen.be/jobs/
2026-08-12  Zealogics Europe  https://zealogics.com/zealogics-careers/
2026-08-12  live light  https://www.live-light.com/nl/jobs-careers?&amp;&amp;&amp;&amp;&amp;&amp;&amp;&amp;&amp;&amp;&amp;&amp;&amp;&amp;&amp;&amp;&amp;&amp;&amp;&amp;&amp;&amp;&amp;&amp;&amp;&amp;&amp;&amp;&amp;&amp;&amp;
2026-08-12  the network factory  https://www.thenetworkfactory.be/jobs
2026-08-12  “LUCAS MEUBELEN ROOSDAAL - HAALTERT” en ”LOFT INTERIEUR by LUCAS”  https://loftinterieur.be/vactures/
2026-08-12  A&T BOEKHOUDING EN FISCALITEIT  https://aptf.be/werken-bij-at
2026-08-12  A-WOOD  https://www.aradec.be/vacature/
2026-08-12  ABD-ELECT GROUP  https://jobyourself.be/soufian-dumortier-electricien-et-specialiste-en-domotique/
2026-08-12  ACCO MECHELEN  https://join.accogroup.be/
2026-08-12  ACCINVA  https://www.accinva.be/vacature
2026-08-12  ADEGRO INFRASTRUCTUURWERKEN  https://adegro.be/vacatures.html
2026-08-12  ADVENSO  https://positivejobs.be/
2026-08-12  ADVIUS  https://www.advius.be/jobs
2026-08-12  ALTEMO  https://jobs.weebly.com/
2026-08-12  ALNUS  https://alnus.be/nl/diensten/managementteam-versterken
2026-08-12  ASGH  https://www.asgh.be/vacature
2026-08-12  ASM TAX CONSULT  https://jobs.moore.be/
2026-08-12  ATOM  https://atom.be/vacature/
2026-08-12  Accountantskantoor Marc Van Gysel  https://www.vdvconsultants.be/jobs/
2026-08-12  Advocaat Isabelle Parmentier  https://www.advocaatparmentier.be/vacatures/
2026-08-12  Advocatenkantoor Brondel, Petitat & Baele  https://www.bpb-advocaten.be/nl/vacatures
2026-08-13  AVENO  https://www.aveno.be/p/jobs.html
2026-08-13  DAJOKA  https://www.dajoka.be/p/jobs.html
2026-08-13  MechaTronix Europe  https://www.horti-growlight.com/en/careers
2026-08-13  GHENT DREDGING  https://www.ghentdredging.be/vacatures
2026-08-13  LIBRECO  https://www.libreco.be/jobs
2026-08-13  I-Manas  https://www.lasmanas.be/vacature-horeca/
2026-08-13  John Sisk & Son (Belgium)  https://sisk.com/careers
2026-08-13  PAS DE DEUX  https://www.pasdedeux.be/mvc/page.jsp?id=58
2026-08-13  MANOH  https://www.manoh.be/jobs
2026-08-13  Algemene Dakwerken Christophe Verlinden  https://dakwerkenbrakel.be/vacatures/
2026-08-13  Allocking Automatic Doors en Smartking  https://allocking.com/jobs
2026-08-13  Aria Consultancy  https://cnxt.be/vacatures/
2026-08-13  BDO ACCOUNTANTS & TAX ADVISORS  https://www.bdo.be/en-gb/careers
2026-08-13  BEPAC BELGIUM  http://www.be-pac.be/job/
2026-08-13  BIOSYNERGY  https://www.biosynergy.be/nl/stages-%26-vacatures/
2026-08-13  BLANCKAERT ACCOUNTANCY  https://blanckaertaccountancy.be/vacature
2026-08-13  BOUWWERKEN CLOET  https://www.bouwwerkencloet.be/vacatures
2026-08-13  BOWBOW TOTAALAANNEMINGEN  https://bowbow.be/bouwkundig-tekenaar
2026-08-13  BR Cleaning  https://brcleaning.be/vacaturen/
2026-08-13  BRECODE  https://www.hugedomains.com/
2026-08-13  Bart Meers  https://bartmeers.be/vacature/
2026-08-13  Bernard Delodder  https://vanhie-vandaele.be/vacatures/ervaring-bouw/
2026-08-13  Blue I  https://bluei.group/careers/
2026-08-13  Boekhoud.Expert  https://boekhoud.expert/vacature-boekhoudkundig-medewerker/
2026-08-13  Bouwlink  https://bouwlink.be/portfolio/job/
2026-08-13  Bouwonderneming Lemahieu  https://www.lemahieubv.be/jobs
2026-08-13  Bouwwerken Goderis  https://www.bouwwerkengoderis.be/vacature
2026-08-13  Braingain  https://www.braingain.be/career-coaching/
2026-08-13  C-Maxi  https://c-maxi.com/belangrijke-mededeling-valse-vacatures-in-omloop/
2026-08-13  CODEKA  https://bnl.sfs.com/nl-nl/over-sfs/werken-bij-sfs
2026-08-13  COMMIT ADVOCATEN  https://www.commitlaw.be/vacature
2026-08-13  CONSIUS ACCOUNTANTS & BELASTINGCONSULENTEN  http://consius.be/nl/vacature/
2026-08-13  CROENE RENOVATIE CRM  https://croenerenovatie.be/?page_id=115
2026-08-13  CRUISE PLUS  https://cruiseplus.be/cps_cruiseinformatie.asp?ID=1247
2026-08-13  CUP CONCEPT Belgium  https://cupconcept.com/be-nl/onderneming/jobs/
2026-08-13  Circle-Fit België Exploitaties  https://www.circle-fit.com/jobs
2026-08-13  Cofak  https://werken-bij.hostnet.nl/
2026-08-13  Crowe Vandelanotte ++  https://careers.crowe.com/
2026-08-13  DALLI Accountancy & Tax Services  https://www.dalli.be/nl/carrieres
2026-08-13  DDC Design  https://www.ddcdesign.be/derniers-jobs/
2026-08-13  DE SMET S&C  https://remotec.be/nl-be/vacatures
2026-08-13  DEAR DIGITAL  https://www.deardigital.com/pages/jobs
2026-08-13  DELE PRINTING  https://www.zquadra.be/over-zquadra
2026-08-13  DISA International Holding  https://www.disa-international.com/jobs
2026-08-13  DM Accounting  https://www.dmacc.be/vacatures
2026-08-13  DOORSTEP  https://doorstep.be/kennis/belgische-vacature-index/
2026-08-13  De Bock & C° Accountants en Belastingconsulenten  https://www.ydb.be/vacature
2026-08-13  De Cijferraad  https://www.decijferraad.be/vacature-accountant/
2026-08-13  De Ferm-Van Oostveldt, geassocieerde notarissen  https://notaris.jobs/careers/tracking?slugId=352107
2026-08-13  De Maesschalck Installatietechnieken  https://dminstal.be/Vacature.html
2026-08-13  Dennis Damen Personal Trainer  https://www.fit20.com/
2026-08-13  Digi-Motions  https://digi-motions.be/job-online-marketing/
2026-08-13  Dotweb  https://bittermelon.be/vacatures/
2026-08-13  EDISONS  https://www.itexperts.be/jobs/
2026-08-13  EIHPOS Group  https://eihpos.com/Jobs
2026-08-13  ELEKTRO TECHNIEK DE PAUW  https://elektrotechniekdepauw.be/vactures/
2026-08-13  ENSOLTEC  https://www.ensoltec.be/jobs
2026-08-13  ETB Support Solutions  https://etb-group.com/en/career/
2026-08-13  EXAGO  https://www.exago.be/jobs
2026-08-13  EWP VAN RIET  https://www.ewp-vanriet.be/jobs/
2026-08-13  FDW Consult Services  https://jobs.webnode.page/
2026-08-13  FIDEXCO  https://www.fidexco.be/index.php/vacature/
2026-08-13  FERRULEX  https://www.aglos.be/vacatures
2026-08-13  FISCAAL ACCOUNTANTS LAMBRICHTS  https://www.falq.be/jobs
2026-08-13  FLEUR YOUR OFFICE  https://www.fleuryouroffice.be/vacature
2026-08-13  FMJ E&I Antwerpen  https://fmj.nl/vacature
2026-08-13  Fantastic  https://www.brigada.be/careers
2026-08-13  FVB COACHING  https://www.fvbcoaching.be/life-en-job-coaching/
2026-08-13  Florian Tomballe  https://www.episil.net/sv/author/mildmedia/
2026-08-13  Fluxa  https://fluxa.be/vacatures/
2026-08-13  Frank Deleu  https://www.pleisterwerkendeleu.be/project/pleisterwerken-bijgebouw/
2026-08-13  Fonsny 9  https://www.jillhotel.com/travaillez-avec-nous/
2026-08-13  G&H ELEKTRICITEITSWERKEN  https://www.ghelek.be/solliciteer-hier/
2026-08-13  GLOBAL FISCAL SERVICES  https://globalfiscalservices.com/jobs/
2026-08-13  GO-BLUE  https://www.go-blue.be/vacature/
2026-08-13  GROOVEX  https://skivakanties.groovex.be/monitor-worden-zomer-vakantie/
2026-08-13  Geheugen Collectief  https://geheugencollectief.be/vacature2026/
2026-08-13  Gelotology  https://www.gelo.studio/jobs
2026-08-13  HDR Garden  http://hdrgarden.be/Vacatures.html
2026-08-13  HOMO SAPIENS SAPIENS  https://www.masresearch.be/nl/jobs
2026-08-13  HOUSE SOLUTIONS  https://housesolutions.be/vacature/
2026-08-13  HUIZEN OM TE AARDEN  http://www.hota.coop/jobs
2026-08-13  HertLease  https://hertlease.be/nl/jobs
2026-08-13  Hof Ter Leeuwe  https://www.hofterleeuwe.be/vacatures
2026-08-13  Håndlayer  https://www.handlayer.com/nl/vacature
2026-08-13  Huren voor Events  https://hurenvoorevents.be/vacatures/
2026-08-13  INDUSTRIAL MAINTENANCE AND CONSULTING  https://imacbelgie.be/nl/jobs-nl
2026-08-13  Inc  https://inclusief.be/jobs
2026-08-13  J. Lemmens en Zonen  https://www.bossuytshopinteriors.be/nl/jobs/
2026-08-13  JALS Management  https://kempas.be/nieuws/nieuwe-spelregels-voor-flexi-jobs-vanaf-1-juli-2026-waarmee-moet-je-als-zaakvoerder-rekening-houden/
2026-08-13  JLM Agency  https://jlm.agency/elementor-12118/
2026-08-13  JETA  https://www.syndicusdiensten.be/over-ons/vacature/
2026-08-13  JOBEQ  https://jobeq.com/articles/why_jobEQ.htm
2026-08-13  JNS Betonboringen  https://www.jnsbetonboringen.be/vacature/
2026-08-13  Jarco Caers  https://jarcocaers.be/residentiele-elektriciteitswerken/
2026-08-13  KAMA ACCOUNTING EN FISCALITEIT  https://www.kamaretie.be/over-ons/vacature-dossierbeheerder/
2026-08-13  KAPMES  https://kapmes.be/career/
2026-08-13  KASPERS TECHNICS  https://kaspers-technics.be/jobs/
2026-08-13  KIDS KINGDOM  https://www.kidskingdom.be/copy-of-vacatures
2026-08-13  KRISKI  https://kriski.be/vacature-reisexpert-skivakanties/
2026-08-13  Ken De Vos  https://www.kendevos.be/pages/vacatures
2026-08-13  Konsilium Vobis  https://konsilium-vobis.be/vacature/
2026-08-14  Flanders Food Productions  https://www.flandersfoodproductions.be/p/jobs.html
2026-08-14  DEROO METALCARE  https://www.deroometalcare.be/nl/vacatures/
2026-08-14  A-CHIEF  https://www.a-chief.be/p/jobs.html
2026-08-14  L & E Construct  https://groepeerdekens.be/jobs/
2026-08-14  LANGBEEN – ACCOUNTANCY & TAX ADVISORS  https://www.mycareer.be/nl/
2026-08-14  LAMBADVO  https://iustica.be/nl/blog/contracten-en-juridische-bescherming-jonge-sporters-gids-voor-ouders
2026-08-14  LEC ENERGY SOLUTIONS  https://lec-energysolutions.be/vacature-hernieuwbare-energie/
2026-08-14  LINES N TONES  https://sparkx.com/vacatures/bijbaan-sport-experience-host/
2026-08-14  LQ Academy of LQ Group  https://lq.team/about-lq/
2026-08-14  LOTEC  https://lotec.nl/vacatures/
2026-08-14  Limburgs Klimatiseringsbedrijf  https://www.lkbzonhoven.be/p/vacatures.html
2026-08-14  MAD ABOUT YOU  https://www.madaboutyou.eu/case/sdworx-international-employer-brand/
2026-08-14  MAGIS.agency  https://bananas.be/jobs/
2026-08-14  MAEK  https://www.drukkerijarijs.com/vacatures/
2026-08-14  MARCO POLO CONSULTANCY  https://jobs.flp.com/
2026-08-14  MATCHING FIGURES  https://matchingfigures.be/vacature-dossierbeheerder-accountancy-in-ranst/
2026-08-14  MEUBELEN DEVRIESE  https://www.devrieseinterieurmaekers.be/jobs
2026-08-14  MIJN BOEKHOUDER TOM  https://mijnboekhoudertom.be/carriere-ervaring/
2026-08-14  MDO Technics Belgium  https://mdogroup.eu/jobs-at-mdo
2026-08-14  MOBISOL  https://www.mobisol.be/over-ons/monteur/
2026-08-14  MORLITERM  https://www.morliterm.com/copie-de-carri%C3%A8re
2026-08-14  Maintenance Company Vanhee  https://www.mcv-bvba.be/jobs
2026-08-14  Navigation by Numbers  https://numbercrunchers.be/jobs/
2026-08-14  Nominti  https://www.b12sites.com/careers
2026-08-14  ODIGO ADVOCATEN KORTRIJK-GENT-BRUSSEL  https://www.odigo.eu/nl/carriere
2026-08-14  One Inch Whale  https://oneinchwhale.com/about-us/our-waves-of-opportunity/
2026-08-14  Organdipity  https://organdipity.be/cases/q-jobs
2026-08-14  PAGE-37  https://page-37.com/career/
2026-08-14  P.Roll  https://proll.be/flexijobs-in-alle-sectoren/
2026-08-14  PARKETVLOEREN BRAM BOSSUYT  https://www.parketbossuyt.be/wij-werven-aan-gemotiveerde-parketteur-plaatsing-en-renovatie
2026-08-14  PL Agency BV  https://www.lauwerijs.be/jobs
2026-08-14  PREVENTOR  https://prevom.be/vacatures/
2026-08-14  PROSPERO & PARTNERS  https://www.prospero.ag/jobs/advocacy-trainee/
2026-08-14  PUBLIPHOTO  https://publiphoto.be/jobman.html
2026-08-14  PVDM Accounting & Advice  https://pvdm.eu/vacatures/
2026-08-14  Perez Content Hub  https://www.perezcontenthub.com/jobs/content-marketeer
2026-08-14  Perk & Blad  https://www.perkenblad.be/vacatures
2026-08-14  PlayTreks  https://www.playtreks.com/built-for/established-music-professionals/
2026-08-14  Pylyser Fiscaal Accountants  http://pylyser.be/vacature/
2026-08-14  QUALITY FIT  https://fitality.be/jobs/
2026-08-14  RENTOPIA  https://puls.be/vacatures
2026-08-14  RM Accountants en belastingconsulenten  https://www.rmaccountants.be/carriere/
2026-08-14  ROORYCK & Co  https://www.rooryco.be/careers/
2026-08-14  ROVANHE  https://www.vsdc.be/en/careers
2026-08-14  Ramenwasser ClearView  https://www.ramenwasser.com/vacatures
2026-08-14  Ramenplaatser  https://www.ramenplaatser.eu/onze-vacatures/
2026-08-14  Renier.Tax  https://www.renier.tax/carri%C3%A8re
2026-08-14  Reno-Bo en Co  https://reno-bo.be/vacature
2026-08-14  Riet Vander Schelde  https://deloittebe.avature.net/en_US/careerslegal/SearchJobs?icid=top_
2026-08-14  SCHILDERWERKEN, BINNENHUISINRINCHTING, DE WITTE  https://schilderwerken-dewitte.be/jobs/
2026-08-14  SCHOONMAAKBEDRIJF NEMEGHEER  https://www.groepnemegheer.be/werken-bij-ons
2026-08-14  SIA - SterkInAdministratie  https://www.sterkinadministratie.be/vacature/
2026-08-14  STIMAA-PEETERS  https://www.groepstimaa.be/jobs-vacatures-stageplaatsen/
2026-08-14  TD Service  https://tdservice-energietechniek.be/vacature-installateur/
2026-08-14  THE COLLECTIVE CONSULTING  https://thecollective.eu/join-us/
2026-08-14  TRIXXO RIEMST  https://www.trixxo.be/nl/jobs/
2026-08-14  TUINEN DEBIE  https://www.tuinendebie.com/vacature/
2026-08-14  TUINEN PATTYN  https://www.tuinenpattyn.be/jobs
2026-08-14  TUINEN LENEER  https://www.tuinenleneer.be/jobs
2026-08-14  TURBO  https://www.turbo-ontstoppingsdienst.be/p/jobs.html
2026-08-14  The Chicken Factory  https://jenteboone.com/casino-winbeatz-avis-sur/
2026-08-14  The.Team: Football Belgium  https://the.team/about/careers/
2026-08-14  Tuinen Sercu  https://www.tuinensercu.be/vacature
2026-08-14  UCAST  https://www.pixee.be/vacatures
2026-08-14  VACCOUNT  https://vac.eu/wp-content/uploads/2025/07/vacature-directeur.pdf
2026-08-14  VALBUSKO  https://valbusko.be/schrijnwerker-regio-haaltert/
2026-08-14  VANWALLEGHEM  https://boone-travel.com/over-ons/jobs/
2026-08-14  VDB Productions  https://www.vdbproductions.be/vacature/
2026-08-14  VDC INTERIEUR  https://www.vdc-interieur.be/wij-breiden-uit-welkom-onze-familie
2026-08-14  VEAUDEVILLE  https://veaudeville.be/jobs.html
2026-08-14  VERMEULEN WILLIAM  https://www.bvbavermeulenwilliam.be/vacatures
2026-08-14  VERITEC  https://www.veritec.be/veritec-vacatures-elektricien-elektrotechnieker-in-kruisem/
2026-08-14  VESTAL  https://vestalcommunication.com/jobs/
2026-08-14  VLAAMS ERFGOED CENTRUM  https://www.unitedexpertsgroup.be/nl/jobs?f%5B0%5D=brands%3ARuben%20Willaert%20nv
2026-08-14  VORSSELMANS  https://www.garagepoorten-garvo.be/vacatures/
2026-08-14  VTKamerontwerp  https://www.maatmeesters.be/vacatures/
2026-08-14  Van Nunen Woodart  https://vannunenwoodart.com/vacature
2026-08-14  Vanhaecke, Devriendt & Rosseel  https://vadero.webnode.be/vacature/
2026-08-14  VoiceProductions Group  https://www.voiceproductions.com/en/jobs
2026-08-14  WD BaSa  https://wedance.be
2026-08-14  fielddrive  https://www.fielddrive.com/careers
2026-08-14  BRANDWEERDIENSTEN-SERVICES POMPIERS-FEUERWEHRDIENST  https://www.incident.be/nl/vacatures.html
2026-08-14  CENTRUM VOOR VOLWASSENENONDERWIJS CREO  https://www.creo.be/opleidingen/vakgebied/305/de-keuken-mijn-job
2026-08-14  CRESCENDO SAMEN GROEIEN  https://crescendo-scholen.be/vacature.html
2026-08-14  CLB Het Kompas  https://www.vrijclb.be/vacatures
2026-08-14  CONFERENCE OF EUROPEAN SCHOOLS FOR ADVANCED ENGINEERING EDUCATION AND RESEARCH  https://www.cesaer.org/news/jrc-collaborative-doctoral-partnerships-2026-call-now-open-2253/
2026-08-14  Dasprive  https://dasprive.be/privacy/227-live-action-met-sexy-soevereiniteit-jobstudenten-en-politiedatabanken-en-de-vlaamse-cloudstrategie/
2026-08-14  De Bollekens  https://jobs.jouwweb.nl/
2026-08-14  Dialoog  https://www.dialoog.be/ik-werk-bij-een-openbaar-bestuur
2026-08-14  EUROPEAN ACADEMY OF CHILDHOOD-ONSET DISABILITY  https://eacd.org/EACD-ECR-Forum
2026-08-14  Huisartsen Blancefloer  https://www.huisartsen-blancefloer.be:443/nl/vacature/
2026-08-14  Huisartsenwachtpost Druivenstreek  https://wachtpostdruivenstreek.be/vacature/
2026-08-14  Katholiek Onderwijs Deurne(Antwerpen)  https://www.sgkod.be/onze-vacatures/
2026-08-14  Ligo, Centrum voor Basiseducatie Gent-Meetjesland-Leieland  https://www.ligo.be/werken-bij-ligo/
2026-08-14  Lommelse Katholieke Basisscholen VZW  https://www.lkbvzw.be/jobs/InterimHomePage.php
2026-08-14  O.L.Vrouw van Troost  https://azsintblasius.be/werken-bij-ons
2026-08-14  Qrios  https://www.qrios.be/over/vacatures
2026-08-14  RDM Sports Company  https://www.rdmsports.be/vacature-trainer-g-gym/
2026-08-14  Roeland  https://roeland.be/werken-bij-roeland/
2026-08-14  Shaka Sport  https://shaka-sport.be/monitoren
2026-08-14  Vlaams Rechtsgenootschap  https://vrg.be/career/
2026-08-14  Zwemschooltje  https://zwemschooltje.be/nl/join-the-team
2026-08-14  vzw Kidskampen en Multimove  https://studiozazou.be/animator-vacature/
2026-08-14  Antwerp Maritime Academy Alumni  https://amacademy.be/nl/vacancies
2026-08-14  Aralea  https://aralea.be/vacatures
2026-08-14  Association of Supported Employment Europe  https://a4se.eu/2026/07/31/job-shadow-day/
2026-08-14  BADMINTON VLAANDEREN vereniging zonder winstoogmerk  https://badminton.vlaanderen/jobs/
2026-08-14  BBC Jeugd Gentson  https://www.squarespace.com/about/careers
2026-08-14  BE SciComm  https://www.scicomm.be/post/recap-be-scicomm-career-networking-fair
2026-08-14  BOC - Belgian Offshore Cluster  https://www.belgianoffshorecluster.be/content/find-your-job
2026-08-14  Belgian Streamers Community  https://www.belgianstreamerscommunity.be/het-team/vacatures
2026-08-14  Belgian Society Of Neurogastroenterology And Motility  https://www.bsnm.be/research/research-opportunities/
2026-08-14  CAW GROEP  https://www.cawpro.be/jobs/?caw-type=job
2026-08-14  Cultuurwinkel  https://www.cultuurwinkel.be/events/matthias-sercu-en-de-opportuniteiten-met-een-eerlijk-man/
2026-08-14  Cycling Vlaanderen  https://cycling.vlaanderen/over-ons/vacatures
2026-08-14  Den Brand  https://www.denbrand.be/werken-en-leren/vacatures
2026-08-14  EKONOMIKA VZW  https://ekonomika.be/career/
2026-08-14  Emergent Leuven vzw  https://emergentleuven.be/projects/career
2026-08-14  Havenwereld  https://www.portofantwerpbruges.com/jobs/nl/vacatures?filiaal_filter=Havenwereld
2026-08-14  Hockeyclub Taxandria  https://hockeytaxandria.be/?oid=836&pid=55892
2026-08-14  Hockey Club Patria Aalst  https://www.hcpa.be/club/vacatures
2026-08-14  Highside  https://highside.be/jobs
2026-08-14  Industrieel Ingenieurs Geel  https://ingenieursgeel.be/BR/vacatures_stages
2026-08-14  Jong Gent in Actie  https://www.jgia.be/kopie-van-projecten
2026-08-14  Job-art  https://ggzlimburg.be/over-ggz-limburg/vacatures/
2026-08-14  Jeugdvakanties Duinen-Heide  https://vrijwilligerswerk.be/vacature/2816-kookouders-gezocht-voor-jeugdkampenleidersvorming
2026-08-14  Kinderlach junior-Dienst onthaalgezinnen  https://kdv-kinderlach.koningapestaart.be/jobs
2026-08-14  Koninklijke VoetbalVereniging Laarne - Kalken  https://kvvlaarnekalken.be/pages/pagina.php?p=3168
2026-08-14  MUZIEKMOZAIEK, IMPULSCENTRUM VOOR FOLK EN JAZZ  https://muziekmozaiek.be/nieuws/vacature-projectmedewerker/
2026-08-14  Open Doors Vlaanderen  https://www.opendoors.nl/wat-doen-wij/werken-bij/
2026-08-14  Pastorale Eenheid Maria Ster-der-zee Blankenberge-De Haan-Zuienkerke  https://mariasterderzee.be/over/sint-amandus/sint-job/
2026-08-14  Pastorale Eenheid Sint-Trudo Assebroek  https://www.kerknet.be/zoeken/artikels?f%5B0%5D=field_article_type%3A825
2026-08-14  Pleegzorg Provincie Antwerpen  https://www.pleegzorg.be/vacatures
2026-08-14  Poperingse Duikersklub  https://poperingseduikersclub.be/onze-duiklocaties/carriere-de-barges
2026-08-14  Ravot Sportkampen  https://www.ravot-kampen.be/werken-bij-ravot
2026-08-14  Royal Ghent Swimming Club  https://www.rgsc.be/contact/
2026-08-14  S.V.D. KORTEMARK  https://jobs.svdkortemark.be/jeugdtrainer
2026-08-14  Sint-Jobse zwerfkatjes  https://sintjobsezwerfkatjes.be/shop/
2026-08-14  Soc.Secr.Soc  https://orbiss.be/vacatures
2026-08-14  Tesla Owners Club Belgium  https://www.teslaclub.be/jobs
2026-08-14  Ubuntu Achtkanter  https://groepubuntu.be/nl/jobs
2026-08-14  Tussenstap VZW  https://tussenstapvzw.be/komt-binnenkort/
2026-08-14  Vlaamse Gewichtheffers Federatie  https://vgf.vlaanderen/vacature-medewerker-basiswerking-deeltijds-05-vte/
2026-08-14  Voetbal in de stad  https://www.kaagent.be/nl/jobs
2026-08-14  WOON- EN ZORGCENTRUM MARIAHUIS GAVERE  https://www.sitemariahuis.be/index.php/jobstudenten/
2026-08-14  WiNA Gent  https://career.wina-gent.be/
2026-08-14  Wiskunde, Informatica en Natuurkunde Kring vzw  https://eycareers.be/
2026-08-14  Youth for Understanding Vlaanderen  https://vrijwilligers.yfu.be/vacatures
2026-08-14  Zorg- en belevingsboerderij Het Groeiveld  https://www.vzwhetgroeiveld.be/wie-helpt-ons/vacatures
2026-08-14  tout petit  https://www.toutpetit.be/vacature/
2026-08-14  Autonoom gemeentebedrijf voor stadsontwikkeling  https://www.stadsontwikkeling-aalst.be/organisatie/vacatures.html
2026-08-14  BRANDWEER FLUVIA  https://www.brandweerfluvia.be/vacatures
2026-08-14  Avient S.à r.l., Belgium Branch  https://www.avient.com/careers
2026-08-14  Brandweerzone Oost - Oost-Vlaanderen  http://oost.brandweerzone.be/pagina/vacatures
2026-08-14  Atelier Penha  https://www.atelierpenha.be/cnc-operator-/-schrijnwerker
2026-08-14  People Exponential  https://www.people-exponential.com/restructuring/
2026-08-14  Verschelde Pomping  https://outlook.live.com/mail/
2026-08-14  Belgian Thyroid Club  https://thyroidclub.org/btc-registration-2/
2026-08-14  EUROPEAN SOCIETY FOR SEXUAL MEDICINE  https://www.essm.org/education/open-calls/
2026-08-14  HOPPAZ  https://uzajobs.be/
2026-08-14  Jeugdhuis t Paenhuys  https://paenhuys.be/vacature/vacature-lesgever-viool/
2026-08-14  WILD van buiten  https://groen-atelier.be/wp-signup.php?new=jobs
2026-08-14  Appie  https://appievzw.be/jobs
2026-08-14  Drak Invest  https://www.fortino.group/jobs
2026-08-14  Dunetrails  https://dunetrails.be/jobs
2026-08-14  DroneCave  https://www.dronedepot.be/jobs/
2026-08-14  GH TRANSPORT Sàrl  https://ghtransport.lu/job-karriere/
2026-08-14  Gemeente Lubbeek  https://www.lubbeek.be/thema/detail/3475/thwerken-en-lokaal-ondernemenwerken-bij-lubbeek
2026-08-14  Krachtig Online  https://krachtigonline.be/marketing-vacatures/
2026-08-14  Labouche  https://www.labouchebyemma.be/general-clean
2026-08-14  Literatuur Vlaanderen  https://www.literatuurvlaanderen.be/werken-bij-literatuur-vlaanderen
2026-08-14  OPENBAAR PSYCHIATRISCH ZORGCENTRUM GEEL  https://www.werkenbijopzgeel.be/nl
2026-08-14  Openbaar Centrum voor Maatschappelijk Welzijn van Dentergem  https://www.dentergem.be/vacatures
2026-08-14  Psycholoog Haddouti  https://groepspraktijknafs.be/vacatures/
2026-08-14  Qwik Parcels Logistics  https://www.qwikparcels.be/vacature/
2026-08-14  SOFIE ANCKAERT  https://www.praktijkanckaert.be/vacature
2026-08-14  Scholengroep impact  https://scholengroepimpact.be/jouw-impact-carriere
2026-08-14  Société publique des déchets pour la Région flamande  https://ovam.vlaanderen.be/vacatures
2026-08-14  Vlaams & Neutraal Ziekenfonds  https://vacatures.vnz.be/nl
2026-08-14  WEBDUDE  https://jobsking.com/nl-nl
2026-08-14  Zorgbedrijf Antwerpen  https://jobs.zorgbedrijf.be/
2026-08-14  aArchitecture  https://aarchitecture.be/vacature
2026-08-14  omega pharma group  https://www.perrigo.be/nl/start-jouw-carriere-self-care
2026-08-14  Autonoom Gemeentebedrijf SportAG  https://aalst.be/vacatures
2026-08-14  BDI - BioEnergy International GmbH  https://bdi-bioenergy.com/karriere/
2026-08-14  BLOCKCHAIN CREATIVES  https://www.blockchaincreatives.be/en
2026-08-14  DAACHDESIGN HERMES Sarl  https://hermeshome.lu/jobs/auszubildender-zum-dachdecker/
2026-08-14  EASY RENT TRUCK&TRAILER.LU Sa  https://jobs.faymonville.group/?Source=Faymonville/
2026-08-14  Entera  https://www.eib.org/en/press/all/2023-114-70-of-young-belgians-consider-the-climate-impact-of-prospective-employers-when-job-hunting?lang=nl
2026-08-14  Flow  https://www.weareflow.be/jobs
2026-08-14  Glass Box Hero  https://www.thomascordie.be/laatstgespot/toffe-jobs-audio-ondertiteling/
2026-08-14  Garlos  https://www.fiskcouncil.eu/werken-bij-fiskcouncil
2026-08-14  INIS  https://www.inis-advocaten.be/vacature-juridisch-medewerker/
2026-08-14  JDV SOUND  https://jdv-sound.be/i-love-my-job
2026-08-14  Isan  https://pkfbofidi.com/career/
2026-08-14  Legal Advice Trombetta  https://www.halsten.be/halsten/vacatures/
2026-08-14  Metropolitaanse Kerkfabriek Sint-Rumoldus (VL - Mechelen)  https://www.kathedraalmechelen.be/nieuws/vacatures/
2026-08-14  RA SERVICES & SOLUTIONS  https://rass.be/vacatures.html
2026-08-14  THV BRUGGEMAN - MAES / F-BUILD  https://www.bruggeman-maes.be/vacatures
2026-08-14  TM Stadsbader TRBA  https://jobs.stadsbadergroup.com/nl/getuigenissen
2026-08-14  VOS Construct  https://www.vosconstruct.be/jobs
2026-08-14  Wagner Building Systems SA  https://myfuture.wagnertech.lu/fr/
2026-08-14  ZIEZO VAN POYER ANN  https://ziezokleurenstijl.be/ziezo-nieuws/waar-wil-jij-aan-werken-bij-jezelf/
2026-08-14  t VITAMIENTJE  https://www.vitamientje.be/over-ons/vacatures/
2026-08-14  7c Solarparken  https://solarmagazine.nl/vacatures
2026-08-14  A & L JEUBIS  https://jeubis.com/vacatures.php
2026-08-14  A.I.T. EUROPE  https://www.aitworldwide.com/careers/
2026-08-14  A.K.P  https://akp.be/nl/vacatures/
2026-08-14  A.H  https://jobs.albertheijn.be/
2026-08-14  A.L.C.O  https://www.alcoenergyghent.com/jobs/
2026-08-14  A.L.M  https://www.almlift.be/fr/jobs/
2026-08-14  A.T.D  https://atd-vierdewereld.be/doe-mee/doe-mee-vacatures-werk-en-stage/
2026-08-14  A.VOGEL  https://www.avogel.be/nl/bedrijf/werken-bij-avogel/vacatures.php
2026-08-14  AAMEC (Algemene automatisatie en mechanisatie)  https://www.aamec.be/jobs/
2026-08-14  AAQUA  https://www.aaqua.be/jobs
2026-08-14  A.T.M  https://www.atmadvice.be/vacature/dossierverantwoordelijke-senior-tax-accountant/
2026-08-14  AARDAPPELHANDEL VERVAEKE  https://www.vervaeke-aardappelhandel.be/nl/jobs-44.htm
2026-08-14  AB SCIEX  https://jobs.danaher.com/global/en/sciex
2026-08-14  ABC-Trans  https://www.abctranscorp.com/careers
2026-08-14  ABELAG AVIATION  https://www.axibel.com/en/find/jobs?compact=1
2026-08-14  ABETEC ARCHITECTEN & INGENIEURS  https://www.abetec.be/nl/vacatures
2026-08-14  ABO Operations  https://www.northdata.com/_career
2026-08-14  ABISCO  https://www.abisco.be/jobs
2026-08-14  ABSOLUTE TEAMSPORT BRUGGE  https://www.absolute-teamsport-brugge.be/jobs
2026-08-14  ACA CUSTOMS  https://aca-customs.com/werken-bij-aca-customs
2026-08-14  AC Timber Trading  https://actimbertrading.com/nl/vacatures
2026-08-14  ABET  https://abetlaminati.com/lavora-con-noi/
2026-08-14  AC MATERIALS  https://www.squaregroup.be/nl/onze-vacatures?f%5B0%5D=Entiteit%3A78
2026-08-14  ABBOTT MEDICAL BELGIUM  https://www.abbott.com/en-us/careers
2026-08-14  ACAL BFi Belgium  https://www.acalbfi.com/about-us/careers/
2026-08-14  ACTIEF INSURANCES  https://actiefinsurances.be/jobs
2026-08-14  ACOLIN  https://acolin.com/acolin-careers/
2026-08-14  ACO PASSAVANT  https://www.aco.be/service-askaco/ons-bedrijf/werken-bij-aco
2026-08-14  ACTIVE SALES MANAGEMENT  https://www.handelsgids.be/diest/handelsgids/vacatures/?ref=footer/
2026-08-14  ACA GROUP  https://acagroup.be/nl/jobs
2026-08-14  ACTONOMY  https://www.actonomy.com/jobs/
2026-08-14  ADAMS POLENDAM  https://www.adams-polendam.be/vacatures
2026-08-14  ADA RETAIL  https://www.accessibilitychecker.org/careers/
2026-08-14  ADD  https://www.add.be/nl/jobs/vacancies
2026-08-14  ADREM Services  https://mechelennieuws.be/vacatures-mechelen/
2026-08-14  ADIRACK  https://www.adirack.be/jobs
2026-08-14  ADVIN  https://advinsoftwares.com/careers
2026-08-14  ADS Market  https://www.digitaladexpert.com/
2026-08-14  ADVANCED MACHINERY  https://www.advancedmachinery.be/jobs/
2026-08-14  AEROCIRCULAR  https://luchtvaartnieuws.nl/vacatures
2026-08-14  ADW Fresh Trade  https://www.freshpublishers.com/p/2/Vacatures
2026-08-14  AERO-SENSE  https://www.aero-sense.com/en/jobs
2026-08-14  AERZEN BELGIUM  https://www.aerzen.com/career/joining-aerzen
2026-08-14  AERTS  https://aertstrucks.be/voertuigen-voor-professionals/vacatures/
2026-08-14  AFIX GROUP  https://www.afixgroup.com/english/jobs/
2026-08-14  AFKOR  https://www.afkor.be/nl-be/jobs/
2026-08-14  AG SOLUTION  https://careers.agsolutiongroup.com/
2026-08-14  AFSCHRIFT  https://www.afschrift-nv.be/nl/vacatures-old
2026-08-14  AG-TEC  https://www.ag-tec.be/nl/careers/
2026-08-14  AGARIS BELGIUM  https://www.greenpro-online.be/vacature-aanmelden/
2026-08-14  AGILE INCUBATION COMPANY  https://aginco.be/en/jobs/
2026-08-14  AGIDENS CONSULTING  https://www.agidens.com/nl/carriere/
2026-08-14  AGRA  https://agra.be/jobs
2026-08-14  AGRO - BELTS  https://agrobelts.be/vacatures/
2026-08-14  AGRICON  https://www.agricon.be/werken-bij-agricon
2026-08-14  AGRISTO  https://jobs.agristo.com/nl
2026-08-14  AIRCRAFT REFUELLER COMPANY  https://arc-refuellers.be/careers/
2026-08-14  AGRO TECHNICS  https://hetarchief.be/jobs
2026-08-14  AIRWHEEL EUROPE  http://ie.airwheel.net/activity/20503
2026-08-14  AJINOMOTO OMNICHEM  https://www.ajinomoto-omnichem.com/careers/
2026-08-14  AKSENT  https://aksentvzw.be/meer.html
2026-08-14  AKZO NOBEL PAINTS BELGIUM  https://www.akzonobel.com/en/careers
2026-08-14  AJK RENTING  https://ajk.eu/jobs/
2026-08-14  AKKERMANS & PARTNERS  https://www.akkermanspartners.com/vacatures/
2026-08-14  ALASKA Software  https://alaskasoftware.be/nl/vacature-junior-en-medior-software-developers/
2026-08-14  ALCOBRANDS  https://alcobrands.com/careers
2026-08-14  ALCON  https://www.alcon.com/careers/
2026-08-14  ALBERTS  https://alberts.be/en-gb/jobs/
2026-08-14  ALCOM ELECTRONICS  https://alcom.be/careers
2026-08-14  ALFA FISH  https://alfafish.be/vacatures/
2026-08-14  ALDI  https://www.aldi.be/jobs.html
2026-08-14  ALFA LAVAL BENELUX  https://www.alfalaval.nl/career/career/
2026-08-14  ALFAFLEX  https://www.alfaflex.com/jobs
2026-08-14  ALCOMEL  https://alcomel.com/vacatures/
2026-08-14  ALGEMEEN PERSVERVOER VIOLETTA  https://ampnet.be/over-amp/
2026-08-14  ALINCO  https://alinco.be/vacatures
2026-08-14  ALGIST BRUGGEMAN  https://algistbruggeman.be/jobs/
2026-08-14  ALIPLAST  https://www.aliplast.com/jobs
2026-08-14  ALKERN VOR BETON  https://alkern.be/vacatures-jobs-alkern-vor/
2026-08-14  ALL-DRAIN  https://alldrain.be/jobs/
2026-08-14  ALGENO  https://www.aiodp.ai
2026-08-14  ALLEGION  https://www.allegion.com/corp/en/careers.html
2026-08-14  ALLEGRO  https://allegro.bio/career/
2026-08-14  ALLE BOUW MACHINES  https://www.bouwmat.eu/vacature-aanmelden/
2026-08-14  ALLIA INSURANCE BROKERS  https://www.allia.be/werken-bij-allia/
2026-08-14  ALLGRO  https://www.allgro.be/vacatures
2026-08-14  ALLHYDRO  https://www.allhydro.com/jobs
2026-08-14  ALLIFT MICHIELSENS  https://www.allift.be/vacatures/
2026-08-14  ALLSEAS MARINE SERVICES  https://www.allseas.com/en/careers
2026-08-14  ALMERMETAAL  https://www.almermetaal.be/vacatures/
2026-08-14  ALOCA  https://www.aloca.be/vacatures
2026-08-14  ALLARD - EUROPE  https://allard-europe.com/nl/vacatures/
2026-08-14  ALPEGA  https://roadheroes.com/es
2026-08-14  ALPAGRO PACKAGING  https://www.alpagro.be/over-ons/vacatures/
2026-08-14  ALPHATRONICS  https://www.alphatronics.be/nl/jobs
2026-08-14  ALPRECO  https://www.willynaessenslovesyou.be/nl/bouw/
2026-08-14  ALPRO  https://www.alpro.com/jobs
2026-08-14  ALTA RIPA EVENT  https://www.eventplanner.be/jobs/vacatures.php
2026-08-14  ALRO  https://www.alro-group.com/mvo/werknemers/
2026-08-14  ALTEC INDUSTRIAL IDENTIFICATION  https://altec.be/over-altec/werken-bij-altec/
2026-08-14  ALTHERA  https://www.nestlehealthscience.nl/nl/werken
2026-08-14  ALTEMP  https://www.altemp.be/vacatures/
2026-08-14  ALTONI - KELDERMAN  https://altoni.be/jobs
2026-08-14  ALUFIX  https://alufix.be/vacatures.html
2026-08-14  ALUFORM  https://aluform.be/nl/vacatures/monteerder-werkplaats-productie.html
2026-08-14  ALU - WETS  https://www.aluwets.be/vacatures/
2026-08-14  ALURAL BELGIUM  https://alural.be/nl/vacatures
2026-08-14  ALURO CNC  https://www.aluro-cnc.com/nl/vacatures
2026-08-14  ALUSENSE  https://www.alu-sense.com/en/jobs
2026-08-14  ALURO GROUP  https://www.hetjuisteprofiel.be/jobs/
2026-08-14  ALUVISION  https://www.aluvision.com/us/jobs
2026-08-14  AMADEUS BENELUX  https://travel360benelux.com/nl-be/jobs
2026-08-14  AMACRO  https://amacro.be/vacatures/
2026-08-14  AMADIS  https://www.2flanders.com/careers/
2026-08-14  AMANO EUROPE  https://www.amano.eu/nl/vacatures/
2026-08-14  ALLTHINGSTALK  https://www.allthingstalk.com/career
2026-08-14  AMEEL CANDY WORLD  https://ameelcandyworld.be/nl-be/vacatures
2026-08-14  AMERICAN CLOTHING DISTRIBUTION  https://www.creamoda.be/nl/jobs
2026-08-14  AMBRAVA  https://ambrava.be/vacatures/
2026-08-14  AMGEN  https://www.amgen.be/nl-be/carrieres
2026-08-14  AMECO  https://www.amecomeat.com/nl/werken-bij-ameco
2026-08-14  AMERPLASTICS  https://www.werkenbijsyndus.nl/
2026-08-14  AMESCO  https://www.amesco.be/werken-bij-amesco
2026-08-14  AMMERAAL BELTECH  https://ammega.com/careers/
2026-08-14  ANDA  https://andasauces.be/vacatures/
2026-08-14  ANDRA  https://careers-andratechgroup.com/werken-bij-andra-tech-group-4/
2026-08-14  ANDRE CELIS  https://andrecelis.be/andrecelis_nl/vacatures
2026-08-14  ANABIOTEC  https://www.anacura.com/en/career
2026-08-14  ANKA  https://www.ankametaal.be/vacatures
2026-08-14  ALTUS  https://altus.be/werken-bij-altus/
2026-08-14  ANOREL  https://www.anorel.net/nl/vacatures
2026-08-14  ANTVERPIA  https://antverpia.be/vacatures/
2026-08-14  ANTWERP EUROTERMINAL  https://aet.be/jobs/
2026-08-14  ANTWERP PERSONAL COMPUTER HARDWARE  https://antwerpennieuws.be/vacatures-antwerpen/
2026-08-14  ANTWERP STONE TERMINAL  https://www.bontrup.com/vacatures/
2026-08-14  ANYSEALS  https://anyseals.eu/en/company/careers/
2026-08-14  APEM BENELUX  https://www.industrialautomation.be/vacature-aanmelden/
2026-08-14  APPELBOOM  https://appelboomonline.be/Vacatures.aspx
2026-08-14  APPLITEK  https://applitek.com/career
2026-08-14  AQUA - CLARO  https://aquaclaro.be/jobs/
2026-08-14  APOK  https://www.apok.be/nl-be/werken-bij-apok
2026-08-14  APROJECTS  https://aprojects.com/jobs/
2026-08-14  APPELMANS LIFTING  https://www.appelmansgroup.be/nl/home
2026-08-14  AQUA - SOFT  https://www.aqua-soft.be/jobs/
2026-08-14  ANZIPLAST  https://anziplast.be/jobs/
2026-08-14  AQUAFIN  https://jobs.aquafin.be/
2026-08-14  AQUALITY  https://aqualityzeebrugge.be/vacatures
2026-08-14  AQUALEX  https://www.aqualex.com/nl-be/werken-bij-aqualex
2026-08-14  AQUAFLAM  https://www.aquaflam.be/vacatures/
2026-08-14  ARBURG  https://www.arburg.com/en/career/
2026-08-14  ARCHIMEDES  https://archimedesnv.com/vacatures
2026-08-14  ARCADIZ TELECOM  https://www.arcadiz.com/en/jobs
2026-08-14  ARCO  https://arco.be/vacatures/
2026-08-14  ARDO  https://ardo.com/en/careers
2026-08-14  ARCUS BELGIUM  https://www.maintenance-expo.be/nl/jobs/
2026-08-14  ARDECA  https://www.ardeca-lubricants.be/nl/vacatures/
2026-08-14  ARESCO  https://trustoo.homerun.co/
2026-08-14  ARGRO  https://www.argro.nl/over_argro/vacatures
2026-08-14  ARHS Developments Belgium  https://www.alternativ.be/vacature/
2026-08-14  ARKITE  https://arkite.com/join-us/
2026-08-14  ARION  https://arion-group.com/about-us-main/careers/
2026-08-14  ARMASTEEL  https://www.armasteel.be/werkenbijarmasteel
2026-08-14  ARIAKE EUROPE  https://www.ariakejapan.com/ja/recruit/career.html
2026-08-14  ARNO - PROTEIN & FAT  https://fapro.be/jobs/
2026-08-14  ARSEUS LAB  https://www.arseus-lab.be/nl_be/vacatures
2026-08-14  ARTICOM  https://www.articom.be/jobs
2026-08-14  ASFALT PRODUCTIE LIMBURG  https://www.colas.be/fr/nos-activites/carrieres
2026-08-14  ASPEL  https://aspel-group.com/about-the-company/careers/
2026-08-14  ASOTEP  https://asotep.com/werken-bij-asotep/
2026-08-14  ASPIRAVI  https://www.aspiravi.com/careers/
2026-08-14  ASSA ABLOY  https://www.assaabloy.com/career/en/open-positions
2026-08-14  ASSET  https://www.asset.be/vacatures
2026-08-14  ASSOCIATED WEAVERS INTERNATIONAL  https://associated-weavers.com/en/careers
2026-08-14  ASSURCARD  https://www.assurcard.be/nl/vacatures
2026-08-14  ATAG  https://www.werkenbijatagbenelux.com/
2026-08-14  ASSUSOFT  https://assusoft.be/jobs/
2026-08-14  ASTRA SWEETS  https://astrasweets-career.talent-soft.com/accueil.aspx?LCID=1043&utm_campaign=benl-vacaturespagina-apr-2023&utm_medium=website&utm_source=astrasweets
2026-08-14  ATEC  https://atec.be/jobs
2026-08-14  ATHLON CAR LEASE RENTAL SERVICES BELGIUM  https://jobs.athlon.com:443/
2026-08-14  ATLAS  https://www.atlas-sales-agency.be/solliciteer/
2026-08-14  ATOX  https://www.atox.be/vacatures
2026-08-14  ATRAC  https://www.atrac.be/jobs
2026-08-14  ATMETIS  https://www.atmetis.be/vacatures/
2026-08-14  ATS Antwerp  https://www.atsgroep.be/jobs/
2026-08-14  ATRIO  https://www.atrionv.com/jobs/
2026-08-14  AUDENAERT LUC EN DIRK  https://audenaertnv.be/vacatures/
2026-08-14  AUGUSTINE THERAPEUTICS  https://www.augustinetx.com/careers
2026-08-14  AURUBIS BEERSE  https://www.aurubis.com/en/career
2026-08-14  AUTOCARS NEYENS  https://www.autocarsneyens.be/flexi-jobs/
2026-08-14  AUTENTIC  https://autentic.world/working-at-autentic/
2026-08-14  AUTOMOBILIA & Co  https://www.automobilia.be/nl/jobs
2026-08-14  AUTOMOTION  https://automotion.be/vacatures/vacatures/
2026-08-14  AUTRUCHE  https://youngpatterns.be/jobcoaching/
2026-08-14  AVASCO SOLAR  https://www.avasco-solar.be/nl/jobs
2026-08-14  AUVA  https://auva.be/nl/vacatures
2026-08-14  AVA - PAPIERWAREN  https://jobs.ava.be/
2026-08-14  AVASCO SOLAR GROUND  https://www.avasco-solarground.be/nl/jobs
2026-08-14  AVASCO SHELVING  https://www.avasco.be/nl/vacatures
2026-08-14  AVIA-GIS  https://www.avia-gis.com/careers
2026-08-14  AVIAPARTNER  https://jobs.aviapartner.aero/
2026-08-14  AVISTA OIL  https://avista-oil.be/vacatures/
2026-08-14  AVT EUROPE  https://www.a-vt.be/jobs/
2026-08-14  AXELENT BENELUX  https://career.axelent.com/
2026-08-14  AYANO BELGIUM  https://ayano.eu/who-we-are/careers
2026-08-14  AXIOMA  https://www.axioma-lighting.be/over-ons/vacatures
2026-08-14  AZINGRO  https://azingro.com/career
2026-08-14  AZELIS BENELUX  https://www.azelis.com/en/about-azelis/careers/working-at-azelis
2026-08-14  AXON LAB  https://jobs.axonlab.com/de
2026-08-14  AXYS Technologies  https://axys.com/careers/
2026-08-14  AZO  https://www.azo.com/nl-be/carriere
2026-08-14  Aalborg Portland Belgium  https://betonenstaalbouw.nl/vacature-aanmelden/
2026-08-14  AZV  https://azv.be/over-ons/jobs/
2026-08-14  Accent  https://accentjobs.be/nl/vacatures
2026-08-14  Adfil  https://www.adfil.com/jobs
2026-08-14  Aerotrim  https://www.aerotrim.be/jobs
2026-08-14  Aegten  https://www.aegten.be/vacatures/
2026-08-14  Affilips  https://www.kbmaffilips.com/careers/
2026-08-14  AgomAb Therapeutics  https://agomab.com/careers/
2026-08-14  Afval Alternatief  https://www.afvalalternatief.be/vacatures/
2026-08-14  Air Charters Europe  https://www.aslgroup.eu/en/vacatures
2026-08-14  Albintra  https://albintra.be/nl/jobs
2026-08-14  Albatros  https://www.albatros.be/jobs
2026-08-14  Aliaxis Belgium  https://www.aliaxis.be/nl/over-ons/werken-bij
2026-08-14  Aliplast Aluminium Extrusion  https://www.aliplastextrusion.com/werken-bij-aliplast
2026-08-14  Alfabet  https://alfabet.be/careers/
2026-08-14  Afimo  https://afimo.be/vacatures
2026-08-14  Agomax  https://agomax.be/jobs
2026-08-14  All Sport  https://allsport-group.com/nl/vacatures
2026-08-14  Alimak Group Benelux  https://stagemarkt.nl/404
2026-08-14  Almirall  https://careers.almirall.com/
2026-08-14  All-in Tank Service  https://jobs.comfortenergygroup.com/
2026-08-14  Almo Beton  https://www.betonwanden.be/vacatures/
2026-08-15  IVEX  https://ivex.ai/career/
2026-08-15  Huismeester  https://www.huismeester.be/jobs
2026-08-15  ETHEL  https://www.ethel.eu/jobs
2026-08-15  IKP Engineering  https://www.ikp-engineering.be/p/jobs.html
2026-08-15  Poolbutler  https://www.poolexpert.be/jobs
2026-08-15  ALELEK  https://www.groepalelek.be/p/jobs.html
2026-08-15  Aloxy  https://www.aloxy.io/company/career
2026-08-15  Altereyes  https://altereyes.com/jobs/
2026-08-15  Altripan  https://www.altripan.com/nl/vacancies
2026-08-15  AluKolor BE  https://jobs.qualubel.be/
2026-08-15  Aminolabs Belgium  https://www.aminolabs.com/careers
2026-08-15  American Clothing Associates  https://fashionunited.be
2026-08-15  Antleron  https://www.antleron.com/careers
2026-08-15  Arcsec  https://www.arcsec.space/careers/
2026-08-15  Ariadne Innovation  https://www.ariadne-innovation.com/jobs
2026-08-15  Arjo Belgium  https://jobs.arjo.com/
2026-08-15  Arte  https://www.arte-international.com/nl/werken-bij-arte
2026-08-15  ArtiQ  https://www.artiq.eu/careers/
2026-08-15  Ascorium Belgium  https://www.essenscia.be/jobs/
2026-08-15  Atlas Copco Belgium  https://www.atlascopcogroup.com/en/careers
2026-08-15  Atmire  https://www.atmire.com/career
2026-08-15  Atos Belgium  https://eviden.com/careers/
2026-08-15  Ateliers Vlassenroot  https://www.vlassenroot.be/jobs/
2026-08-15  Atelier du Nord  https://www.atelierdunord.be/jobs/
2026-08-15  Autobus-Autocars Demuynck & Vansteelandt  https://www.bus.be/nl/jobs
2026-08-15  Aviagen EPI  https://www.aviagencareers.com/locations/%20asia
2026-08-15  Autoveiligheid  https://werken.autoveiligheid.be/nl
2026-08-15  Azulatis  https://azulatis.com/jobs
2026-08-15  Axa International  https://www.axa.be/nl/jobs
2026-08-15  B&V ADVIESGROEP  https://mijnzakenkantoor.be/nl/vacatures
2026-08-15  B- YOUNG  https://www.dkcompany.com/global
2026-08-15  B-CONNECTED  https://www.bconnected.be/careers
2026-08-15  Avenue  https://avenue.eu/nieuws/join-the-team-retail-consultant-high-street-verhuur/
2026-08-15  B-Sure  https://www.b-sure.eu/werken-bij
2026-08-15  B-bis architecten  https://b-architecten.be/jobs
2026-08-15  B-BETON  https://www.b-beton.be/vacatures/
2026-08-15  B - CABLES  https://b-cables.be/vacatures/
2026-08-15  B.C.T  https://bctsoftware.com/vacatures/
2026-08-15  B-CLOSE  https://jobs.b-close.be/nl/
2026-08-15  B. BRAUN MEDICAL  https://www.bbraun.be/nl/carriere/onze-cultuur.html
2026-08-15  B.M.S  https://careers.bms.com/
2026-08-15  B.A.J. BETON  https://www.baj.be/nl/jobs
2026-08-15  BACARDI - MARTINI BELGIUM  https://www.bacardilimited.com/careers/
2026-08-15  B.R.T  https://www.brt.be/jobs/
2026-08-15  B.G.S  https://bgs.be/vacatures/
2026-08-15  B2 SUPERMARKT  https://www.b2supermarkt.be/werken-in-een-supermarkt/
2026-08-15  BAKKER MAGNETICS BELGIUM  https://bakkermagnetics.com/jobs/
2026-08-15  BAKKERIJ LEON VERMOESEN EN ZONEN  https://www.bakkerijvermoesen.be/vacatures
2026-08-15  BAKKERIJ VANGROOTLOON  https://www.vangrootloon.com/vacatures-2/
2026-08-15  BARQ EUROPE  https://corporate.tomandco.com/jobs/
2026-08-15  BAKKERIJ THYSSEN  https://www.bakkerijthyssen.be/vacatures/
2026-08-15  BARDOEL  https://www.bardoel.be/nl/jobs
2026-08-15  BASF Agricultural Solutions Belgium  https://www.basf.com/us/en/careers
2026-08-15  BASTIN & CO  https://www.bastinpack.be/nl-be/content/Bekijk-hier-alle-vacatures
2026-08-15  BAUWENS & ZOON  https://bauwens-logistics.be/jobs/
2026-08-15  BARENTZ  https://www.barentz.com/careers-at-barentz/
2026-08-15  BBF  https://bbf.be/about-bbf/jobs-at-bbf/
2026-08-15  BCW  https://www.bcw-aanhangwagens.be/inhoud/vacatures
2026-08-15  BAYER CROPSCIENCE  https://www.cropscience.bayer.be/nl/ons-bedrijf/career
2026-08-15  BCTN Meerhout  https://www.meerhout.be/vacatures
2026-08-15  BAYART  https://jobs.bayart.be/nl
2026-08-15  BEAULIEU  https://www.beaulieu.com/en/careers
2026-08-15  BEBAU BELGIUM  https://www.bebau.be/careers
2026-08-15  BEDELEC  https://www.lysairgroup.com/nl/vacatures
2026-08-15  BEE Operation Services  https://www.bee.eu/nl/jobs
2026-08-15  BEKINA COMPOUNDS  https://www.bekina-corporate.be/jobs
2026-08-15  BEKINA INDURUB  https://www.bekina-indurub.com/jobs
2026-08-15  BELASCO  https://www.belasco.be/nl/vacatures
2026-08-15  BECONA  https://www.becona.be/vacatures/
2026-08-15  BELGIAN CYCLING FACTORY  https://www.cyclingfactory.be/jobs
2026-08-15  BELGIAN BOILER COMPANY  https://www.belgianboilercompany.com/jobs/
2026-08-15  BELGIAN PORK GROUP  https://www.belgianporkgroup.com/nl/smaak-jij-straks-mee-het-verschil
2026-08-15  BELGIAN SCRAP TERMINAL  https://belgianscrap.com/vacatures/
2026-08-15  BEGETUBE  https://begetube.com/vacatures/
2026-08-15  BELGIQA UNITED  https://www.belgiqa.com/nl/jobs
2026-08-15  BELGIAN TILE CENTRE  https://www.btiles.be/vacatures/
2026-08-15  BELGOMINE  https://www.avia-belgomine.be/jobs/
2026-08-15  BELIES  https://belies.eu/nl/jobs
2026-08-15  BELGOPROCESS  https://www.belgoprocess.be/vacatures/
2026-08-15  BELGIAN TOWER COMPANY  https://www.mediarte.be/nl/vacatures
2026-08-15  BELINTRA  https://belintra.be/nl/jobs/
2026-08-15  BELLIKON  https://rehabellikon.ch/centre-of-expertise-for-occupational-integration/job-coaching/
2026-08-15  BELVEN  https://www.belven.be/jobs
2026-08-15  BELPARTS Group  https://www.belparts.com/vacatures/
2026-08-15  BEOLOGIC  https://www.beologic.com/jobs/
2026-08-15  BENS Deli  https://www.bensretail.be/nl/vacatures
2026-08-15  BERGHOFF WORLDWIDE  https://berghoffworldwide.com/be_nl/carrieres
2026-08-15  BERGMANS  https://www.bergmansmetaalbewerking.be/vacatures.html
2026-08-15  BERVOETS  https://transportmedia.be/vacature/
2026-08-15  BESTMIX SOFTWARE  https://jobs.bestmix.com/
2026-08-15  BETA - CELL  https://jobs.vub.be/
2026-08-15  BETON DE CLERCQ  https://www.declercq-beton.be/jobs/
2026-08-15  BIA  https://biagroup.com/international/en/jobs
2026-08-15  BFS Europe NV  https://bedrijvenvereniging-zulte-kruisem.be/jobs
2026-08-15  BIEBUYCK  https://biebuyck.be/vacatures
2026-08-15  BILLIET-VANLAERE  https://www.billiet.com/nl/carriere-bij-billiet
2026-08-15  BILLIT  https://jobs.billit.eu/nl
2026-08-15  BINGLI  https://www.bingli.eu/careers
2026-08-15  BIO-ENERGY  https://businessvlaanderen.be/vacature-aanmelden/
2026-08-15  BIO SERVICES INTERNATIONAL  https://www.creativeskills.be/addjob/
2026-08-15  BINST ARCHITECTS  https://www.binstarchitects.be/jobs/
2026-08-15  BIOCARTIS  https://www.biocartis.com/en-US/about-us/careers
2026-08-15  BIOGEN BELGIUM  https://www.biogen.be/fr-be/carrieres.html
2026-08-15  BIOLECTRIC  https://biolectric.com/jobs/
2026-08-15  BIONERGA  https://bionerga.be/vacatures/
2026-08-15  BIOTERRA  https://www.etforbusiness.be/nl/vacatures
2026-08-15  BISCUITERIE DECLERCQ  https://www.biscuiteriedeclercq.be/jobs
2026-08-15  BISCUITS DUPON  https://www.duponbiscuits.com/en/jobs
2026-08-15  BISCUITERIE SEGHERS  https://www.biscuits.be/nl/vacatures
2026-08-15  BIZZAPPS  https://bizzapps.be/vacatures
2026-08-15  BLEIJENBERG  https://bleijenberg.be/vacatures
2026-08-15  BITO SYSTEMS  https://www.bito.com/de-de/unternehmen/karriere/jobs/
2026-08-15  BIVIT  https://www.bivit.be/jobs/
2026-08-15  BIOQUBE VENTURES  https://www.bioqubeventures.com/careers/
2026-08-15  BLOEMENLAND  https://www.tuincentrumbloemenland.be/vacatures
2026-08-15  BLUE MOUNTAIN  https://www.blue-mountain.nl/werken-bij-blue-mountain/
2026-08-15  BLS Cargo Nord  https://www.blscargo.ch/nl/news/vacatures-binnen-de-hele-groep-een-oogopslag
2026-08-15  BLYOTT  https://www.blyott.com/careers
2026-08-15  BOBININDUS POWER SYSTEMS  https://www.bobinindus.com/jobs
2026-08-15  BM Engineering  https://www.bmengineering.be/nl/jobs
2026-08-15  BMT Aerospace International  https://careers.bmt.be/
2026-08-15  BME  https://www.bme.be/vacatures/jobstudent/
2026-08-15  BOERMAN  https://www.komwerkenbijboerman.nl/
2026-08-15  BOLTON BELGIUM  https://www.bolton.com/careers/work-bolton
2026-08-15  BOMA  https://jobs.boma.eu/nl
2026-08-15  BOLD  https://boldhr.be/vacatures/
2026-08-15  BONMUSH  https://bonmush.com/pages/yourcareer
2026-08-15  BOOISCHOTSE METALEN  https://booischotse-metalen.be/jobs/
2026-08-15  BOREALIS ANTWERPEN  https://careers.borealisgroup.com/
2026-08-15  BORIT  https://www.borit.be/career
2026-08-15  BORLIX  https://www.graandiozejobs.be/nl/borlix
2026-08-15  BORGERHOFF & LAMBERIGTS  https://www.borgerhoff-lamberigts.be/jobs
2026-08-15  BOSKALIS OFFSHORE BELGIUM  https://careers.boskalis.com
2026-08-15  BOSSAERTS  https://bossaertsp.be/vacature/
2026-08-15  BOSCH THERMOTECHNOLOGY  https://www.bosch.com/careers/
2026-08-15  BOSSUYT  https://bossuytbv.be/vacatures
2026-08-15  BOUTS  https://bouts.com/nl/werken-bij-bouts
2026-08-15  BOTTLES  https://www.bottleandbarrel.be/jobs
2026-08-15  BOUTTENS  https://www.bouttens.be/nl/vacatures
2026-08-15  BOUWCENTER VANHULLE  https://www.vanhullebouwcenter.be/nl/groothandel-leverancier-bouwmaterialen-jobs
2026-08-15  BOUWMATERIALEN JULES FRANS  https://www.julesfrans.be/vacatures/
2026-08-15  BOUVRY  https://bouvry.be/vacatures/
2026-08-15  BOUWCENTRALE DE DONCKER  https://jobs.dedoncker.be/nl?fallbackPlaceholder=
2026-08-15  BRAET  https://braet.be/jobs
2026-08-15  BRACHOT LOGISTICS  https://jobs.nbb.be/language-picker?destination=/node/1
2026-08-15  BRANDLE  https://brandle.be/nl/werken-bij-brandle/vacatures/
2026-08-15  BRAINSCAPE  https://www.brainscape.eu/nl/vacatures
2026-08-15  BRAVILOR BELUX  https://werkenbij.bravilor.com/
2026-08-15  BREEX EUROPE  https://breex.be/jobs/
2026-08-15  BOUWMATERIALEN VAN DE VELDE  https://www.bouwmaterialenvandevelde.be/vacature
2026-08-15  BREEDING  https://www.alpurobreeding.com/nl/werken-bij-alpuro-breeding
2026-08-15  BRICO BELGIUM  https://jobs.brico.be/nl
2026-08-15  BRIGHT BEAM  https://www.brightbeam.com/careers
2026-08-15  BRIJS  https://www.martensbrijs.be/vacatures
2026-08-15  BROKERS TRADING  https://www.prorealtime.com/en/careers
2026-08-15  BROEKMAN LOGISTICS  https://www.broekmancareers.com/en/
2026-08-15  BROOD, BANKET, TRAITEUR BRIERS-COLLA  https://foodatwork.be/vacatures/
2026-08-15  BROOKLYN  https://www.brooklyn.be/nl/vacatures
2026-08-15  BROUWERIJ L. HUYGHE  https://www.brouwerijhuyghe.be/nl/vacatures
2026-08-15  BROUWERIJ VAN STEENBERGE  https://www.vansteenberge.com/jobs/
2026-08-15  BRUGG  https://www.brugg.com/en/career/
2026-08-15  BRUCO CONTAINERS  https://www.bruco-containers.com/jobs/
2026-08-15  BRUNEL BELGIUM  https://www.brunel.net/en-us/jobs
2026-08-15  BRUVO  https://bruvo.be/vacatures
2026-08-15  BROUWERIJ MARTENS  https://www.synergiejobs.be/nl/jobs/
2026-08-15  BUIJSSE PAINTING  https://buijsse.be/vacatures
2026-08-15  BRUNIC  https://brunic.be/vacatures/
2026-08-15  BUKO  https://www.werkenbijbuko.nl/vacatures
2026-08-15  BUILDING WINDOWS  https://buildingwindows.be/jobs/
2026-08-15  BULO  https://bulo.com/work-for-bulo/
2026-08-15  BURDOCK CONSULTANTS BELGIUM  https://burdock-consultants.be/vacancies/
2026-08-15  BURO INTERNATIONAL  https://www.burointernational.be/pages/vacatures
2026-08-15  BURRICK  https://www.burrick.com/vacatures
2026-08-15  BURO PROJECT  https://buroproject.be/nl/vacatures/
2026-08-15  BUSCH  https://www.buschvacuum.com/us/en/news-media/sustainable-careers-through-work-life-balance.html
2026-08-15  BUY - AID  https://www.buy-aid.be/contact/werken-bij-buy-aid
2026-08-15  BUYSE CONSTRUCT  https://www.buyseconstruct.be/jobs
2026-08-15  BUYSMETAL  https://www.buysmetal.be/vacatures
2026-08-15  BUYSE DECOLLETAGE  https://buysemetalworksgroup.be/werken-bij/
2026-08-15  BUZZISPACE  https://www.buzzi.space/careers
2026-08-15  BUYSSE FOOD MACHINERY  https://www.buyssefoodmachinery.be/jobs
2026-08-15  BV SERVICE  https://kantoorbusschaertenpartners.be/vacatures/
2026-08-15  BYTEFLIES  https://www.byteflies.com/careers
2026-08-15  Balchem  https://balchem.com/careers/
2026-08-15  BY-CAST  https://www.by-cast.com/en/our-company/jobs/
2026-08-15  Baltimore Aircoil International  https://www.baltimoreaircoil.eu/en/jobs/meet-our-colleagues
2026-08-15  Bamps-Laevers Verzekeringen  https://bampslaevers.be/jobs/
2026-08-15  BWT BELGIUM  https://www.bwt.com/en/careers/
2026-08-15  Baltimore Aircoil Belgium  https://baltimore-aircoil.talentfinder.be/index.aspx
2026-08-15  Bandag-Europe  https://www.bridgestone.com/
2026-08-15  Battery Supplies  https://batterysupplies.be/vacatures/
2026-08-15  Batenburg Bellt  https://werkenbijbatenburg.nl/
2026-08-15  Basiliek  https://www.basilicakoekelberg.be/vacature/
2026-08-15  BeMedico  https://bemedico.be/vacatures/
2026-08-15  Belgian Ice Cream Group  https://jobs.belgianicecreamgroup.com/nl
2026-08-15  Beluga Insurance Solutions  https://belugainsurance.com/jobs/
2026-08-15  Belki  https://www.belki.be/vacatures/
2026-08-15  Bielen  https://bielen.be/vacature/
2026-08-15  Billy  https://jobs.billy.tech/nl
2026-08-15  Blink Charging Belgium  https://blinkcharging.com/company/careers
2026-08-15  Blancquaert Finance  https://www.groepblancquaert.be/nl/professionelen
2026-08-15  Blauw Kasteel  https://www.blauwkasteel.be/jobs/
2026-08-15  Blacknum  https://www.blacknum.com/senior-frontend/
2026-08-15  Blue Foot Membranes  https://bluefootmembranes.com/jobs/
2026-08-15  BluePrint Products  https://blueprint-products.com/jobs
2026-08-15  BlooLoc  https://www.blooloc.com/en/jobs
2026-08-15  Blulinc  https://www.blulinc.com/blogs/jobs
2026-08-15  Blue Zones  https://www.antwerpmanagementschool.be/en/career-services
2026-08-15  Boetiek Marie Claire - Zoute  https://www.marieclairezoute.be/nl/jobs
2026-08-15  Bouw-iD  https://www.bouw-id.eu/jobs
2026-08-15  Boons FIS  https://www.boonsfis.com/nl/vacature-bij-boons-fis
2026-08-15  Brabantia S&L Belgium  https://www.brabantia.com/int_en/working-at-brabantia
2026-08-15  Borremans  https://www.borremanspvh.be/copy-of-paling
2026-08-15  Breewel België  https://www.breewel.nl/vacatures/
2026-08-15  Brighteye  https://www.brighteye.be/careers
2026-08-15  Brouwerij De Koninck  https://www.dekoninck.be/nl/vacatures
2026-08-15  Brouwersvliet  https://bouwkroniek.be/vacatures
2026-08-15  Brusselle Custom Machinery  https://brussellebcm.com/maritieme-jobs-in-de-mechaniek/
2026-08-15  Brouwerij Omer Vander Ghinste  https://jobs.omer.be/nl
2026-08-15  Bureau Cnockaert  https://cnockaert.be/job/
2026-08-15  Bureau PARTNERS - architecten en ingenieurs  https://bureaupartners.be/vacatures
2026-08-15  C - Power  https://c-power.be/en/top-menu/Job%20opportunities
2026-08-15  Byttebier Hout  https://www.byttebier-hout.be/jobs
2026-08-15  C-FIRE  https://jobs.cordeel.eu/
2026-08-15  C-METAL  https://c-metal.eu/nl-be/werken-bij
2026-08-15  C. Vermeulen  https://www.transportvermeulen.be/nl/jobs/
2026-08-15  C.C. COMPANY  https://companypartners.co.za/careers/
2026-08-15  C.S.M  https://www.csm.be/nl/vacatures/
2026-08-15  C.M.R. DIAMONDS  https://cmrdiamonds.com/careers/
2026-08-15  CADCAMATIC  https://cadcamatic.be/jobs
2026-08-15  CAFMEYER  https://cafmeyernv.be/jobs
2026-08-15  CABLETRAY  https://jobs.bechtle.com/
2026-08-15  CALLANT VERZEKERINGEN ANTWERPEN  https://jobs.callant.be/nl
2026-08-15  CALSA  https://calsa.be/jobs/
2026-08-15  CAMCO TECHNOLOGIES  https://camco.be/work-at-camco/
2026-08-15  CALVET  https://calvet.eu/vacature-overzicht/
2026-08-15  CALLTIC  https://calltic.com/jobs/
2026-08-15  CAMFIL  https://www.camfil.com/en-us/about-us/careers/job-opportunities
2026-08-15  CAPGEMINI BELGIUM  https://www.capgemini.com/careers/
2026-08-15  CAMPINE  https://www.campine.com/vacatures-beerse/
2026-08-15  CANTILLANA  https://www.cantillana.be/nl-be/over-ons/jobs
2026-08-15  CAPABLE  https://capable.nl/about-capable-career-test/
2026-08-15  CARBOMAT  https://www.carbomat.be/jobs
2026-08-15  CARGO CHARTERING BELGIUM  https://cargochart.com/jobs/
2026-08-15  CARLO GAVAZZI  https://www.gavazziautomation.com/en-us/company/career-opportunities
2026-08-15  CARE-ACE  https://www.care-ace.be/vacatures
2026-08-15  CARMANS E&L  https://www.carmansnv.be/jobs/
2026-08-15  CARREFOUR BELGIUM  https://belgiumjobs.carrefour.eu/
2026-08-15  CASA LOGISTICS  https://www.vhauctions.com/jobs
2026-08-15  CAST IRON  https://www.castiron.be/vacatures/
2026-08-15  CARLSBERG IMPORTERS  https://www.haeltermangroup.be/career/
2026-08-15  CASTELEYN TRS  https://jobs.casteleyn.be/nl
2026-08-15  CCS STEEL  https://ccs-steel.be/vacatures
2026-08-15  CEBEKO  https://www.cebeko.be/werken-bij-cebeko
2026-08-15  CEBEO  https://www.cebeo.be/nl-be/static/jobs
2026-08-15  CEDERINVEST  https://ceder.be/vacatures/
2026-08-15  CEGEKA GROEP  https://www.cegeka.com/en/be/jobs/about-cegeka
2026-08-15  CENERGIE  https://www.cenergie.be/jobs
2026-08-15  CEILUX  https://www.ceilux.com/jobs
2026-08-15  CENNOX  https://www.cennox.com/careers-life-at-cennox/
2026-08-15  CEMENTBOUW BINDMIDDELEN  https://www.cementbouw.nl/vacature/logistiek-administratief-medewerker/
2026-08-15  CERES  https://www.ceresrecruitment.be/vacancies
2026-08-15  CERTUS RAIL SOLUTIONS  https://certusrailsolutions.be/vacatures/
2026-08-15  CFF Belgium  https://www.cff.de/karriere
2026-08-15  CHANTERIE DEKZEILEN -BACHES  https://www.chanterie.be/nl/projecten/vacature/
2026-08-15  CHARCUTERIE BOVIE  https://hasseltnieuws.be/vacatures-hasselt/
2026-08-15  CHARLES DISTRIBUTIE  https://charlesdistributie.eu/jobs
2026-08-15  CHARLES HAERENS  https://www.haerens.com/nl/careers
2026-08-15  CHILI PUBLISH  https://www.chili-publish.com/solution/job-role/chief-marketing-officer/
2026-08-15  CHOCOLATERIE DE SCHUTTER  https://chocolaterie-de-schutter.be/nl/jobs
2026-08-15  CHOCOLATERIE LIMAR  https://www.limarchocolates.com/nl/vacatures
2026-08-15  CHRISTOFFELS VERZEKERINGEN  https://christoffels.be/jobs
2026-08-15  CILOGIS  https://cilogis.be/nl/vacature
2026-08-15  CIMA  https://cima-fire.be/Vacatures/Vacatures.html
2026-08-15  CIGNA LIFE INSURANCE COMPANY OF EUROPE  https://jobs.thecignagroup.com/us/en
2026-08-15  CHT-Belgium  https://career.cht.com/en/
2026-08-15  CKS Fashion  https://jobs.claesretailgroup.com/nl/cks
2026-08-15  CIPAL  https://www.cipalschaubroeck.be/jobs
2026-08-15  CITRIBEL  https://www.citribel.com/jobs/
2026-08-15  CLAESSEN  https://www.metaalwerken-claessen.be/nieuws/
2026-08-15  CLAREBOUT  https://jobs.clarebout.com/nl
2026-08-15  CLASAL  https://www.clasalpumps.com/nl/werken-bij-clasal
2026-08-15  CLARYS  https://www.clarys-foodingredients.be/nl/jobs
2026-08-15  CLEM  https://www.clem.be/nl/over-clem
2026-08-15  CLEMENT PHARMA  https://studioclement.be/nl/jobs/
2026-08-15  CLIMAPULSE  https://climapulse.com/nl/jobs
2026-08-15  CLIMA CONSTRUCT  https://www.climaconstruct.be/nl/vacature/
2026-08-15  CLN GROUP  https://www.gruppocln.com/en/careers
2026-08-15  CLIMATRIX  https://www.climatrix.be/vacatures/
2026-08-15  CLOUDWARE  https://www.cloudware.be/jobs
2026-08-15  CLdN  https://www.cldn.com/en/careers/working-cldn
2026-08-15  CLOUDS OF CARE  https://www.cloudsofcare.com/careers
2026-08-15  CM.COM BELGIUM  https://jobs.cm.com/
2026-08-15  CLASSICA INTERNATIONAL  https://careers.net.au/
2026-08-15  CLIPS  https://www.clips.be/nl/content/werken-bij-clips
2026-08-15  CLASSO  https://classo.com/werken-bij-classo/
2026-08-16  EcoVise  https://ecovise.be/jobs
2026-08-16  GOEDHART BELGIUM  https://goedhart.eu/blog/2026/08/14/vacature/
2026-08-16  Koninklijke Football Club DIEST 041  https://www.domeinwebshop.nl/nl/jobs
2026-08-16  Sociaal bedrijvencentrum Maasmechelen  https://www.vzwsbm.be/p/vacatures.html
2026-08-16  Imperish Photography  https://imperish-photography.be
2026-08-16  A.G. METALS RECYCLING  https://www.agmetals.be/index-nl.aspx
2026-08-16  AB - MATIC  https://www.ab-matic.be/p/jobs.html
2026-08-16  ARMASOFT  https://armasoftlab.com/careers/
2026-08-16  ARLU  https://www.arlu.be/nl/vacatures
2026-08-16  AUTAJON LABELS BELGIUM  https://loopbanen.job-autajon.com/?keywords&eolia_search=Search
2026-08-16  AluK Belgium  https://be.aluk.com/be_nl/vacatures
2026-08-16  Alok International  https://www.aloktools.com/career/
2026-08-16  Anglo Belgian Corporation  https://www.abc-engines.com/en/careers
2026-08-16  Arega Pharma  https://arega.be/jobs/
2026-08-16  Autrosystems  https://www.autrosystems.be/jobs/
2026-08-16  B-Flow  https://www.b-flow.be/jobs/
2026-08-16  Avista Aluminium  https://web.fac-belgium.eu/jobs/
2026-08-16  BALANCK  https://balanck.be/vacatures-2.html
2026-08-16  BALLIU MACHINE TOOL CORPORATION  https://balliu.be/jobs/
2026-08-16  BANNER CHEMICALS BENELUX  https://2m-careers.com/
2026-08-16  BELMOCA  https://belmoca.com/vacancies
2026-08-16  BEP EUROPE  https://jobs.bepeurope.be/en
2026-08-16  BELTASTE HAMONT  https://jobs.vanreusel.eu/nl
2026-08-16  BESTBEND  https://www.bestbend.com/werken-bij
2026-08-16  BIDFOOD DE CLERCQ  https://jobs.bidfood.be/
2026-08-16  BIOTRONIK BELGIUM  https://www.biotronik.com/en-us/careers/careers-biotronik
2026-08-16  BODECOR  https://www.bodecor.be/jobs/
2026-08-16  BOORTMALT  https://www.boortmalt.com/career
2026-08-16  BOUCHARD  https://www.bouchard.be/vacatures-bouchard-nv
2026-08-16  BROUWERS ZINK  https://brouwerszink.nl/portfolio-items/jobse-loodgietersbedrijf-bv/
2026-08-16  BeMatrix  https://bematrix.com/eu/en/about/jobs
2026-08-16  Betca  https://www.betca.be/p/jobs.html
2026-08-16  Beyers Koffie  https://www.beyers.eu/en/careers
2026-08-16  Boluda Towage Belgium  https://boluda.eu/career
2026-08-16  Briels Metaalwerken  https://www.herk-de-stad.be/vacatures
2026-08-16  Buhlmann  https://buhlmann-group.com/nl/carriere/
2026-08-16  C.B  https://vacatures.cb.nl/
2026-08-16  C.N. Rood  https://cnrood.com/about/careers/
2026-08-16  C.V.O. INTERNATIONAL  https://www.cvo-international.com/vacatures/
2026-08-16  CAFES F. ROMBOUTS S.A  https://www.kdiegemsport.be/vacatures/
2026-08-16  CASIER RECYCLING  https://casier.com/nl/1/Jobs
2026-08-16  CCV BELGIUM  https://www.ccv.eu/en/about-ccv/working-at-ccv/vacancies
2026-08-16  CDL-Engineering  https://www.cdl-engineering.be/jobs/
2026-08-16  CEYSSENS  https://www.groupceyssens.com/vacatures
2026-08-16  CEVA Freight belgium  https://www.bedrijvengidsbelgie.com/bedrijf/jobs-construct/
2026-08-16  CF GROUP BENELUX  https://www.cf.group/careers/
2026-08-16  CHRISTEYNS  https://www.christeyns.com/jobs/
2026-08-16  CINER GLASS BELGIUM  https://cinerglass.com/careers/
2026-08-16  CLUMA ENGINEERING  https://www.cluma.com/jobs/
2026-08-16  CMK EUROPE  https://www.cmk-corp.com/recruit/career.html
2026-08-16  COATINC LENSSEN  https://coatinc.com/en/career/employer-brand/
2026-08-16  COCHLEAR BENELUX  https://www.cochlear.com/us/en/corporate/careers
2026-08-16  COBELPLAST  https://www.cobelplast.be/careers
2026-08-16  CODRAFT  https://www.codraft.be/vacatures
2026-08-16  COEMAN PACKAGING  https://www.coeman.be/nl/vacatures
2026-08-16  CODIPACK  https://www.codipack.com/vacatures/
2026-08-16  COCCINELLE  https://coccinelle.be/working-at-coccinelle/
2026-08-16  COEK ENGINEERING  https://coek.be/jobs/
2026-08-16  COLLECTION HUGO VOETEN  https://www.herentals.be/jobs-en-ondernemen
2026-08-16  COLDMEAT  https://www.dekeysermeatproducts.com/jobs
2026-08-16  COLOS SC  https://www.colos.be/nl/over-colos/vacatures/
2026-08-16  COMEPLAST-CARPACO  https://www.homeproved.com/jobs
2026-08-16  COLSON VERZEKERINGEN  https://www.colsonverzekeringen.be/nl-be/jobs
2026-08-16  COMPASS  https://compass-group.be/en/careers
2026-08-16  COMPO BENELUX  https://www.compo.be/nl/onderneming/jobs
2026-08-16  COMPAKTUNA  https://www.compaktuna.be/nl/contact/vacatures
2026-08-16  CONCORDIA  https://concordia.be/jobs/
2026-08-16  CONDAIR  https://www.condair.be/vacatures
2026-08-16  CONFISERIE VANDENBULCKE  https://vandenbulcke.com/vacatures/
2026-08-16  COMMSQUARE  https://www.commsquare.com/category/careers/
2026-08-16  CONTAINER TECHNICS  https://www.containertechnics.com/nl/jobs
2026-08-16  CONSULTA - BELGIUM  https://www.carecosmetics.be/werken-bij-care/
2026-08-16  CONTI-LINES  https://www.contilines.be/careers/
2026-08-16  CONTINENTAL SWEETS BELGIUM  https://www.continentalsweets.com/nl/more-reasons-to-smile-0
2026-08-16  CONTROL UNION BELGIUM  https://www.controlunion.com/careers-2/
2026-08-16  COOLBLUE BELGIË  https://www.coolblue.be/nl/vacatures
2026-08-16  COOL SOLUTIONS  https://coolsolutions.be/jobs/
2026-08-16  COPPENS-HOFMAN  https://www.coppenshofman.be/jobs/
2026-08-16  CONTROL AND PROTECTION  https://control-protection.be/nl/over-ons/
2026-08-16  COR - GAS  http://www.corgas.be/job.html
2026-08-16  CORILUS  https://jobs.corilus.be/
2026-08-16  CORBEO  https://www.corbeo.eu/pages/applications/klussen-in-huis-en-tuin
2026-08-16  CORTINA  https://cortina-group.com/careers
2026-08-16  CORVAN  https://corvan.be/jobs
2026-08-16  COSPO-CARROSSERIE  https://cospocarrosseriebouw.be/vacatures/
2026-08-16  COUPETRANS  https://www.deputter.co/jobs.html
2026-08-16  CONNECT GROUP  https://www.connectgroup.com/nl/vacatures
2026-08-16  CRAS  https://craswoodshops.be/nl-be/jobs
2026-08-16  COX  https://www.a-cox.be/jobs/
2026-08-16  COVERA PACKAGING  https://covera.be/vacatures/
2026-08-16  CRELEM BAKERIES  https://www.crelembakeries.be/nl/jobs/
2026-08-16  CRETES  https://www.cretes.be/nl/jobs
2026-08-16  CROWN HANDLING  https://www.crown.com/nl-nl.html
2026-08-16  CROPS  https://www.jobsbycrops.be/
2026-08-16  CRISTO  https://www.cristo.be/jobs
2026-08-16  CSL  https://www.cslbehring.be/ons-bedrijf/carrieres
2026-08-16  CTAC België  https://werkenbijctac.be/vacatures/
2026-08-16  CRUMBEL  https://www.crumbel.be/nl/b2c/jobs
2026-08-16  CSP ZEEBRUGGE TERMINAL  https://cspterminals.be/jobs2/
2026-08-16  CUSTOM8  https://www.custom8.be/category/vacancies/
2026-08-16  CVB RECYCLING  https://www.cvbecologistics.com/nl/werken-bij
2026-08-16  CYMACO  https://igs-cymaco.eu/vacatures_nl.htm
2026-08-16  CYAGO  https://www.cyago.eu/en/jobs-at-cyago/
2026-08-16  CURITAS  https://curitas.be/vacatures/
2026-08-16  Calodar  https://www.calodar.be/nl/jobs
2026-08-16  Cantata  https://cantata.be/pages/jobs
2026-08-16  Caldic Techniek Belgium  https://www.caldic-techniek.be/werken-bij/
2026-08-16  Campo  https://www.campo.nu/nl/vacatures-stages-9952
2026-08-16  Cammaert  http://www.cammaertnv.be/werken-bij-cammaert
2026-08-16  Carin Haircosmetics  https://www.carin.be/nl/vacatures
2026-08-16  Castelein Sealants  https://casteleinsealants.be/jobs-bij-castelein/
2026-08-16  Castor  https://jobs.vinci.com/en
2026-08-16  CREEMERS  https://www.creemers.nl/nl/aboutus/werken-bij
2026-08-16  Callens  https://www.callens.jobs/nl
2026-08-16  Castellins  https://www.castellins.com/nl/jobs
2026-08-16  Carlens  https://carlenshout.be/vacatures/
2026-08-16  Centrale voor Beton en Asfalt  https://terraco.be/index.php/home/vacatures
2026-08-16  Cabka  https://cabka.com/careers
2026-08-16  CellMark Belgium  https://career.cellmark.com/
2026-08-16  CenEnergy  https://www.cenenergy.be/jobs
2026-08-16  Cerba Research  https://nl.jobs.cerbahealthcare.com/
2026-08-16  CellCarta  https://cellcarta.com/careers/
2026-08-16  Cemminerals  https://cemminerals.be/nl/carriere/
2026-08-16  Chicken Masters of Belgium  https://chickenmasters.be/nl/vacatures
2026-08-16  Certis Belchim  https://certisbelchim.nl/werken-bij-ons/
2026-08-16  Chr. Olesen  https://www.chr-olesen.dk/career/
2026-08-16  Cipla Europe  https://nttdata-solutions.com/us/careers-at-ntt-data/diversity/
2026-08-16  Clayton of Belgium  https://claytonsteam.com/nl-BE/jobs
2026-08-16  Citymesh 0G  https://jobs.citymesh.com/en
2026-08-16  Climacon  https://www.coolandcomfort.be/nl/vacatures
2026-08-16  Clinisys  https://www.clinisys.com/us/en/careers/
2026-08-16  Clock-O-Matic  https://www.clock-o-matic.com/vacatures/
2026-08-16  ClearMedia  https://www.clearmedia.be/nl/vacatures/
2026-08-16  Cobelfret  https://www.cobelfret.com/job-opportunities
2026-08-16  Coeck  https://www.coeck.be/nl-be/pages/vacatures
2026-08-16  Colors  https://www.allcolorsofcommunication.com/nl/jobs
2026-08-16  Colruyt Group  https://jobs.colruytgroup.com/nl
2026-08-16  Commodity Centre Belgium  https://www.commoditycentre.com/nl/carrieres
2026-08-16  CityD-WES  https://cityd-wes.be/vacatures/
2026-08-16  Combined Marine Terminal Operations Worldwide  https://www.deme-group.com/careers
2026-08-16  Comeco  https://www.comeco.be/nl/jobs-comeco
2026-08-16  Condeco  https://condeco.be/nl/vacatures
2026-08-16  Concar  https://www.concar.de/jobs-karriere/aktuelle-stellenangebote
2026-08-16  Complix  https://www.complix.com/careers/
2026-08-16  Coram DIY  https://coram.eu/werken-bij-coram/vacature/
2026-08-16  Cosmo-lift-it  https://cosmolift.be/jobs/
2026-08-16  Colt Technology Services  https://www.colt.net/careers
2026-08-16  Constructiebedrijf Ivens  https://ivensgroup.com/vacatures/
2026-08-16  Covameat  https://www.covameat.be/nl/jobs-covameat
2026-08-16  Credimo  https://www.credimo.be/nl/jobs/
2026-08-16  Culligan Belgium  https://www.culligan.be/nl/jobs/
2026-08-16  Creafin  https://www.creafin.be/vacatures/
2026-08-16  Creax  https://creax.com/service/smart-opportunities/
2026-08-16  D SOFT  https://www.dsoft.be/vacatures
2026-08-16  D&S Contractors  https://dnscontractors.com/jobs/
2026-08-16  Cube  https://www.cube-it.be/jobs/
2026-08-16  DIETEREN LEASE  https://jobs.dieteren.be/fr
2026-08-16  D.H.Z  https://jansen-dhz.be/homepage-jansen-doe-het-zelf/vacatures/
2026-08-16  D.D.M  https://www.ddm.eu/vacancies
2026-08-16  D.I  https://jobs.di.be/index.aspx
2026-08-16  D.T  https://www.dtplan.be/vacatures
2026-08-16  D.V. FOODS  https://dvfoods.be/nl/jobs/
2026-08-16  DAGERAAD  https://de-dageraad.be/vacatures/
2026-08-16  DACHSER BELGIUM FOOD LOGISTICS  https://careers.dachser.com/dachser_europe/?locale=nl_NL
2026-08-16  DAFCO  https://www.dafco.be/jobs/
2026-08-16  DAMHERT  https://damhert.com/jobs
2026-08-16  DANIEL OST GROUP  https://www.danielost.be/blogs/careers
2026-08-16  DANNEELS INSTALLATIES  https://www.danneelsinstallaties.be/jobs-overzicht
2026-08-16  DAMOVO BELGIUM  https://www.damovo.com/lifeatdamovo/
2026-08-16  DARCIS  https://www.ardenneresidences.com/fr/a-votre-disposition/espace-job/
2026-08-16  DARCOPACK  https://www.darco.eu/jobs
2026-08-16  DATS 24  https://dats24.be/nl/particulier/jobs
2026-08-16  DATALINE SOLUTIONS  https://dataline.eu/nl/multipress/workflowoptimalisering/job-definition-format-jdfjmf
2026-08-16  DAUM  https://daum.fr/en-us/pages/carrieres
2026-08-16  DB Metalin  https://dbmetalin.be/werken-bij-db-metalin/
2026-08-16  DCM EMBA Metering & Control  https://dcmemba.eu/vacatures
2026-08-16  DE BRON  https://debronzorgtvooru.be/jobs/
2026-08-16  DE BELEYR-ENGINEERING  https://www.debeleyr.com/nl/job
2026-08-16  DE BUF HYDRAULIEK  https://debuf.be/jobs
2026-08-16  DE BRUYCKER  https://debruycker-kemp.be/nl-be/vacatures
2026-08-16  DE BLOCK  https://www.deblockverhuur.be/nl/vacatures
2026-08-16  DE BLAUWE HOND  https://www.deblauwehond.be/jobs
2026-08-16  DE CRAENE  https://decraenetechnics.be/vacatures
2026-08-16  DE DECKER METALCON  https://dedeckermetalcon.be/vacatures/
2026-08-16  DE BREE SOLUTIONS  https://jobs.debree.be/
2026-08-16  DE HONDT  https://www.dehondtnv.be/jobs
2026-08-16  DE JAEGHER  https://jobs.kristofdejaegher.be/
2026-08-16  DE JONGHE  https://www.dejonghe.info/vacatures/
2026-08-16  DE KINDERPLANEET  https://www.dekinderplaneet.be/nl/vacatures
2026-08-16  DE KIMPE  https://garagedekimpe.be/vacatures/
2026-08-16  DE KEYZER - DRINKS  https://dekeyzer-drinks.be/vacatures/
2026-08-16  DE KRAKER  https://www.krakertrailers.eu/nl/werken-bij-kraker/vacatures/
2026-08-16  DE LILLE  https://www.delille.be/nl
2026-08-16  DE MARIE  https://www.nvdemarie.be/nl/vacatures
2026-08-16  DE MEYER  https://demeyer.be/werken-bij-de-meyer
2026-08-16  DE MOOR  https://wwdemoor.be/vacatures
2026-08-16  DE RAAT SECURITY PRODUCTS  https://deraat.nl/nl/organisatie/vacatures
2026-08-16  DE PROOST  https://www.deproost.be/nl/jobs
2026-08-16  DE PIKKE INDUSTRIE  https://www.depikke.be/vacature/
2026-08-16  DE PECKER GENT  https://www.depeckergent.be/jobs/
2026-08-16  DE RETIESE FEESTHALLEN  https://www.ontdeksintniklaas.be/nl/ervaringen/een-muziekcarriere-uitbouwen-hard-werken-zeker-als-je-zowat-alles-zelf-doet
2026-08-16  DE RIJKE  https://derijke.com/nl/werken-bij/vacatures
2026-08-16  DE RYCKE GEBROEDERS  https://www.derycke.be/vacatures
2026-08-16  DE ROO  https://de-roo.be/vacatures/
2026-08-16  DE SAEDELEIR  https://wildvantextiel.be/vacatures/
2026-08-16  DE TOLLENAERE  https://www.detollenaere.eu/tools/
2026-08-16  DE VISSCHER W  https://www.devisschernv.be/vacatures/
2026-08-16  DE SUTTER ELECTRONICS  https://www.desutter.be/vacatures/
2026-08-16  DE VLAAMSE WATERWEG  https://www.vlaamsewaterweg.be/nl/werken-bij-de-vlaamse-waterweg-nv
2026-08-16  DE VREESE LOGISTIC  https://www.devreese-logistic.be/nl/jobs
2026-08-16  DE WAAL SOLID FOUNDATIONS  https://www.dewaal.eu/
2026-08-16  DE WULF VLEESWAREN  https://www.dewulf.com/jobs
2026-08-16  DE ZIGEUNER  https://www.dezigeuner.be/nl/vacatures
2026-08-16  DE WITTE ALUMINIUMCONSTRUCTIES  https://www.dewitte-aluconstructies.be/jobs
2026-08-16  DEBA  https://www.deba.biz/vacatures/
2026-08-16  DEBAL COATINGS  https://www.ciranova.eu/nl/jobs
2026-08-16  DEBBAUT  https://debbaut.be/schrijnwerker
2026-08-16  DEBRA  https://debra-group.com/jobs
2026-08-16  DEBELS  https://debels.com/vacature-administratief-bediende.php
2026-08-16  DECADT DANIEL  https://www.decadt-proven.be/nl/houthandel/jobs/
2026-08-16  DECKX ELEKTRO MECHANICA  https://watercircle.be/vacatures-in-de-watersector/
2026-08-16  DECASTONE  https://www.decastone.be/nl/jobs
2026-08-16  DECKERS TAPIJT  https://www.deckerstapijt.be/vacatures/
2026-08-16  DECHRA VETERINARY PRODUCTS  https://careers.dechra.com/
2026-08-16  DE WIT CONSTRUCTIES  https://www.dewitconstructies.com/vacatures/
2026-08-16  DECORUM  https://decorumplantsflowers.com/vacatures/
2026-08-16  DECOUTERE PROFIELEN  https://decoutere.com/technische-jobs/
2026-08-16  DEFORCHE CONSTRUCT  https://www.deforchegroup.com/nl/jobs
2026-08-16  DEFORCHE ENGINEERING  https://www.deforche-engineering.be/nl/careers
2026-08-16  DECOMECC  https://www.decomecc.be/jobs/
2026-08-16  DEKEYSER CLEANING  https://dekeysermilieu.be/vacatures/
2026-08-16  DEGOFOUR  https://www.dewulffourageentransport.be/nl/vacatures/
2026-08-16  DEKEMPENEER DKP  https://jobs.dekempeneer.be/nl
2026-08-16  DEJOND FASTENING  https://dejondfastening.com/nl/werken-bij-dejond-fastening
2026-08-16  DEJOND  https://www.dejond.com/nl/werken-bij-dejond
2026-08-16  DEKRA BELGIUM  https://www.dekra.be/nl/carriere/
2026-08-16  DEKNUDT MIRROR WORKS  https://www.deknudtmirrors.com/jobs/
2026-08-16  DELAHAYE - LAUWERS  https://www.delahaye-lauwers.be:443/nl/vacatures/
2026-08-16  DEFISAT  https://defisatsolar.be/jobs/
2026-08-16  DELAVAL  https://www.delaval.com/jobs/
2026-08-16  DELAVI  https://jobs.delavi.be/nl
2026-08-16  DELANGHE  https://delanghe.be/jobs/
2026-08-16  DELHAIZE HEUSDEN  https://addelhaizeheusden.be/nl/vacatures
2026-08-16  DELIVA  https://deliva.be/nl/jobs
2026-08-16  DELIVERECT  https://www.deliverect.com/en/careers
2026-08-16  DELICE  https://jobs.denberk-delice.be/nl
2026-08-16  DEKERF FINANCE  https://dekerf.be/vacatures/
2026-08-16  DELTA EXTINCTORS  https://delta.be/?page=jobs
2026-08-16  DELL  https://enterpriseplatform.dell.com/hcmUI/CandidateExperience/en/sites/careers
2026-08-16  DELINO  https://delinoprofessional.be/nl/werken-bij-delino/
2026-08-16  DELTA PLUS BENELUX  https://www.deltaplus.eu/nl/carreer
2026-08-16  DELTRANS  https://www.deltrans.com.ec/en_us/services/careers/
2026-08-16  DELTA-V LUCAS  https://www.delta-v.be/nl/jobs
2026-08-16  DELTRO SYSTEEMTECHNIEK  https://www.deltro.be/nl/content/jobs
2026-08-16  DEMAGRI  https://demagri.be/vacatures/
2026-08-16  DELVA SHOPPING  https://delva.be/nl/sp/12/vacatures
2026-08-16  DELTA LIGHT  https://deltalight.com/nl-nl/jobs
2026-08-16  DEMAN  https://nvdeman.be/nl/jobs/
2026-08-16  DEMATRA  https://www.dematra.be/jobs
2026-08-16  DEMONIE HOUT  https://schrijnwerkerij-demonie.be/vacatures
2026-08-16  DELUCI  https://www.deluci.be/jobs/
2026-08-16  DENEIRE  https://www.deneire.be/jobs
2026-08-16  DEN HARTOGH CITERNTRANS  https://careers.denhartogh.com/
2026-08-16  DENVER INTERNATIONAL  https://www.flydenver.com/jobs/
2026-08-16  DELTHA  https://www.deltha.be/vacatures/
2026-08-16  DEPOORTERE  https://depoorterebv.be/vacatures/
2026-08-16  DELTA WATER ENGINEERING  https://deltawaterengineering.com/en/jobs/
2026-08-16  DEQUEECKER  https://dequeecker.be/vacatures
2026-08-16  DEN OTTOWASSER  https://www.denottowasser.be/vacatures/
2026-08-16  DEROTEX  https://www.degroofpetercam.com/en-be/jobs-finance
2026-08-16  DEPAEPE  https://www.tegelsdepaepe.be/nl/jobs/
2026-08-16  DEPOT 30  https://www.depot30.be/vacatures/
2026-08-16  DEPREST  https://www.deprest.be/vacatures/
2026-08-16  DESLOOVER  https://desloover.be/jobs/
2026-08-16  DESCHACHT DOE HET ZELF  https://megadeschacht.be/jobs/
2026-08-16  DESMET BELGIUM  https://www.desmet.com/en/career
2026-08-16  DESSART  https://www.dessart.be/fr/jobs
2026-08-16  DESTROOPER-OLIVIER  https://www.spiromatic.com/en/jobs
2026-08-16  DEVELOPMENT  https://www.cushmanwakefield.com/en/careers
2026-08-16  DEVOGELAERE RECYCLAGE  https://devogelaere.com/jobs
2026-08-16  DEVOS PLAATBEWERKINGEN  https://devosplaatbewerking.be/vacatures.html
2026-08-16  DEWA  https://www.dewa-nv.be/nl/jobs
2026-08-16  DEWAHOUT  https://dewahout.be/vacatures.html
2026-08-16  DEWULF  https://www.dewulfgroup.com/nl/jobs/
2026-08-16  DEZEURE  https://dezeure.be/jobs
2026-08-16  DHL eCommerce BeLux  https://www.dhlecommerce.be/nl/werken-bij-dhl
2026-08-16  DHCare Belgium  https://www.dhcare.be/nl/werken-bij-dhcare
2026-08-16  DHOLLANDIA  https://www.dhollandia.com/US/en-us/5/
2026-08-16  DHK GENK  https://dhk.be/page/jobs?locale=nl
2026-08-16  DICALITE EUROPE  https://www.dicalite.com/careers/
2026-08-16  DIDAK INJECTION  https://didak.eu/nl/vacatures
2026-08-16  DILIEN METAALWERKEN  https://dilien.com/jobs
2026-08-16  DIGI BELGIUM  https://jobs.digi-belgium.be/jobs
2026-08-16  DIGITAL DISTRIBUTION  https://www.newsdistribution.be/
2026-08-16  DIMA  https://dima-ecotechnics.be/jobs-2
2026-08-16  DIRECT  https://direct-result.be/vacatures/
2026-08-16  DISTRAC  https://distrac.com/vacatures/
2026-08-16  DISCORP  https://www.discorp.be/nl_NL/page/157/jobs/
2026-08-16  DIMEC  https://www.dimec.be/vacatures/
2026-08-16  DISCOM  https://discom.eu/werken-bij
2026-08-16  DIRESCO  https://diresco.be/carriere/
2026-08-16  DIVERSI-FOODS  https://diversifoods.com/en/our-company/jobs
2026-08-16  DISTRI-HOUT  https://www.houtwereld.nl/jobs/
2026-08-16  DISTRI-LOG  https://www.werkbijdistrilog.be/vacaturebeschrijving-dl-nl/edi-integratie-specialist
2026-08-16  DOCKX RENTAL  https://www.dockx.be/nl/jobs
2026-08-16  DOHMEYER  https://www.dohmeyer.com/en/careers
2026-08-16  DOCKX MOVERS  https://dockx-movers.be/nl/jobs/
2026-08-16  DOKA  https://www.doka.com/us/career/career
2026-08-16  DOEDIJNS FLUID INDUSTRY  https://www.fluidindustry.com/nl/careers
2026-08-16  DISTRIMEDIA  https://www.distrimedia.be/vacatures/
2026-08-16  DOMS  https://www.doms.be/careers
2026-08-16  DOP KORTEMARK  https://www.kortemark.be:443/vacature-technisch-medewerker-wegen-en-water
2026-08-16  DOSSCHE MILLS  https://www.dosschemills.com/nl-be/werken-bij-dossche-mills
2026-08-16  DOUTERLOIGNE BETON  https://jobs.ploegsteert.com/careers/searchjobs?scrollTo=jobs-zone
2026-08-16  DOU-BETON  https://doubeton.be/nl/werken-bij-dou-beton/
2026-08-16  DOX NV  https://dox.be/nl/jobs/
2026-08-16  DP World Multimodal Solutions  https://www.dpworld.com/en/careers
2026-08-16  DRANCO  https://dranco.be/careers
2026-08-16  DRANACO  https://dranaco.be/vacatures/
2026-08-16  DRANKEN GEERS  https://drankengeers.be/vacatures
2026-08-16  DOU-BETON FLOORING SYSTEMS  https://doubeton-flooringsystems.be/nl/werken-bij-dou-beton/
2026-08-16  DRANKEN GIJBELS  https://www.drankengijbelsnv.be/vacatures
2026-08-16  DRANKEN SCHROEDERS  https://jobs.oud-heverlee.be/
2026-08-16  DREAM  https://daretodream.be/jobs
2026-08-16  DROPSOLID  https://dropsolid.com/en/careers
2026-08-16  DRAKA BELGIUM  https://www.prysmian.com/en/people-and-careers
2026-08-16  DRIX  https://drix.today/vacatures/
2026-08-16  DRIES BOSSUYT  https://www.thecfigroup.com/nl/careers/
2026-08-16  DROOGMANS BOUW  https://www.droogmansbouw.be/jobs
2026-08-16  DREAMBABY  https://erp.dreambaby.be/jobs
2026-08-16  DSI Dantech  https://dsidantech.com/career
2026-08-16  DSV Contract Logistics  https://www.dsv.com/en/careers/job-openings
2026-08-16  DRANKENSHOP BROEKMANS  https://www.drankenshop.be/werken-bij-broekmans/
2026-08-16  DROPSOLID ARTIFICIAL INTELLIGENCE  https://dropsolid.ai/en
2026-08-16  DUBAERE  https://dubaere-group.com/nl/vacatures/
2026-08-16  DUO  https://www.duoforajob.be/fr/sengager/postuler-jobs-stages
2026-08-16  DUMACO  https://www.dumaco.com/werken-bij/vacatures
2026-08-16  DURAMAPRO  https://durama.be/vacatures
2026-08-16  DUOMED BELGIUM  https://www.duomed.com/nl-BE/vacatures
2026-08-16  DURACOAT  https://duracoat.be/vacatures/
2026-08-16  DUVA FRUIT  https://duvafruit.be/jobs/
2026-08-16  DUVEL MOORTGAT  https://www.duvelmoortgat.com/en/careers/culture
2026-08-16  DP SURVEY GROUP  https://www.dpsurveys.com/#careers
2026-08-16  DVV THOELEN & VERNIERS  https://www.dvv.be/nl/over-dvv-verzekeringen/jobs.html
2026-08-16  DW Reusables  https://www.dwreusables.com/nl/carriere/
2026-08-16  Danfoss  https://www.danfoss.com/en/about-danfoss/careers/
2026-08-16  Damaco Foods Belgium  https://www.damaco-group.com/en/jobs
2026-08-16  Danis  https://jobs.danis.be/nl
2026-08-16  Datavernietiging Michel  https://datavernietigingmichel.be/vacatures/
2026-08-16  De Backer  https://debacker-knokke.be/jobs/
2026-08-16  Darta  https://darta.com/en/jobs
2026-08-16  De Busschere Agri  https://agri-debusschere.be/jobs/?lang=nl
2026-08-16  De Brug  https://debrug.be/vacature/technisch-instructeur-begeleider-spuiterij-bij-een-collectief-maatwerkbedrijf/
2026-08-16  De Facto Management  https://www.taylorwessing.com/en/careers
2026-08-16  De Bisschop  https://www.anndebisschop.be/
2026-08-16  De Blikfabriek  https://blikfabriek.be/jobs-en-stages/
2026-08-16  De Kobra  https://www.dekobra.be/vacatures/
2026-08-16  DUMAPLAST  https://www.dumaplast.com/nl/pvc-bekleding
2026-08-16  De Craecker Matrijzen  https://decraecker.be/vacatures/
2026-08-16  De Ronde  https://www.de-ronde.com/jobs
2026-08-16  Debeuckelaere Gebroeders  https://www.debeuckelaere.com/vacatures/
2026-08-16  DeliBarn Belgium  https://delibarn.com/jobs-intro
2026-08-16  Deli Home Belgium  https://www.deli-home.com/nl/vacatures/
2026-08-17  Mixtus  https://mixtus.be/over-mixtus/vacatures
2026-08-17  XANDRES  https://www.xandres.com/be_nl/jobs
2026-08-17  DE BEER TRAVEL  https://debeertravel.be/over-ons/jobs/
2026-08-17  InStijl CommV  https://instijl.be/
2026-08-17  ACAVA  https://www.acava.org/event/cultivate-create-community-open-day-and-book-launch/
2026-08-17  Artes Prefab  https://artesgroup.be/werken-bij/vacatures
2026-08-17  BURO CEUTERICK  https://www.ceuterick.be/nl-be/jobs
2026-08-17  DISTRICOS  https://www.districos.com/p/jobs.html
2026-08-17  DOBBIT  https://www.pmg.be/vacatures/
2026-08-17  DONNERS  https://www.verzekeringendonners.be/nl-be/jobs
2026-08-17  DWT  https://dwt-tenten.nl/index.php
2026-08-17  Delidis  https://delidis.be/vacatures/
2026-08-17  Delta  https://delta-engineering.be/jobs
2026-08-17  Delmakor  https://www.deerlijk.be/vacatures
2026-08-17  Delvano  https://delvano.com/jobs/
2026-08-17  Delta Fijne Wijnen  https://werkenbijdeltawines.nl/
2026-08-17  Demula  https://www.demula.be/nl/jobs/
2026-08-17  Desmet Wim Bouwstoffen  https://www.gedimatdesmet.be/open-job/vacature-technisch-commercieel-adviseur/
2026-08-17  Desco  https://www.desco.be/nl-be/jobs
2026-08-17  Deroo Landbouwmachines  https://www.deroolandbouwmachines.be/nl/vacatures
2026-08-17  Devos-Plastics  https://www.devos-plastics.be/p/jobs.html
2026-08-17  Deufol Lier  https://www.deufol.com/nl/carriere/
2026-08-17  Dioss Smart Solutions  https://smartsolutions.dioss.com/nl/about-us/careers/
2026-08-17  Domino  https://www.domino-printing.com/en-gb/careers/domino-careers
2026-08-17  Dots & Arrows  https://dotsandarrows.eu/careers/
2026-08-17  Dr.OETKER  https://www.oetker.com:443/careers/work-with-us
2026-08-17  Doe-het-zelf Safti  https://dhzsafti.be/jobs/
2026-08-17  Dr. Weigert Belgium  https://www.drweigert.com/com/company-profile/careers
2026-08-17  Dirac Industries  https://www.diracindustries.com/contact/
2026-08-17  DroneMatrix  https://jobs.nordicunmanned.com/
2026-08-17  DrivOlution  https://drivolution.be/nl/jobs
2026-08-17  Dranken Cieters  https://www.drankencieters.be/vacatures
2026-08-17  Duma  https://www.duma.be/nl/jobs/
2026-08-17  Dstny BE  https://jobs.dstny.be/nl
2026-08-17  Dupont M  https://www.dupontsanitair.be/vacatures/
2026-08-17  Duthoo  https://www.duthoo.eu/vacatures
2026-08-17  Duponzoo Menen  https://www.petandgardenpro.be/nl/sectornieuws/nieuws/vanaf-1-juli-worden-flexi-jobs-uitgebreid-naar-alle-sectoren/
2026-08-17  Dyka Plastics  https://www.dyka.be/nl/over-ons/werken-bij-dyka/vacatures
2026-08-17  E - TRANS  https://e-transnv.eu/careers/
2026-08-17  Duroc  https://www.duroc.be/jobs/
2026-08-17  E.P.A  https://www.epa-nv.com/vacatures
2026-08-17  E.S. TOOLING  https://estooling.eu/jobs/
2026-08-17  E.D.L  https://www.edl-depuydt.be/vacatures/
2026-08-17  EASYPAY  https://www.easypay-group.com/nl/werken-bij
2026-08-17  EB Bordenbouw  https://jobs.pnvgroup.be/nl
2026-08-17  EASYKIT OOST  https://www.easykit.be/jobs/
2026-08-17  ECA  https://www.eca.be/nl/vacatures
2026-08-17  ECLAIR  https://www.patisserie-eclair.be/jobs
2026-08-17  EBTS PRO ASSIST  https://www.ebts.eu/job/
2026-08-17  ECO ADVIES  https://www.swecobelgium.be/carriere/
2026-08-17  ECOBETON WATER TECHNOLOGIES  https://ecobeton.be/nl/jobs/
2026-08-17  ECORUS  https://ecorus.com/careers/
2026-08-17  ECOLOGIC  https://www.ecologic.eu/jobs
2026-08-17  ECOLINE  https://www.ecoline.be/nl/jobs
2026-08-17  EDCO SERVICE  https://edco-service.be/page5.html
2026-08-17  ECS EUROPEAN CONTAINERS  https://www.ecs.be/en/careers/working-at-ecs
2026-08-17  EDEL COLLECTIES - EDEL COLLECTIONS  https://www.edelcollecties.nl/pages/vacature
2026-08-17  EDDIE STOBART LOGISTICS EUROPE  https://eddiestobart.eu/vacatures/
2026-08-17  EFTEC  https://www.eftec.ch/en/about-ems-eftec/jobs-career/job-vacancies/
2026-08-17  ELASTA IND  https://www.elasta.be:443/jobs
2026-08-17  ELEANTIS  https://www.eleantis.be/nl/vacatures
2026-08-17  ELEC - LIGHTIN ART  https://elec.be/vacatures/
2026-08-17  ELECTRO RENT EUROPE  https://www.electrorent.com/us/careers
2026-08-17  ELEKTA  https://www.elekta.com/company/careers/
2026-08-17  ELECTROCOAT GENK  https://www.wecoat.net/nl/werken-bij-wecoat
2026-08-17  ELEXYS  https://www.elexys.be/jobs
2026-08-17  ELEKTRO LOETERS  https://www.loeters.be/nl/p/vacatures
2026-08-17  ELECTRO TAELMAN  https://www.taelmanhome.be/nl/vacatures
2026-08-17  ELICIO  https://elicio.be/jobs
2026-08-17  ELEKTROMIC  https://jobs.elektromic.be/
2026-08-17  ELLIMETAL  http://www.ellimetal.com/en/jobs
2026-08-17  ELMOS  https://elmos.be/jobs
2026-08-17  ELLIS  https://www.topbrands.be/solliciteer?franchise=ellis#/
2026-08-17  ELNOR HOLDING  https://www.elnor.be/jobs
2026-08-17  ELYSEE DENTAL BELGIUM  https://elysee-dental.be/vacatures/
2026-08-17  EMBASSY FREIGHT SERVICES EUROPE  https://embassy-freight.be/jobs
2026-08-17  ELVACENTER  https://elvacenter.com/vacancies/
2026-08-17  EMERAUDE  https://www.dlgroupe.com/onze-vacatures--job
2026-08-17  EMPIRE-CARPETS INTERNATIONAL  https://www.empire.be/jobs
2026-08-17  ENECO SOLAR BELGIUM  https://callmepower.be/nl/jobs
2026-08-17  ENJOY CONCRETE  https://enjoyconcrete.be/nl/jobs
2026-08-17  ENTELEC  https://www.entelec.eu/careers
2026-08-17  ELSYCA  https://www.elsyca.com/
2026-08-17  ENGINEERED PRESSURE SYSTEMS INTERNATIONAL  https://epsi-highpressure.com/en/careers
2026-08-17  ENTECOM SYSTEMS  https://jobs.easyfairs.be/
2026-08-17  ENVIROSOIL  https://www.envirosoil.be/nl/vacatures
2026-08-17  EOC BELGIUM  https://jobs.eocgroup.com/
2026-08-17  EPPENDORF BELGIUM  https://www.eppendorf.com/us-en/company-careers/
2026-08-17  EPYC  https://www.epyc-solutions.be/platforms/axele-on-the-job-uw-slimme-coach
2026-08-17  ERBIVO  https://erbivo.be/jobs
2026-08-17  EPSILON  https://www.epsiloncities.com/benl/vacatures/
2026-08-17  EQUICTY  https://www.equicty.com/careers/
2026-08-17  ERICSSON  https://www.ericsson.com/en/careers
2026-08-17  ERIKS Belgium  https://eriks.be/nl/jobs/
2026-08-17  ES INVESTMENT  https://esinvestment.org/career/
2026-08-17  ERGON  https://www.ergon.be/nl/jobs/
2026-08-17  ESE  https://www.esegroup.be/over-ons/vacatures
2026-08-17  ESSEC TELECOM CENTER  https://www.essec.be/jobs/
2026-08-17  ESYLUX Belgium  https://www.esylux.be/carriere
2026-08-17  ESTL  https://www.estl.be/jobs/
2026-08-17  ETERNIT  https://www.etexgroup.com/nl-be/word-deel-van-ons-team/
2026-08-17  EURO - SERRE  https://euroserre.com/vacatures/
2026-08-17  EURO - STEL  https://eurostel.be/vacatures/
2026-08-17  EURO - GIJBELS  https://www.eurogijbels.be/vacatures/
2026-08-17  EURO FRESH FOODS  https://eurofreshfoods.be/jobs/
2026-08-17  EURO SHOP MECHELEN  https://jobs.euroshop.be/nl
2026-08-17  EURO SOAP  https://www.eurosoap.be/nl/jobs
2026-08-17  EURO-CHEMICALS  https://www.euro-chemicals.com/en/careers/
2026-08-17  EUROCHEM  https://www.werkenbijeurochem.be/vacatures
2026-08-17  EUROFIBER  https://careers.eurofiber.com/en
2026-08-17  EUROFINS FOOD TESTING BELGIUM  https://careers.eurofins.com/be-nl/
2026-08-17  EUROGARDEN  https://www.eurogarden.be/nl/vacatures/
2026-08-17  EUROFRUITPORTS  https://careers.euroports.com/
2026-08-17  EUROPE CHOCOLATE COMPANY  https://www.eurochoccomp.be/kopie-van-quality
2026-08-17  EUROPEAN COMMODITIES  https://www.europeancommodities.eu/jobs
2026-08-17  EUROMAT  https://www.euromat.be/vacatures/
2026-08-17  EUROPEAN ANTIQUES WAREHOUSE  https://www.antiqueswarehouse.be/jobs
2026-08-17  EUROPICKLING  https://europickling.com/nl/jobs/
2026-08-17  EUROSUN KEUKENS  https://www.eurosuninterieur.be/vacatures
2026-08-17  EUROWASTE  https://www.eurowaste.be/vacatures/
2026-08-17  EVERS  https://www.eversagro.nl/vacatures
2026-08-17  EVISO  https://job.eviso.ai/
2026-08-17  EWALS CARGO CARE  https://career.ewals.com/
2026-08-17  EUROWIRE  https://www.eurowirecontainers.com/
2026-08-17  EXPEDITORS INTERNATIONAL  https://www.expeditors.com/careers
2026-08-17  EXPO GAMMA  https://expogamma.be/jobs/
2026-08-17  EXTEND  https://www.extend.com/careers
2026-08-17  EXTERIOO ANTWERPEN EN LIMBURG  https://jobs.exterioo.be/
2026-08-17  EZ SOFTWARE  https://ez-software.eu/nl/vacatures/
2026-08-17  EZIE SOLUTIONS  https://ezie.be/jobs/
2026-08-17  Echo Precast Engineering  https://www.echoprecast.com/nl/carriere/jobs
2026-08-17  Edge.be  https://edge.be/vacature-online-marketeer-antwerpen-2026/
2026-08-17  EcoWater Systems Europe  https://www.ecowater.be/jobs/
2026-08-17  EconCore  https://econcore.com/en/about-us/job-offers
2026-08-17  Ekopak  https://ekopakwater.com/jobs/
2026-08-17  Eekloosche Polders  https://www.luc-pauwels.be/nl/vacatures
2026-08-17  Ekstravert  https://www.ekstravert.be/job-alert
2026-08-17  Electramo  https://electramo.com/jobs/
2026-08-17  Elektro Van Assche  https://elektrovanassche.be/vacature
2026-08-17  Electro-Mandel  https://www.electromandel.be/job-openings/
2026-08-17  Eltra  https://www.eltra.be/jobs/
2026-08-17  Electro 80  https://vacatures-electro80.be/jobs/
2026-08-17  Encon  https://encon.eu/nl/werken-bij-encon
2026-08-17  Elektrokontakt  https://elektrokontakt.com/vacatures/
2026-08-17  Eneco Belgium  https://www.werkenbijeneco.be/
2026-08-17  Engi Talents  https://www.houseoftalents.be/nl-be/vacatures
2026-08-17  Enginity  https://enginity.be/jobs
2026-08-17  Engilico Engineering Solutions  https://www.engilico.com/careers/
2026-08-17  Ensagent  https://jobs.sea-invest.com/
2026-08-17  Equinox  https://www.equinox.be/nieuws-en-jobs.html
2026-08-17  Eqwal  https://eqwal-ability.be/jobs
2026-08-17  Eribel  https://www.eribel.com/nl/careers
2026-08-17  EqualMinds  https://equalminds.eu/about-us/careers/
2026-08-17  Estée Lauder Cosmetics  https://www.elcompanies.com/en/careers
2026-08-17  Enovates Group  https://www.enovates.com/careers/
2026-08-17  Essity Belgium  https://www.essity.com/careers/
2026-08-17  Euricom  https://www.euri.com/werken-bij-euricom
2026-08-17  Eurasiacorp  https://www.eurasiacorp.com/nl_BE/jobs
2026-08-17  Esprit ICT Healthcare Belgium  https://channelnews.be/nl/jobs/
2026-08-17  Euro-Silo  https://job.eurosilo.be/nl
2026-08-17  Euro-Tapis  https://www.eurotapis.com/en/jobs
2026-08-17  Eurocable  https://www.eurocable.be/jobs/
2026-08-17  Europabank  https://www.europabank.be/nl/werken-bij-europabank/onze-vacatures
2026-08-17  Euro Top Concept  https://www.eurotopconcept.be/vacatures/
2026-08-17  European Appliances Belgium  https://www.test-aankoop.be/werken-bij-test-aankoop
2026-08-17  Everllence Belgium  https://www.everllence.com/career
2026-08-17  Eutraco  https://www.eutraco.eu/jobs/
2026-08-17  Exel Composites  https://exelcomposites.com/careers/
2026-08-17  Evonik Antwerpen  https://www.evonik.com/en/careers.html
2026-08-17  Exact Forestall  https://exact.jobs/pl/
2026-08-17  Exolon Group  https://www.exolongroup.com/us/1188/Career.htm
2026-08-17  Exosens Imaging Belgium  https://www.exosens.com/company/career
2026-08-17  F CARE SYSTEMS  https://fcaresystems.com/about-us/job-vacancies/
2026-08-17  FAAC BENELUX  https://faacbenelux.com/vacatures/
2026-08-17  F.M.B  http://fmb.be/en/news/vacatures-job-openings
2026-08-17  FAGRON CAPITAL  https://investors.fagron.com/market-opportunity/
2026-08-17  Excentis  https://www.excentis.com/careers
2026-08-17  FALCON AUTOMATION  https://falcon.be/jobs
2026-08-17  FALCK FIRE SERVICES BE  https://www.falck.com/careers/
2026-08-17  FAGRON COMPOUNDING SERVICES  https://www.fagron.be/nl-be/over-fagron/werken
2026-08-17  FARMAD  https://www.farmad.be/vacatures/
2026-08-17  FARNELL (BELGIUM)  https://www.farnell.com/careers/
2026-08-17  FAVEERE  https://www.faveere.be/vacatures/
2026-08-17  FASHION CLUB 70  https://www.fashionclub70.be/nl/jobs
2026-08-17  FBGS INTERNATIONAL  https://fbgs.com/jobs/
2026-08-17  FEMACO  https://femaco.eu/jobs/
2026-08-17  FENZI BELGIUM  https://www.fenzigroup.com/en/careers
2026-08-17  FERO  https://www.feronv.be/vacatures
2026-08-17  FERRY CARS  https://ferrycars.be/jobs.php
2026-08-17  FESTOOL BELGIUM  https://www.festool.be/jobs
2026-08-17  FESTO BELGIUM  https://jobs.festo.com/
2026-08-17  FERROMAC INTERNATIONAL  https://ferromac.com/careers/
2026-08-17  FIDES PETFOOD  https://fidespetfood.com/EN/jobs
2026-08-17  FIDERO VERZEKERINGEN  https://www.fideroverzekeringen.be/vacatures/vacature-relatiebeheerder
2026-08-17  FIERS J. EN B  http://www.fiers.net/vacatures/
2026-08-17  FIJN MEKANIEK NELISSEN  https://fijnmekanieknelissen.be/nl/jobs
2026-08-17  FIEUW KOELTECHNIEK  https://www.fieuw.be/jobs/
2026-08-17  FIEGE  https://karriere.fiege.com/?utm_source=corporate-website&utm_medium=navigation&utm_campaign=de&utm_id=fiege-karriere
2026-08-17  FILLIERS DISTILLERY  https://filliersdistillery.com/nl/jobs/
2026-08-17  FINESTRA  https://finestra.be/vacatures
2026-08-17  FILOU COMPANY  https://filoufriends.com/nl/jobs
2026-08-17  FINLO  https://www.finlo-verzekeringen.be/nl-be/jobs
2026-08-17  FINARTES  https://finartes.be/jobs
2026-08-17  FIBRECOUNT  https://fibrecount.be/jobs/
2026-08-17  FIXATTI  https://www.fixatti.com/en/careers
2026-08-17  FLANDERS AIR TECHNIC  https://flandersairtechnic.be/jobs
2026-08-17  FLANDERS  https://www.baanbrekendewerkgever.be/blog/uitnodiging-inspiratiemoment-howest
2026-08-17  FLANDERS ROAD SERVICES  https://nl.flandersroadservices.com/copy-of-vacature-finance
2026-08-17  FLANDERS BEST  https://flandersbest.com/jobs/
2026-08-17  FLEXIBLE AUTOMATION INNOVATIVE SOLUTIONS  https://careers.onelineage.com/us/en
2026-08-17  FLEXFURN  https://flexfurn.com/nl/vacatures/
2026-08-17  FLASH SERVICES BELGIUM  https://flash-privatemobilenetworks.com/werken-bij-flash/
2026-08-17  FLOATING PV  https://www.kingfishermarketing.be/jobs/
2026-08-17  FLINN  https://flinn.law/join-us/
2026-08-17  FLEUR  https://www.fleurjobs.be/
2026-08-17  FLORALUX DDZ  https://jobs.floralux.be/nl
2026-08-17  FLOREAC  https://floreac.com/nl/vacatures/
2026-08-17  FLS COMPANY BELGIUM  https://flscompany.com/vacatures/
2026-08-17  FLOWSPARKS  https://www.flowsparks.com/jobs
2026-08-17  FLYING SERVICE  https://www.flyingservice.be/vacatures
2026-08-17  FOMECO  https://www.fomeco.be/nl/jobs/belgie
2026-08-17  FORGANISER  https://forganiser.com/flexijobs
2026-08-17  FORCE MECHANICS  https://www.force-mechanics.be/jobs
2026-08-17  FORUM  https://www.forumjobs.be/nl/
2026-08-17  FORVAN  https://forvan.com/careers/
2026-08-17  FOX  https://nccgroup.pinpointhq.com/
2026-08-17  FRAME PRODUCTS  https://frameproducts.be/vacature/
2026-08-17  FRAJODIS  https://www.distrifund.be/nl/vacatures
2026-08-17  FPS - Multiproducts  https://www.fps-multiproducts.be/nl/vacatures
2026-08-17  FRAXINUS  https://fraxinus.be/nl/jobs
2026-08-17  FRESH SPEGELAERE  https://www.spegelaere.be/jobs
2026-08-17  FREMACH IZEGEM  https://fremach.com/careers
2026-08-17  FRIGOMIL  https://frigomil.be/nl/jobs
2026-08-17  FRISOMAT  https://frisomat.com/en/our-vacancies/
2026-08-17  FROOMLE  https://www.froomle.ai/jobs
2026-08-17  FREPA  https://www.frepa.be/nl/jobs
2026-08-17  FST  https://fstfunderingstechniek.be/vacatures
2026-08-17  FRISOFER  https://jobs.uantwerpen.be/
2026-08-17  FROMTO Beringen  https://fromto.be/vacatures/
2026-08-17  FUJIFILM ELECTRONIC MATERIALS (EUROPE)  https://fujifilm.hro.be/solliciteer.php?lang=nl
2026-08-17  FLOORHOUSE  https://www.floorhouse.be/jobs
2026-08-17  FUJIREBIO EUROPE  https://www.fujirebio.com/en/careers
2026-08-17  FUJI OIL EUROPE  https://www.fujioileurope.com/en/jobs
2026-08-17  FURY  https://rijschoolfury.be/jobs/
2026-08-17  FULLWOOD  https://werkenbijfullwoodjoz.nl/
2026-08-17  FUTURE ELECTRONICS  https://www.futureelectronics.com/careers
2026-08-17  Facim  https://www.facim.be/een-job-bij-facim
2026-08-17  FULL MARKS  https://www.fullmarks.eu/nl/word-docent
2026-08-17  Faerch Belgium  https://www.werkinturnhout.be/jobs
2026-08-17  Fairville  https://www.fairville.be/jobs
2026-08-17  Facilicom Solutions  https://jobs.facilicom.be/nl
2026-08-17  Fantasia Verlichting  https://www.fantasia.be/jobs
2026-08-17  Fedeco Foods  https://www.fedeco.eu/jobs
2026-08-17  Fantastique  https://fabriquefantastique.be/careers
2026-08-17  Fenix  https://fenixconsulting.be/vacatures/
2026-08-17  FertiPro  https://fertipro.com/job/
2026-08-17  Fidelis  https://fidelisteam.be/vacatures/
2026-08-17  Firma Léon Van Parys  https://www.onroerenderfgoed.be/vacatures
2026-08-17  Finsiders  https://finsiders.lifeworx.group/nl/carriere
2026-08-17  Firma J. Christiaens  https://www.metaalchristiaens.be/#vacatures
2026-08-17  Firma dAussy  https://www.voedersdaussy.be/post/vacature-productiemedewerker---operator
2026-08-17  FleetGO Zonnegem  https://careers.fleetgo.com/
2026-08-17  Flandrien  https://www.flandrienkaas.be/werken-bij-flandrien-kaas
2026-08-17  FluidDa  https://www.fluidda.com/jobs/
2026-08-17  Flexso Analytics  https://www.flexso.com/nl/sap-jobs
2026-08-17  Fluiconnecto  https://www.fluiconnecto.com/careers/
2026-08-17  Feilo Sylvania Lighting Belgium  https://www.sylvania-group.com/professional/company/career/
2026-08-17  Forensisch Psychiatrische Centra  https://www.regiedergebouwen.be/nl/jobs
2026-08-17  Frescura  https://frescuragroup.com/nl/vacatures/
2026-08-17  Fresenius Kabi  https://www.fresenius-kabi.com/work-with-us/your-opportunities
2026-08-17  Framaz  https://www.framaz.be/jobs
2026-08-17  Froster  https://froster.nl/werken-bij/
2026-08-17  Fuel Cell Power  https://www.fuelcellenergy.com/careers
2026-08-17  FrieslandCampina Belgium  https://careers.frieslandcampina.com/
2026-08-17  Fresh & Saucy Foods  https://freshsaucyfoods.be/nl/vacatures/
2026-08-17  Fuchs  https://jobs.fuchs.com/
2026-08-17  G. De Plecker-Lauwers  https://depleckerlauwers.be/vacatures/
2026-08-17  G. SNEL LOGISTICS BELGIUM  https://gsnel.eu/careers/
2026-08-17  G4S SAFETY SYSTEMS  https://careers.g4s.com/en
2026-08-17  G.D.W  https://www.gdwtowbars.com/vacatures/
2026-08-17  GAASCH PACKAGING  https://gaaschpack.eu/nl/het-bedrijf/carriere
2026-08-17  GABRIELS & CO  https://www.gabriels.be/nl/nieuws/vacature-laadinfrastructuur-beheerder-met-commerciele-flair
2026-08-17  GADUS  https://gadus.be/werken-bij-gadus/
2026-08-17  GALICO  https://jobs.galico.be/
2026-08-17  GAB International  https://www.retaildetail.be/nl/news/mode/hm-plant-ontslagronde-in-vk/
2026-08-17  GARAGE GHEYS  https://www.gheys.com/jobs.html
2026-08-17  GALLOO  https://www.galloo.com/jobs
2026-08-17  GARDEN CENTER INVEST  https://www.thegardencentergroup.com/careers-in-horticulture
2026-08-17  GARWIG  https://garwig.be/jobs/
2026-08-17  GASCOMPONENTEN  https://www.gascomponenten.be/vacatures
2026-08-17  GARMAT  https://www.garmateurope.eu/nl/vacatures
2026-08-17  GASTON SCHUL CUSTOMS  https://www.gaston-schul.com/en/company/careers/
2026-08-17  GB BOUCHERIE  https://boucherie.com/jobs
2026-08-17  GAVRA  https://gavra.be/jobs
2026-08-17  GBT BENELUX  https://gbtbenelux.be/nl/vacatures/
2026-08-17  GCP Applied Technologies  https://gcpat.be/nl-be/careers
2026-08-17  GEA Process Engineering  https://www.gea.com/nl/careers/apply-now/
2026-08-17  GEBO  https://gebo.be/vacatures
2026-08-17  GEARCRAFT - VANHOUTTE  https://gearcraft.be/jobs/
2026-08-17  GECA  http://geca.be/kom%7Cwerken%7Cbij%7Cgeca
2026-08-17  GEERITS  https://www.geerits-constructie.be/vacatures
2026-08-17  GEBROEDERS GEENS  https://www.gebroedersgeens.be/nl/vacatures
2026-08-17  GEMINI CORPORATION  https://www.geminicorp.be/jobs/
2026-08-17  GENERIX GROUP BENELUX  https://www.generixgroup.com/nl/jobs
2026-08-17  GEODIS FF Belgium  https://www.kmoinsider.be/it/ken-bonny-more-than-code-bv-bedrijfssoftware-toegankelijk-maken-dat-is-mijn-job-netwerkers
2026-08-17  GEOLAB  http://www.geolab.be/jobs
2026-08-17  GERMOND  https://www.germond.be/nl/jobs
2026-08-17  GETINGE BELGIUM  https://www.getinge.com/us/company/careers/
2026-08-17  GERONIKA  https://www.geronika.be/jobs
2026-08-17  GEVEKE PROCESS TECHNOLOGY  https://www.geveke.com/nl-nl/item/529/actuele-vacatures
2026-08-17  GETRA  https://getra.com/nl/werken-bij-getra/
2026-08-17  GFS  https://www.gfs-topgenetik.de/jobs-und-praktika.html
2026-08-17  GHEYSENS METALEN  https://www.gheysensmetalen.com/vacatures
2026-08-17  GEYSEN ACADEMY  https://www.geysen.be/werken-bij-geysen/
2026-08-17  GHEKIERE INDUSTRIES  https://www.kuurne.be/nieuws/vacatures
2026-08-17  GIELEN  https://gielen-recyclage.be/vacatures/
2026-08-17  GILGEMYN RECYCLING  https://www.gilgemyn.be/nl/vacatures
2026-08-17  GILS  https://van-gils.be/jobs/
2026-08-17  GIMALL - PLANTS  https://www.gimallplants.com/en/job-opportunities
2026-08-17  GINSTBRONNEN  https://www.ginstberg.be/vacatures/
2026-08-17  GLOBACHEM  https://globachem.com/en/careers/
2026-08-17  GIKS MODE  https://www.giks.be/nl/404
2026-08-18  GARANT - UITGEVERS  https://www.maklugarant.eu/authors/fabien-jobard/
2026-08-18  Car One Express  https://www.carone-express.com/vacatures
2026-08-18  SHAKEUP  https://salesup.be/jobs-studenten
2026-08-18  THE CLEANING FACTORY  https://www.cleaningfactory.be/new-page
2026-08-18  Eventers  https://eventers-be.apache25.websrv.be/werken-bij/
2026-08-18  ADW Fresh Trade  https://www.groentennieuws.nl/article/9863721/teler-uit-oosterwolde-in-europese-top-50-farmers-na-carriereswitch-naar-sociale-eettuin/
2026-08-18  ARTSTONE  https://www.artstone.be/vacatures/
2026-08-18  De Factorij  https://www.ccdefactorij.be/nl/nieuws/vacature-programmator-muziek/79/
2026-08-18  GLOBAL PORT TRAINING  https://www.globalporttraining.com/job/
2026-08-18  GLOBALSIGN  https://www.globalsign.com/en/company/careers
2026-08-18  GLORIOUS GEMS  https://www.responsiblejewellery.com/about/careers/
2026-08-18  GLOBEZENIT  https://www.globezenit.be/nl/jobs-3/
2026-08-18  GLOBIS  https://globis-software.com/join-the-team/
2026-08-18  GLOTEC  https://www.glotec.be/nl/jobs
2026-08-18  GOBO INTERNATIONAL  https://www.gobo.eu/nl/casestudystudies/duurzame-logistiek-in-de-chemische-sector-van-pledge-naar-praktijk-operation-clean-sweep-bij-gobo~xvyqmjob5p
2026-08-18  GOLAZO MEDIA  https://jobs.golazo.com/nl
2026-08-18  GOLF CENTER  https://www.golfcenter.be/nl/vacatures
2026-08-18  GOSSELIN MOBILITY  https://www.gosselingroup.eu/en/jobs
2026-08-18  GOOD MEAT  https://www.goodmeat.be/nl/jobs
2026-08-18  GRAANMARKT 13  https://www.graanmarkt13.com/jobs
2026-08-18  GRADA INTERNATIONAL  https://grada.be/nl/jobs
2026-08-18  GRAMACO  https://www.gramaco.eu/assets/pdf/vacature.pdf
2026-08-18  GRAMMER Electronics  https://www.grammer.com/karriere/arbeiten-bei-grammer/careergrammer/
2026-08-18  GRAFITYP SELFADHESIVE PRODUCTS  https://www.grafityp.com/jobs/
2026-08-18  GRAVOTECH BENELUX  https://www.gravotech.co.nl/over-ons/careers
2026-08-18  GRAMMET  https://grammet.be/nl/vacatures/
2026-08-18  GREENSPEED  https://www.greenspeed.eu/nl-be/vacancies/
2026-08-18  GREENYARD FRESH BELGIUM  https://www.greenyard.group/careers
2026-08-18  GRETA METAL  https://gretagroup.com/careers.php
2026-08-18  GREINER BIO-ONE  https://www.gbo.com/en-us/career
2026-08-18  GROEP DENKENS  https://groepdenkens.be/over-ons/vacatures
2026-08-18  GROBETON  https://www.grobbendonk.be/vacatures
2026-08-18  GRIETENS ELEKTRO  https://grietens.be/nl/vacatures
2026-08-18  GROEP DGB FINANCE  https://groepdgb.be/nl/vacatures
2026-08-18  GROEP PAUWELS  https://groeppauwels.be/jobs/
2026-08-18  GROHE  https://lixil.tal.net/vx/lang-en-GB/mobile-0/appcentre-1/brand-4/xf-970de2a29ef3/candidate/jobboard/vacancy/3
2026-08-18  GROND RECYCLAGE CENTRUM  https://grckallo.be/vacatures/
2026-08-18  GROM  https://www.tgrom.be/vacatures
2026-08-18  GROUP OP DE BEECK-LOGISTICS  https://groupopdebeeck.com/nl/jobs/
2026-08-18  GROUP A  https://group-a.com/nl/jobs
2026-08-18  GROOTHANDEL MEGRO  https://jobsin.vlaanderen/maasmechelen
2026-08-18  GROVEN +  https://grovenplus.be/nl/jobs/index
2026-08-18  GRUNENTHAL  https://careers.grunenthal.com/?locale=en_GB
2026-08-18  GUHRING  https://guhring.com/careers
2026-08-18  GROUP NIVELLES  https://www.groupnivelles.com/jobs/
2026-08-18  GRUTMAN HOME DECOR  https://www.grutmanhomedecor.be/vacatures/
2026-08-18  GRUUN-TUINEN  https://gruun-tuinen.be/vacatures/
2026-08-18  GTT Automotive  https://www.gtt-automotive.com/en/jobs/
2026-08-18  GYMNA  https://www.gymna.be/nl/Jobs/
2026-08-18  GWL Recycling  https://gwl.be/werken-bij-gwl-vacatures-jobs-in-pelt-houthalen-en-oudsbergen/
2026-08-18  Gebr. Hermans  https://www.gebr-hermans.be/nl/vacatures
2026-08-18  Geberit  https://www.geberit.be/carriere/
2026-08-18  Geo-Groep  https://www.geo-groep.com/vacatures/
2026-08-18  Gerlach & Co  https://gerlach-customs.com/about-us/career/
2026-08-18  Getax  https://getax.be/job-listing/
2026-08-18  Gevaplast  https://gevaplast.com/vacatures/
2026-08-18  Gevavi  https://gevavi.com/pages/jobs
2026-08-18  Geotest  https://www.geotest.ch/en/about-us/career/vacant-positions
2026-08-18  Genk Cargo Connect  https://genkcargoconnect.be/jobs/
2026-08-18  Ghent Renewables  https://www.gtsghent.be/nl/vacatures
2026-08-18  Gescova  https://www.gescova.com/jobs
2026-08-18  Gijbels NV Glasindustrie  https://www.gijbels-glas.be/vacatures/
2026-08-18  Gpixel  https://gpixel.com/en/talent.html
2026-08-18  Globetrade Deluco  https://globetrade.be/jobs
2026-08-18  Goeyvaerts  https://www.goeyvaerts.com/jobs
2026-08-18  Griffith Foods  https://griffithfoods.com/careers/
2026-08-18  Guy De Winne  https://www.guydewinne.be/vacatures/
2026-08-18  Groep Bolckmans Green  https://jobs.gent.be/
2026-08-18  Groep Goris Finance  https://www.crelan.be/nl/jobs/kantoor/groep-goris-kontich
2026-08-18  H.J. HEINZ BELGIUM  https://careers.kraftheinzcompany.com
2026-08-18  Greenco2  https://greenco2.be/vacatures/
2026-08-18  H.D. COTTERELL  https://www.cotterell.nl/jobs/
2026-08-18  HAGER Modulec  https://careers.hager.com/en
2026-08-18  GRWestkust  https://www.grwestkust.be/jobs
2026-08-18  HAGOMAT  https://hagomat.be/job.html
2026-08-18  HACOS  https://www.hacos.com/nl/jobs/
2026-08-18  HAGOR  https://hagor.net/karriere/
2026-08-18  HAKI  https://www.haki.be/nl/vacatures
2026-08-18  HAECK SUBCONTRACTING  https://www.haecksubcontracting.com/nl/jobs
2026-08-18  HALTON  https://www.halton.com/careers/
2026-08-18  HAMANN INTERNATIONAL LOGISTICS  https://www.hamann.be/people-jobs/
2026-08-18  HAMA  https://company.hama.com/jobs-career
2026-08-18  HANDICO TRUCKING  https://www.handico-trucking.com/p/jobs.html
2026-08-18  HANDI-MOVE  https://www.handimove.be/nl/jobs
2026-08-18  HANNECARD BENELUX  https://www.hannecard.com/nl/carri%C3%A8re/
2026-08-18  HARMONEY  https://careers.myharmoney.eu/
2026-08-18  HARTING  https://jobs.harting.com/
2026-08-18  HAROL PROJECTS  https://www.harol.com/werken-bij-harol/
2026-08-18  HCO  https://h-c-o.be/vacatures
2026-08-18  HASAVLUTH  https://www.tvl.be/vacatures/ceo-281
2026-08-18  HBF KEUKENS  https://keukens-gids.be/sint-job-in-t-goor/prs-keukenrenovatie/
2026-08-18  HEEMBOUW  https://www.heembouw.nl/werken-bij/vacatures/
2026-08-18  HEBO  https://werken-bij.hebo-maritiemservice.nl
2026-08-18  HEGO  https://hego-mobile.be/vacatures
2026-08-18  HEGGE  https://www.hegge.be/vacatures/
2026-08-18  HELA  https://hela.nl/vacatures/
2026-08-18  HEIQ CHRISAL  https://www.heiq.com/about-heiq/careers
2026-08-18  HELPPER  https://www.helpper.be/nl/over-helpper/vacatures
2026-08-18  HELICAT  https://www.helicat.be/nl/vacatures-helicat/
2026-08-18  HEMELAER  https://www.hemelaer-nv.be/nl/jobs
2026-08-18  HELOU  https://www.helou.be/vacatures/
2026-08-18  HENRY SCHEIN  https://www.henryschein.com/us-en/Corporate/Career/Default.aspx?hsi_domain=www.henryschein.be&hsi_locale=be-nl
2026-08-18  HEPACO  https://www.hepaco.com/Join-Our-Team
2026-08-18  HERAEUS ELECTRO - NITE INTERNATIONAL  https://www.heraeus-electro-nite.com:443/en/Careers/
2026-08-18  HERBAFROST  https://herbafrost.be/jobs-herbafrost/
2026-08-18  HENCO INDUSTRIES  https://www.henco.be/nl-NL/vacatures
2026-08-18  HENRAD  https://www.henrad.eu/nl/vacatures
2026-08-18  HERCORUB  https://www.hercorub.be/p/jobs.html
2026-08-18  HERFURTH LOGISTICS  https://herfurthjobs.com/About-us
2026-08-18  HERMOS  https://www.hermos.be/vacatures/
2026-08-18  HERMANS  https://www.hermans-heftrucks.be/nl/vacature
2026-08-18  HERDING BENELUX FILTERTECHNIEK  https://herding.jobs/l/en/
2026-08-18  HESCO  https://www.hesco.be/nl/vacature/index.htm
2026-08-18  HERSELF  https://naturalself.eu/pages/vacatures
2026-08-18  HET VEER  https://www.het-veer.be/jobs/
2026-08-18  HILAIRE VAN DER HAEGHE  https://vanderhaeghe.be/nl/career/
2026-08-18  HEYNEN  https://www.heynen.com/meet-heynen/jobs/
2026-08-18  HILDAS  https://hildas.eu/werken-bij-hildas
2026-08-18  HINSCHA  https://www.hinscha.com/nl/hinscha/jobs
2026-08-18  HITA  https://www.hita.be/vacatures/
2026-08-18  HOBBY SELECT  https://www.southernhobby.com/i31/careers/
2026-08-18  HL DISPLAY BELGIUM  https://www.hl-display.com/about-hl/career/
2026-08-18  HOBO  https://hoboreizen.be/vacatures/
2026-08-18  HOBBYLAND  https://www.hobbyland.be/vacatures/
2026-08-18  HOCA MEAT PRODUCTS  https://www.2mprove.be/jobs/e-business-web-specialist-51
2026-08-18  HOLEKI  https://www.holeki.com/en/jobs
2026-08-18  HOISTING EQUIPMENT  https://www.hoisting.be/vacatures/
2026-08-18  HORECA LOGISTIC SERVICES  https://www.hls.be/nl/jobs
2026-08-18  HOPPECKE BELGIUM  https://www.hoppecke.com/en/career/
2026-08-18  HORECA TOTAAL ANTWERPEN  https://horecamagazine.be/seppe-bleus-over-restaurant-de-fakkels-van-jobstudent-tot-chef/
2026-08-18  HORMANN BELGIUM  https://www.hormann.be/be-nl/carriere/
2026-08-18  HOUSE OF MUSIC  https://houseofmusic.be/nl/vacatures
2026-08-18  HORECA VAN ZON  https://www.vanzon.be/werken/
2026-08-18  HOSPITAL LOGISTICS  https://hospitallogistics.eu/nl/vacatures
2026-08-18  HOUT - BOIS VAN STEENBERGE  https://vansteenberge.be/nl/vacatures
2026-08-18  HOSA  https://www.hosa.be/nl/jobs
2026-08-18  HOUT DE GROOTE  https://houtdegroote.be/vacatures/
2026-08-18  HOSPIDEX  https://hospidex.eu/vacatures/
2026-08-18  HOUTHANDEL TAVERNIER  https://houthandeltavernier.be/werken-bij/
2026-08-18  HOUWELING TRANSPORT BELGIUM  https://houweling.com/nl/werken-bij/
2026-08-18  HOUTRECYCLAGE VANDENDRIESSCHE  https://www.houtrecyclage.be/nl/vacatures
2026-08-18  HOYER BELGIE  https://jobs.hoyer-group.com/
2026-08-18  HUBERT DE BACKER  https://www.hdb.be/jobs/
2026-08-18  HUIS DE CUYPER  https://www.huisdecuyper.exellent.be/nl/p/vacature-1
2026-08-18  HRD ANTWERP  https://hrdantwerp.com/vacancy/
2026-08-18  HUNTER & VAN TWIST  https://hunter.be/vacatures
2026-08-18  HULLEBUSCH  https://www.hullebusch.be/nl/jobs
2026-08-18  HUNKEMÖLLER  https://jobs.hunkemoller.be/nl
2026-08-18  HV-Interieur  https://hv.be/werken-bij-hv
2026-08-18  HUPPERTZ  https://www.huppertzag.com/jobs/
2026-08-18  HUBERT  https://www.hubert.be
2026-08-18  HYDRO BUILDING SYSTEMS BELGIUM  https://www.hydro.com/en/global/careers/
2026-08-18  HYDRAUVISION  https://www.hydrauvision.com/nl/vacature/automation-engineer-system/
2026-08-18  HYGIENA  https://www.hygiena.be/nl/jobs
2026-08-18  Haco  https://www.haco.com/en/jobs
2026-08-18  Hairco  https://hairco.com/nl/jobs
2026-08-18  HYDROscan  https://www.hydroscan.eu/nl/vacatures
2026-08-18  Hako-Belgium  https://hako.be/vacatures
2026-08-18  Hamer Technical Installations  https://werkenbijfoja.nl/foja-bedrijven/hamer/
2026-08-18  Hamofa Logistics Solutions  https://work.hamofa.com/
2026-08-18  Hansea  https://www.werkenbijhansea.be/?utm_campaign=benl-hanseajobs-oct-2023&amp%3Butm_medium=hansea&amp%3Butm_source=jobsite
2026-08-18  Hanwel Belgium  https://www.hanwel.be/vacatures
2026-08-18  Hanssens  https://www.hanssens.be/nl/vacatures
2026-08-18  Hikoki Power Tools Belgium  https://hikoki-powertools.eu/en/company/careers/
2026-08-18  Hecny Forwarding Belgium N.V  https://www.hecnybenelux.com/careers.html
2026-08-18  Hive CPQ  https://hivecpq.com/en/careers
2026-08-18  Hofman  https://hofmanenzoon.be/vacatures/
2026-08-18  Horafrost  https://www.horafrost.be/nl/vacatures-bij-horafrost-4.htm
2026-08-18  Hillewaere Insurance  https://hillewaerejobs.be/
2026-08-18  Houtbedrijf Lavrijsen  https://lavrijsen.be/vacatures/
2026-08-18  Healthskouts  https://www.healthskouts.com/2022/11/16/help-an-external-funding-unit-of-a-pharma-discover-and-launch-novel-innovation-and-partnering-opportunities/
2026-08-18  Houthandel A. De Sutter  https://www.houtconfederatie.be/job/
2026-08-18  Houthandel Driekoningen  https://houthandeldriekoningen.be/nl/vacatures
2026-08-18  Houthandel - Zagerij Coomans  https://www.houthandelcoomans.be/vacatures/
2026-08-18  Houtmagazijn Verdonckt  https://houtmagazijnverdonckt.be/nl/vacatures
2026-08-18  Horecamaterialen De Meester  https://www.demeesterwim.be/nl/catalogsearch/result/index/?o=jobs&q=joie
2026-08-18  HÖDLMAYR LOGISTICS BELGIUM  https://www.hoedlmayr.com/karriere/jobprofile
2026-08-18  Hydronic System Optimisation  https://www.hysopt.com/company/careers
2026-08-18  HuVePharma  https://www.huvepharma.com/join-us/
2026-08-18  I.C.T.S  https://jobs.icts-group.eu/nl
2026-08-18  I.S.A.B  https://isab.be/nl/werken-bij/
2026-08-18  I - ENGINEERING  https://kingfisher-recruitment.be/vacatures
2026-08-18  I.S.S  https://www.issjob.be/nl-be/vacatures
2026-08-18  I.C.B  https://www.icb-institute.be/flexijobs/
2026-08-18  I.T.A.C.T  https://www.itact.be/jobs/
2026-08-18  ICO WINDPARK  https://www.icoterminals.com/nl/jobs
2026-08-18  ICASA Group  https://icasa-group.com/working-at-icasa/
2026-08-18  ICADIS  https://icadis.be/vacatures/
2026-08-18  IDELCO INSULATION  https://jobs.idelco.eu/nl
2026-08-18  ICsense  https://www.icsense.com/careers/
2026-08-18  IB OFFICE  https://www.iboffice.be/nl/vacatures
2026-08-18  IKEA BELGIUM  https://www.ikea.com/global/en/jobs/
2026-08-18  IGEPA BELUX  https://www.igepajobs.be/nl
2026-08-18  IMA  https://ima-network.org/join-us
2026-08-18  ILIAENS  https://www.iliaens.be/p/jobs.html
2026-08-18  IKOLOGIK  https://ikologik.com/jobs
2026-08-18  IMAS  https://www.imasfidu.be/vacatures/
2026-08-18  IMALINK  https://imalink.be/vacatures/
2026-08-18  IMPACT  https://impact.be/nl/kandidaten/alle-vacatures/
2026-08-18  IMTEC  https://imtech.be/nl-be/expertise/building-technics/small-jobs
2026-08-18  INARTI  https://jobs.inarti.be/
2026-08-18  INCOPACK  https://www.vacaturesincopack.be/
2026-08-18  INCOMEC  https://incomec.be/jobs
2026-08-18  INBOCO  https://www.inboco.be/nl/vacature-lasser-samensteller/
2026-08-18  INDINOX  https://www.indinox.be/nl/jobs/
2026-08-18  INDUFARM  https://www.indufarm.com/werken-bij-indufarm
2026-08-18  INCAFIN  https://www.incafin.com/vacatures/
2026-08-18  INDUROPE  https://www.indurope.com/vacatures/
2026-08-18  INDUSTRIAL SECURITY SYSTEMS  https://www.iss-security.com/vacatures
2026-08-18  INDUPOL INTERNATIONAL  https://www.indupol.com/jobs/
2026-08-18  INDUSTRIAL PLASTICS BELGIUM  https://www.iplast.be/nl/vacatures
2026-08-18  INCRIUS  https://www.incrius.be/jobs/
2026-08-18  INEOS BELGIUM  https://www.ineos.com/careers/
2026-08-18  INGENIEURSBUREAU FRAEYE & PARTNERS  https://www.fraeyestabiliteit.be/vacatures1/
2026-08-18  INNO - PLAST  https://www.innoplast.be/en/jobs
2026-08-18  INNOMEDIQ  https://www.innomediq.com/jobs
2026-08-18  INNOCHEM  https://jobs.stockmeier.com/en/
2026-08-18  INKONOX  https://www.inkonox.be/nl/jobs
2026-08-18  INGENIUM  https://www.ingenium-group.be/nl/join-the-team/vacatures/
2026-08-18  INSTITUTE FOR BUSINESS DEVELOPMENT  https://jobs.archipelacademy.com/
2026-08-18  INPICO  https://www.inpico.be/nl/vacatures/
2026-08-18  INTELLIFIN  https://intellifin.be/Jobs
2026-08-18  INNO - MOULD  https://www.innomould.be/vacatures/
2026-08-18  INTERCARE  https://intercare.be/vacatures/
2026-08-18  INTERALU  https://www.interalu.eu/en/about-interalu/vacancies
2026-08-18  INTELLISOL  https://intellisol.be/vacatures-bij-intellisol/
2026-08-18  INTERCORD  https://www.intercord.be/nl/jobs
2026-08-18  INTER - HORO  https://interhoro.be/
2026-08-18  INTERFLON BELGIE  https://interflon.com/careers
2026-08-18  INTERFACE TERMINAL GENT  https://www.northseaport.com/nl/over-ons/werken-bij
2026-08-18  INTERIEUR  https://www.g-interieur.be/werken-bij/
2026-08-18  INTERMAT  https://www.intermat.be/nl/vacatures
2026-08-18  INTERGROW  https://www.intergrow.be/nl/vacatures
2026-08-18  INTERNATIONALE LUCHTHAVEN KORTRIJK-WEVELGEM  https://www.kortrijkairport.be/jobs
2026-08-18  INTERRENT GENK  http://www.interrent.be/home/werken_bij_interrent/
2026-08-18  INTERSOFT  https://jobs.intersoft-electronics.group/nl
2026-08-18  INTOCON  https://intocon.be/jobs/
2026-08-18  INTRAFIN  https://intrafin.eu/page/jobs
2026-08-18  INTRAMA  https://www.intrama-bg.com/bg/careers
2026-08-18  INTRIS  https://www.intris.be/vacatures/index.html
2026-08-18  INVESTR  https://investr.be/nl/jobs
2026-08-18  IQGeo Europe  https://www.iqgeo.com/careers
2026-08-18  IRISTICK  https://iristick.com/company/careers/
2026-08-18  IP NEXIA  https://www.ipnexia.com/career
2026-08-18  IPTE Factory Automation  https://www.ipte.com/jobs
2026-08-18  ISABO  https://www.isabo.be/nl/webshop?in_brand=13
2026-08-18  ISOLTEAM  https://www.isolteam.be/nl/jobs
2026-08-18  ISOLIM - ISOLATIE  https://www.isolim.be/vacatures
2026-08-18  IT PRO  https://www.itpro.nl/vacatures
2026-08-18  ITALMASTER BELGIUM  https://www.italmaster.be/nl/vacatures
2026-08-18  ISTEMA  https://www.istema.be/nl/jobs
2026-08-18  ITAS  https://itas-solutions.com/career/
2026-08-18  ITC ANTWERP  https://itcantwerp.com/career/
2026-08-18  ISOTECH  https://www.isolatie-bedrijf.be/
2026-08-18  ITEC  https://itec.be/vacatures/
2026-08-18  ITP Agency  https://www.inthepocket.com/careers
2026-08-18  IZICO BELGIUM  https://www.milgro.eu/over-ons/werken-bij
2026-08-18  Ides Ramboer  https://idesramboer.be/jobs/
2026-08-18  IWAKI BELGIUM  https://www.iwaki.be/jobs/
2026-08-18  Imda  https://imda.be/vacatures/
2026-08-18  InTouch Solutions  https://intouchtraffic.com/careers
2026-08-18  Imo  https://www.imovastgoed.be/vacatures/
2026-08-18  Impextraco  https://www.impextraco.com/en/career
2026-08-18  Imatex  https://imatex-plastics.be/nl/vacatures/
2026-08-18  Incofin Investment Management  https://incofin.com/careers/
2026-08-18  Inbraakveilig Knokke  https://vacatures.inbraakveilig.be/
2026-08-18  Indigo Diabetes  https://indigomed.com/careers/
2026-08-18  Inbiose  https://www.inbiose.com/team
2026-08-18  Indurra  https://www.indurra.be/nl/jobs
2026-08-18  Inetum Belgium  https://www.inetum.com/global/en/careers/why-join-us.html
2026-08-18  Industrial Lifting  https://www.ilsa.be/nl_BE/jobs
2026-08-18  Inex  https://www.inex.be/jobs/
2026-08-18  Inelmatec  https://www.inelmatec.be/nl/content/9-job
2026-08-18  Infrasoft  https://www.infrasoft.be/nl/jobs
2026-08-18  Injextru Plastics  https://www.injextru.be/nl/over-ons/vacatures-injextru
2026-08-18  Innomotics  https://jobs.innomotics.com/
2026-08-18  Ingrizo  https://www.ingrizo.com/nl/home
2026-08-18  Interligo  https://www.interligo.be/jobs/
2026-08-18  InsPyro  https://inspyro.be/jobs/
2026-08-18  Interparts  https://interparts.semat.be/blog/category/jobs
2026-08-18  Intermetal-Motor  https://www.intermetal-motor.be/jobs
2026-08-18  International Machinery Trade  https://machineryline.be/-/materiel-de-carrieres--c1755
2026-08-18  Intersig  https://www.intersig.be/vacatures/
2026-08-18  InvestSuite  https://careers.investsuite.com/
2026-08-18  Isofaq  https://isofaq.be/jobs/
2026-08-18  Inve Technologies  https://www.hudsonsolutions.com/be-nl/job-search
2026-08-18  J. DE JONGE MECHANICAL  https://jdejonge.com/careers/
2026-08-18  J. VAN DER ELST  https://belgievacature.be/vacature/zoeken/
2026-08-18  J. Janssens en Zonen  https://www.janssensbouwmaterialen.be/vacatures/
2026-08-18  J.M.C  https://www.jmc-containers.be/vacatures
2026-08-18  JACKON INSULATION  https://www.jackon-insulation.be/bedrijf/vacatures
2026-08-18  JACOBS  https://jacobscleaning.be/vacatures
2026-08-18  J.V.D  https://www.jvdalu.be/vacatures/
2026-08-18  JACOBS CARGO  https://jacobs-logistics.be/jobs/
2026-08-18  JACON  https://www.jaconlegal.be/nl/vacatures
2026-08-18  JAGA  https://jaga.com/benl/vacatures/
2026-08-18  JAEGERSON  https://www.jaegerson.be/nl/vacatures
2026-08-18  JADEMO  https://www.jademo.be/nl/vacatures/
2026-08-18  JAMAR  https://jamar.pro/jobs/
2026-08-18  JACQUES IJS  https://www.jacques-ice.com/jobs
2026-08-18  JAJO  https://www.jajo.com/vacatures/
2026-08-18  JAN NOYENS  https://jannoyens.be/jobs
2026-08-18  JAMES WALKER BENELUX  https://www.jameswalker.biz/careers
2026-08-18  JANS CREACAR  https://creacar.com/jobs/
2026-08-18  JANSENS-VAN TIGCHELT  https://www.jansens-vantigchelt.be/jobs
2026-08-18  JAN MAES  https://www.janmaes.be/nl/over-jan-maes/vacatures-jan-maes
2026-08-18  JANSSEN EXPEDITIE BOORSEM  https://www.janssennv.be/nl/vacatures
2026-08-18  JERMAYO  https://jermayo.be/nl/jobs/
2026-08-18  JEZET SEATING  https://jezet.com/en/jobs
2026-08-18  JL REAL ESTATE  https://jlrealestates.com/elementor-397/
2026-08-18  JOJOBA CARE  https://www.jojobacare.be/nl/tips-tricks/jojoba-care-pre-sun-melk/
2026-08-18  JONCKHEERE SUBCONTRACTING  https://jonckheeresub.com/jobs
2026-08-18  JOH. VAN DER HAAS  https://www.vanderhaas.nl/nl/vacatures/
2026-08-18  JORIS VAN DIJCK  https://www.jorisvandijck.be/nl/vacatures
2026-08-18  JORIS IDE  https://jobs.joriside.com/nl
2026-08-18  JORA  https://www.jorahr.be/carriere
2026-08-18  JOULE  https://www.joule.be/jobs
2026-08-18  JOST  https://jostgroup.com/fr
2026-08-18  JOYN  https://joyn.eu/en/jobs-new/
2026-08-18  JOS STUBBE  https://www.josstubbe-nv.be/nl-be/jobs
2026-08-19  Oogwereld België  https://www.oogwereld.be/pages/vacatures
2026-08-19  Huis A. Suys  https://www.huis-a-suys.com/jobs/
2026-08-19  MONYTR  https://monytr.io/careers
2026-08-19  DIVO  https://www.accountantdivo.be/new-flashes/sinds-1-juli-2026-kunt-u-in-bijna-alle-sectoren-flexijobbers-in-dienst-nemen
2026-08-19  ROODHOOFT & PARTNERS  https://www.roodhooft.com/new-flashes/sinds-1-juli-2026-kunt-u-in-bijna-alle-sectoren-flexijobbers-in-dienst-nemen
2026-08-19  B&R Construct  https://benrbouwgroep.be/jobs/
2026-08-19  Corneel Geerts Transportgroup  https://cgeerts.be/jobs/
2026-08-19  DECO  https://www.westdeco.be/nl-nl/vacatures
2026-08-19  EURAUTOMAT  https://unitedgames.be/vacatures/
2026-08-19  HAPRO  https://vdlhapro.com/home/werken-bij-vdl-hapro/
2026-08-19  HEYTEC  https://heytec.be/jobs/
2026-08-19  HOMECARE  https://werkenbijeurocept.nl/
2026-08-19  HOOYBERGHS  https://hooyberghsbouw.be/jobs/
2026-08-19  ITTERBEEK  https://itterbeek.eu/jobs/
2026-08-19  ISOMO  https://www.isomo.be/index-nl.aspx
2026-08-19  JUNTOO GROUP  https://www.jobfunders.com/nl/
2026-08-19  Jan De Nul Dredging  https://jobs.jandenul.com/
2026-08-19  Jansen Ceiling Solutions  https://groupjansen.com/jobs/
2026-08-19  Jansen Smart Solutions  https://kansenbijjansen.be/?jobs-00efca30%5Btab%5D=Jansen%20Smart%20Solutions
2026-08-19  Janssen - Fritsen  https://www.janssen-fritsen.be/over-ons/vacatures
2026-08-19  Javana  https://www.javana.be/nl/vacatures
2026-08-19  Jungheinrich  https://www.jungheinrich.be/vacatures
2026-08-19  KAEMINGK  https://www.werkenbijkaemingk.com/
2026-08-19  KAIZEN GLOBAL  https://kaizengloballimited.com/careers/
2026-08-19  KANEKA MEDICAL EUROPE  https://jobs.kaneka.be/
2026-08-19  KAMPF  https://www.jagenberg.com/career/unbox-the-future-with-us/
2026-08-19  KAMO  https://www.kamo.be/jobs
2026-08-19  KAREL STERCKX  https://sterckx.com/nl/vacatures/
2026-08-19  KATASTROF  https://www.katastroffashion.com/pages/jobs
2026-08-19  KARAKTER INVEST  https://karakterinvest.be/index.php/vacature/
2026-08-19  KEESTRACK  https://keestrack.jobs.cz/volne-pozice
2026-08-19  KANTOFF  https://kantoff.be/jobs-bij-kantoff/
2026-08-19  KELA VETERINARIA  https://www.kela.health/working-at-kela/
2026-08-19  KERCKAERT & LABOROR  https://kerckaert.be/nl/nieuws/
2026-08-19  KERKHOFS  https://sporthousegroup.com/jobs
2026-08-19  KERKSTOEL 2000 +  https://jobs.kerkstoel.be/
2026-08-19  KESTENS MONTAGE  https://kestens.eu/vacatures.php
2026-08-19  KIMS CHOCOLATES  https://www.kimchoc.be/vacatures/
2026-08-19  KEPPEL SEGHERS BELGIUM  https://www.keppelseghersbelgium.com/job-openings/
2026-08-19  KILOWATT  https://www.kilowattsolar.eu/jobs/
2026-08-19  KINNARPS (BELGIUM)  https://www.kinnarps.be/about-kinnarps/careerjob/
2026-08-19  KION Automated Solutions EMEA  https://www.kiongroup.com/en/Service/search/?query=Job%20Opportunities
2026-08-19  KLASMANN-DEILMANN BRUGGE  https://www.klasmann-deilmann.com/jobs/
2026-08-19  KLINGELE CHOCOLADE  https://cdn.shopify.com/s/files/1/0364/7818/9627/files/vacature_productie-operator_1.pdf?v=1768486221
2026-08-19  KLINGER BELGIUM  https://www.klinger.be/nl_be/Vacatures
2026-08-19  KLINGSPOR  https://www.klingspor.be/onderneming/carriere/./werken-bij-klingspor
2026-08-19  KNAP OP  https://knap-op.be/nl/producer/4474485/Jobman
2026-08-19  KOMPAN  https://www.kompan.com/en/int/about/working-at-kompan
2026-08-19  KOMATSU EUROPE INTERNATIONAL  https://www.komatsu.eu/en/company/komatsu-europe-international/career
2026-08-19  KONSTRUKTIE GALLOO  http://www.gallookonstruktie.be/nl/vacatures
2026-08-19  KONINGS  https://jobs.koningsdrinks.com/en/
2026-08-19  KOPAL  https://jobs.kopal.be/nl
2026-08-19  KREEMERS METAALWERKEN  https://kbmetaal.be/vacature/
2026-08-19  KRAANBEDRIJF D.BUERMANS  https://www.d-buermans.be/vacatures/
2026-08-19  KTN Belgium  https://www.ktnbelgium.com/
2026-08-19  KUMETCO  https://kumetco.be/vacatures/
2026-08-19  KRONOSPAN TRADING  https://www.kronospan.com/jobs/
2026-08-19  KUNSTGRASVELDEN CLUSTER 3  https://www.harelbeke.be/dienst/werken-bij-de-stad-harelbeke
2026-08-19  KUKA AUTOMATISERING + ROBOTS  https://www.jacobsinterieur.be/nl/vacatures
2026-08-19  KRAMP  https://www.kramp.com/nl/werken-bij
2026-08-19  KX-FOOD  https://www.kxfood.be/nl/jobs
2026-08-19  Kalmar Belgium  https://www.kalmarglobal.be/careers/
2026-08-19  Kardex  https://www.kardex.com/company_people/careers/careers-at-kardex
2026-08-19  Kenvue Belgium  https://www.kenvue.com/careers
2026-08-19  Kenbri Fire Fighting  https://www.kenbri.nl/NL/offshore/onze-merken/JoBird
2026-08-19  Kenis  https://www.groepkenis.be/vacatures/turnhout
2026-08-19  Kantoor Windey  https://www.kantoorwindey.be/werkenbijkantoorwindey/
2026-08-19  Key Technology  https://www.key.net/en/about-us/careers/
2026-08-19  Keukenontwerpers  https://www.keukenontwerpers.com/vacatures/
2026-08-19  Keyence International (Belgium)  https://www.keyence.eu/ss/careers/
2026-08-19  Keuringsbureau Motorvoertuigen  https://www.km.be/jobs
2026-08-19  Kolibri  https://kolibrilogistics.com/job-openings/
2026-08-19  Kregspedi  https://www.kreglinger.com/jobs/
2026-08-19  Komec  https://www.komec.be/jobs/
2026-08-19  Kärcher  https://www.kaercher.com/int/inside-kaercher/careers.html
2026-08-19  Kumulus Partners  https://www.kumuluspartners.com/en/careers
2026-08-19  Kuehne + Nagel  https://jobs.kuehne-nagel.com/global/en
2026-08-19  Kyocera Document Solutions Belgium  https://www.kyoceradocumentsolutions.be/nl/about-us/careers/working-at-kyocera.html
2026-08-19  Kruisbeton  https://www.kruisbeton.be/nl/vacatures
2026-08-19  LAir liquide Belge  https://be.airliquide.com/fr/a-propos/carrieres-chez-air-liquide
2026-08-19  L.V.C  https://lvcsolutions.com/jobs/
2026-08-19  L.E.D. TECHNO  https://www.ledtechno.be/nl/services/
2026-08-19  L.V.R. ELECTRONICS  https://www.lvrelectronics.be/vacatures
2026-08-19  LA WILLIAM  https://lawilliam.be/nl/career/
2026-08-19  LAB9 STORES  https://www.lab9.be/pages/vacatures
2026-08-19  LA ROY  https://www.laroy.eu/jobs
2026-08-19  LACARNE  https://lacarne.ph/pages/join-our-team
2026-08-19  LACTIS Pur Natur  https://purnatur.eu/nl/jobs
2026-08-19  LAMBERS-SEGHERS  https://www.kwaliteitdoormaatwerk.be/jobs
2026-08-19  LAKKERIJ VANDERMAESEN  https://vandermaesenlakkerij.be/vacatures/
2026-08-19  LAG TRAILERS  https://www.lag.eu/jobs/
2026-08-19  LAMELLO BELGIUM  https://binnenwerk-online.nl/vacature-aanmelden/
2026-08-19  LAMIFIL  https://jobs.lamifil.be/nl
2026-08-19  LAMBRECHTS  https://www.lemahieu.be/nl/jobs
2026-08-19  LACO MACHINERY  https://www.lacomachinery.be/index-en.aspx
2026-08-19  LANSWEEPER  https://www.lansweeper.com/careers/
2026-08-19  LANTZERATH ( Belgium)  https://lantzerath-group.career.softgarden.de/
2026-08-19  LANTMANNEN UNIBAKE LONDERZEEL  https://www.lantmannenunibake.be/werken-bij/jobs/
2026-08-19  LANXESS Belgium  https://career.lanxess.com/us/en
2026-08-19  LAMECO  https://lameco.be/vacatures/
2026-08-19  LARAMNO  https://www.laramno.be/jobs/
2026-08-19  LAROY GROUP  https://odoo.laroygroup.com/jobs
2026-08-19  LAS - SERVICE  https://www.lasservice.be/vacancies
2026-08-19  LARFROST  https://larfrost.be/nl/vacatures
2026-08-19  LAVAMEAT  https://www.lavameat.be/nl/jobs-lavameat
2026-08-19  LAVATRA  https://www.lavaertgroup.com/nl/jobs/
2026-08-19  LAUWERS  https://www.lauwers.be/vacatures
2026-08-19  LASTEK BELGIUM  https://lastek.be/vacatures/
2026-08-19  LAURA  https://www.lauraham.eu/jobs
2026-08-19  LAYHER  https://www.layher.nl/over-layher/ons-bedrijf/vacatures
2026-08-19  LDBS INSURANCE  https://www.ldbs.be/werken-bij-ldbs/
2026-08-19  LCL  https://career.lcl.be/en/
2026-08-19  LEBON IT SERVICES  https://jobs.lebonit.be/
2026-08-19  LECOT  https://jobs.lecot.be/nl/
2026-08-19  LEENDERS  https://leendersnv.com/vacatures/
2026-08-19  LEFEVER  https://lefevervgn.be/jobs/
2026-08-19  LEHA  https://aqualeha.com/nl_be/onze-vacatures/
2026-08-19  LEGAL BROKERS  https://www.legalbrokers.eu/jobs
2026-08-19  LEICA GEOSYSTEMS  https://leica-geosystems.com/about-us/careers
2026-08-19  LEIEVOEDERS  https://leievoeders-cibus.be/nl/jobs
2026-08-19  LEIN ALUMINIUM  https://www.lein.be/nl/vacatures
2026-08-19  LEM OOSTENDE - BRUGGE  https://www.luchthaven-oostendebrugge.com/vacatures/
2026-08-19  LEMAN  https://www.lemandecorations.com/nl/vacatures
2026-08-19  LENSONLINE  https://optiek.lensonline.be/werken-bij-lensonline/
2026-08-19  LEO STEVENS & CIE  https://www.leostevens.com/nl-be/werken-bij-leo-stevens/
2026-08-19  LESAGE METAALCONSTRUCTIE  https://lesage-nv.be/nl/vacatures/
2026-08-19  LESCHACO  https://www.leschaco.com/en/career/what-we-offer.html
2026-08-19  LEUCO  https://leuco.com/EN/US/career/Specialists_Executive_Staff
2026-08-19  LEXMARK INTERNATIONAL  https://www.lexmark.com/en_us/about-us/careers.html
2026-08-19  LEVERAGE INCORPORATED  https://www.l-inc.be/en/vacatures
2026-08-19  LET AUTOMOTIVE  https://www.let.be/nl/content/Jobs
2026-08-19  LEONARDO  https://www.leonardo.com/en/careers
2026-08-19  LHM  https://www.lhm.be/nl/vacatures
2026-08-19  LICATA VINI  https://www.licata.be/nl/over-licata-vini/vacatures/
2026-08-19  LICHT  https://www.groenlichtvlaanderen.be/vacatures/introductie
2026-08-19  LG-BETON  https://www.lgbeton.be/vacatures/
2026-08-19  LIEKENS  https://www.liekens.be/over-ons/vacatures/
2026-08-19  LEYS  https://www.leysbv.be/werken-bij-leys/
2026-08-19  LIGNA  https://www.ligna-systems.com/de/jobs/
2026-08-19  LIMARA  https://www.famiflora.be/vacatures-famiflora-vestigingen
2026-08-19  LIGNE PIERRE  https://lignepierre.be/vacatures/
2026-08-19  LIMBOTEX  https://limbotex.be/en/jobs.asp
2026-08-19  LIMBRASSUR  https://www.limbrassur.be/zin-in-de-job-van-je-leven-maak-het-mee-als-adviseur-verzekeringen/
2026-08-19  LIMBURGS STAALSERVICE CENTER  https://www.lsc-belgium.com/nl/vacatures-173.htm
2026-08-19  LINEA TROVATA SUNTEC  https://lineatrovata.com/jobs
2026-08-19  LION  https://lionproducts.eu/vacatures/
2026-08-19  LIS  https://lis-group.be/vacatures/
2026-08-19  LIPA  https://www.lipa.be/jobs/
2026-08-19  LIPCAS  https://www.lipcas.be/jobs/
2026-08-19  LIVLINA  https://jobs.febelcogroup.be/Livlina/?locale=en_US
2026-08-19  LOADING EQUIPMENT SERVICES EUROPE  https://loadingequipment.com/vacatures
2026-08-19  LOGFRET  https://logfret.com/our-career/
2026-08-19  LOMMELSE DRANKENCENTRALE  https://lommelnieuws.be/vacatures-lommel/
2026-08-19  LOGGERE METAALWERKEN  https://loggere.com/nl-be/vacatures
2026-08-19  LIMEPARTS  https://www.limeparts-drooghmans.be/vacatures/
2026-08-19  LONGIN SERVICE  https://www.longinservice.be/jobs
2026-08-19  LORIVAN  https://lorivan.be/vacatures/
2026-08-19  LORATRANS  https://www.loratrans.be/vacatures-transport.html
2026-08-19  LOEWE OPTA BENELUX  https://www.companymatch.me/nl/careers/humantotalcare-nl
2026-08-19  LOVELD  https://www.loveld.com/nl/jobs/
2026-08-19  LOUVERS BELGIUM COMPANY  https://louvers.be/jobs/
2026-08-19  LUCEDA  https://www.lucedaphotonics.com/careers
2026-08-19  LRM Climate  https://lrm.be/werken-bij/
2026-08-19  LUXILON INDUSTRIES  https://luxilon.be/jobs
2026-08-19  LVD COMPANY  https://www.lvdgroup.com/nl/jobs
2026-08-19  Lagardère Travel Retail Belgium  https://www.lagardere-tr.be/en/join-us
2026-08-19  Lalemant  https://lalemant.com/careers/
2026-08-19  Lakefront Biotherapeutics  https://lakefrontbio.com/join-us/
2026-08-19  Laboratoria Bota  https://www.bota.be/product/ruggensteun/jobri-leanon/
2026-08-19  Lafaut Export  https://lafaut-poultry.com/nl/
2026-08-19  Lamett Europe  https://lamett.be/nl/jobs
2026-08-19  Lamo  https://lamo.be/vacatures
2026-08-19  Lavanco  https://lavanco.be/nl/vacatures
2026-08-19  LayerWise  https://www.engineersonline.nl/kennis/carriere/
2026-08-19  Legerstock De Wulf  https://legerstockdeinze.be/nl/sp/58/jobs
2026-08-19  Legendre Conveyors  https://www.legendre.be/nl/vacatures/
2026-08-19  Leuven Air Bearings  https://www.labmotionsystems.com/jobs/
2026-08-19  Leonardo Fix  https://www.leonardofix.be/vacatures
2026-08-19  Levens Middleby  https://werkenbijlevensmiddleby.com/
2026-08-19  Levaco  https://www.levaco.be/nl/jobs
2026-08-19  Lifting Engineering  https://www.lift-eng.com/vacatures
2026-08-19  LivWise  https://www.livwise.be/be-nl/over-livwise/vacatures/
2026-08-19  Locks  https://www.locks.be/nl/jobs-locks
2026-08-19  Lectra Benelux  https://www.lectra.com/en/losing-opportunities-because-i-lack-production-agility
2026-08-19  Logicall Air & Ocean  https://logicallcareers.com/
2026-08-19  Logistics  https://jobs.bdgroup.be/
2026-08-19  Luminus Solutions Invest  https://luminussolutions.be/nl/jobs/
2026-08-19  M-Tanks  https://www.m-vacatures.be/home
2026-08-19  Lux Logistics  https://www.luxlogistics.be/jobs/
2026-08-19  M & E Consulting  https://www.meconsulting.com/careers
2026-08-19  M - SHIRT  https://www.m-shirt.be/jobs
2026-08-19  M.C. MACHINES  https://installatieenbouw.be/vacature-aanmelden/
2026-08-19  M.B.S  https://rematiptopholdingbenelux.nl/werken-bij/
2026-08-19  M.C.-BAUCHEMIE BELGIUM  https://www.mc-bauchemie.be/carriere/
2026-08-19  M. V. W  https://www.mvw.be/vacatures
2026-08-19  M.C.G  https://www.mcg.be/en/become-a-cybersecurity-expert
2026-08-19  M.D.H. FOOD SERVICE  https://www.mdhfoodservice.be/jobs
2026-08-19  M.R.W  https://mrw.be/vacatures/index.html
2026-08-19  M.S.D  https://msd.phenompro.com/gb/en/msd-belgium---career-page
2026-08-19  M.H.B  https://www.mhb.be/vacatures
2026-08-19  MAASKADE BEVRACHTERS BELGIUM  https://career.maaskadegroup.com/nl/
2026-08-19  MAAS  https://www.jobsatmaas.nl/nl
2026-08-19  MACADAM TECHNOLOGIES  https://careers.macadam.app/
2026-08-19  MABO LIFTING  https://www.mabobenelux.com/mabo-jobs/
2026-08-19  MABO ENGINEERING & AUTOMATION  https://mabo-automation.com/jobs/
2026-08-19  MACSYS  https://iedereenonmisbaar.be/?lang=nl-BE
2026-08-19  MAES EN ZONEN  https://www.maes-nv.be/vacatures
2026-08-19  MAES METAL  https://www.maesmetal.com/nl/vacatures
2026-08-19  MAEYAERT  https://maeyaert.be/nl/jobs
2026-08-19  MAES  https://jobs.maesmobility.be/
2026-08-19  MAINFREIGHT  https://www.mainfreight.com/global/en-nz/mainfreight-careers
2026-08-19  MAKRO CASH & CARRY BELGIUM  https://rechtbanken-tribunaux.be/nl/jobs
2026-08-19  MALDOY  https://maldoy.com/nl/p/jobs
2026-08-19  MAGWEL  https://www.magwel.com/about/jobs/
2026-08-19  MANUTECH  https://manutech.be/nl/vacatures
2026-08-19  MAERTEN & PARTNERS  https://www.maertenenpartners.be/about-us/our-dna/our-interim-project-managers-are-sharp-yet-modest
2026-08-19  MANUCHAR STEEL  https://www.manuchar.com/worldwide/en/work-for-manuchar
2026-08-19  MARCEL VAN DYCK - BELGIUM  https://www.vandyck.be/vacatures
2026-08-19  MAPA  https://www.mapa.be/jobs/
2026-08-19  MARCELIS SMART OFFICE  https://www.marcelis.be/jobs/
2026-08-19  MARCHANDISE Genk  https://www.marchandise.be/nl/jobs
2026-08-19  MARELEC FOOD TECHNOLOGIES  https://jobmix.marelec.com/home/
2026-08-19  MARIEN  https://marienmeesterbakkers.com/jobs
2026-08-19  MARILIQ  https://mariliq.be/vacatures/
2026-08-19  MARS BELGIUM  https://careers.mars.com/us/en
2026-08-19  MARTENS BETON  https://martensgroep.eu/nl/vacatures
2026-08-19  MARTENS DEMOLITION COMPANY  https://www.martensdemocom.com/nl/vacatures/25/
2026-08-19  MARTENS TRANSPORT  https://martensgroup.be/jobs/
2026-08-19  MARTENS HOUT  https://www.martenshout.be/nl/jobs
2026-08-19  MASTERCOOL EUROPE  https://mastercool.com/careers/
2026-08-19  MATCO PLASTICS  https://www.matcoplastics.com/jobs
2026-08-19  MATHIEU WILLEMS - DIELS  https://www.willems-diels.be/vacatures/
2026-08-19  MATERIAAL VEREDELINGSTECHNIEKEN  https://mvt.be/en/jobs/
2026-08-19  MATTHYS  https://www.matthysgroup.com/en/jobs
2026-08-19  MATTHEEUWS ERIC TRANSPORT  https://www.mattheeuws.com/nl/vacatures/
2026-08-19  MAURICE  https://maurice.eu/jobs
2026-08-19  MAVARO  https://www.mavaro.be/jobs/
2026-08-19  MAVOM  https://mavom.nl/werken-bij
2026-08-19  MAZARO  https://www.mazaro.eu/en/jobs
2026-08-19  MAYEKAWA EUROPE  https://jobs.mayekawa.eu/en
2026-08-19  MATRIX-KOLUM  https://matrixkolum.be/kantoor/verzekeringen-sint-job/
2026-08-19  MBI  https://www.werkenbijmbi.nl/
2026-08-19  MECO METAL  https://www.mecometal.be/vacatures/
2026-08-19  MEDI - INVEST  https://medi-invest.eu/nl/vacatures
2026-08-19  MEDIX Laboratoires  https://medixlaboratoires.eu/nl/jobs.php
2026-08-19  MEDINA  https://www.medina.be/nl/vacatures-medina/
2026-08-19  MEDLINE  https://careers.medline.eu/
2026-08-19  MEIJERS  https://www.meijers.be/vacatures
2026-08-19  MEKANISCHE KONSTRUKTIE BAUDOIN  https://mkb-engineering.be/over-ons/werken-bij-mkb
2026-08-19  MENKEN  https://menkenorlando.nl/werken-bij/
2026-08-19  MELOTTE  https://www.melotte.be/jobs
2026-08-19  MECAMAR  https://www.mecamar.be/nl/vacatures
2026-08-19  MENNENS BELGIUM  https://www.mennensbelgium.be/vacatures
2026-08-19  MERCATOR  https://www.mercator.eu/fr/jobs/offres-d-emploi.chtml
2026-08-19  MERVERS BENELUX  https://mervers.be/careers/
2026-08-19  META - TEC  https://www.metatec.be/nl/vacatures
2026-08-19  METAALCONSTRUCTIE - CONSTRUCTION METALIQUE  https://mcm-metaalconstructie.be/vacatures/
2026-08-19  METAALCONSTRUCTIE SOETENS  https://www.metaalconstructiesoetens.be/vacatures
2026-08-19  METAALWERKEN DE ROOS  https://www.deroos-metaal.be/vacatures/
2026-08-19  METACO  https://www.metaco.be/werken-bij/
2026-08-19  METAL TECHNICS  https://www.metaltechnics.be/nl/vacatures/
2026-08-19  METAL YAPI  https://metalyapi.com/about-us/career
2026-08-19  METAL GALVA PLUS  https://www.metal-galva.be/jobs
2026-08-19  METALON  https://metalon.be/vacatures/
2026-08-19  METES  https://metes.be/metes-metech-career.php
2026-08-19  METAVAN REELS  https://gt-invest.be/nl/jobs
2026-08-19  METRA  https://www.metra.be/nl/jobs/
2026-08-19  METEC BELGIUM  https://metecbelgium.be/over-metec/vacatures/
2026-08-19  MEUBELEN DEBA  https://www.debameubelen.be/vacatures/
2026-08-19  MEUBELEN PLASMAN  https://www.meubelenplasman.be:443/nl/jobs/
2026-08-19  MEUBELEN VERBERCKMOES  https://www.verberckmoes.be/nl/over-ons/vacatures
2026-08-19  MEUKENS  https://meukens.be/jobs/index.html
2026-08-19  MEUBELS PAUWELS NV  https://www.meubelspauwels.be/jobs
2026-08-19  METALPROJECTS  https://metalprojects.be/vacatures.php
2026-08-19  MICROSOFT  https://careers.microsoft.com/v2/global/en/home.html
2026-08-19  MICROTRON  https://microtron.eu/over-ons/vacatures/
2026-08-19  MIDEX SAFETY  https://midexsafety.be/jobs/
2026-08-19  MICHIELS  https://www.michielsfabrieken.com/nl/jobs
2026-08-19  MILVUS Consulting  https://milvus-consulting.com/jobs
2026-08-19  MIKO COFFEE SERVICE  https://www.jobsatmiko.eu/nl
2026-08-19  MINERA  https://www.satic-minera.be/vacatures/
2026-08-19  MINT  https://www.mintnv.be/jobs/
2026-08-19  MOBICOM  https://mobicom.it/Home/JobOpportunities
2026-08-19  MITRA  https://www.mitra.nl/werken-bij
2026-08-19  MOENS  https://www.moensbvba.be/job/
2026-08-19  MOBILE VIKINGS  https://work.mobilevikings.be/job-openings/
2026-08-19  MOL CY  https://www.molcy.com/jobs/
2026-08-19  MOLS  https://www.nvmols.be/nl/vacatures
2026-08-19  MOLENS NOVA  https://www.molensnova.be/jobs
2026-08-19  MONITR  https://www.monitr.be/careers
2026-08-19  MOREHOUSE REFCO  https://morehouse.be/vacatures
2026-08-19  MORUBEL  https://jobs.morubel.be/nl
2026-08-19  MOONFOX CK  https://www.moonfox.be/vacatures
2026-08-19  MOTIX  https://www.motix.be/over-motix/jobs
2026-08-19  MOTOREN DESMEDT  https://www.desmedtnv.be/vacatures/
2026-08-21  WARFID  https://www.warfid.be/vacatures/
2026-08-21  Kine TAB  https://kinesisten.com/vacatures/
2026-08-21  CASART  https://www.casart.be/jobs
2026-08-21  maverik  https://maverik.be/jobs-to-be-done-jtbd/
2026-08-21  Hageland Klassiek  https://www.klassiekindekapel.be/jobs
2026-08-21  BIELEN FINANCE & INSURANCE  https://www.bieleninsurance.be/nl-be/nieuws/paramedisch-beroep-kies-een-verzekering-die-meegroeit-met-uw-carriere
2026-08-21  BRU TEXTILES  https://jobs.brutex.com/
2026-08-21  Benvitec Manufacturing  https://benvitec.be/solutions/over-ons/werken-bij-benvitec/vacatures/
2026-08-21  DOUTERLOIGNE BETON  https://www.douterloigne.com/nl-be
2026-08-21  DUSTIN BELGIUM  https://www.dustin.be:443/nl/nieuws/your-pc-still-works-but-is-it-right-for-the-job-9454/
2026-08-21  INTERNATIONAL NAUTICAL SERVICES  https://ins-yachtsurveyor.com/careers/
2026-08-21  M.Ex.T. BELGIUM  https://www.areyoumext.be/
2026-08-21  MAES JONKER  https://www.maesjonker.eu/jobs/
2026-08-21  MARMAR  https://www.marmarpartners.be/nl-be/jobs
2026-08-21  METAALCONSTRUCTIE STROBBE  http://metaalconstructiestrobbe.be/jobs/job1
2026-08-21  MESSER BELGIUM  https://jobs.messer.be/index.aspx
2026-08-21  MIDEA  https://climacon.be/nl/vacatures/
2026-08-21  MOVIANTO BELGIUM  https://movianto.com/careers/
2026-08-21  MOVE - RELOCATION  https://www.bolckmans.be/nl/werken-bij-bolckmans
2026-08-21  MOWI BELGIUM  https://mowi.com/careers/
2026-08-21  MPPiTEC  https://www.mppitec.com/careers
2026-08-21  MOZART BRAIN LAB  https://www.mozart-brain-lab.com/jobs
2026-08-21  MOVU  https://www.movu-robotics.com/en/our-latest-jobs
2026-08-21  MTS INDUSTRIEBOUW  https://www.mts-industriebouw.be/nl/vacatures/
2026-08-21  MULTI LOGISTICS  https://multilogisticsgroup.com/en/jobs
2026-08-21  MULDER NATURAL FOODS  https://www.muldernaturalfoods.com/nl/jobs
2026-08-21  MULTI BAZAR  https://www.multibazar.be/nl/vacatures
2026-08-21  MULTILIST  https://www.onlinemarketplaces.com/articles/jobs-in-etfs-successfully-completes-funding-round-for-expansion/
2026-08-21  MULTISERVICE BURO  https://www.multiservice.be/nl-be/jobs
2026-08-21  MUNTERS BELGIUM  https://www.munters.com/en-us/careers/
2026-08-21  MYLENE  https://www.mylene.eu/nl/content/10-vacatures
2026-08-21  MY SPECTRUM  https://myspectrum.be/jobs/
2026-08-21  Mabi Mobility  https://werkenbij.hedinautomotive.nl/
2026-08-21  MYLLE H  https://mylledju.be/
2026-08-21  Machiels  https://machiels.com/jobs/
2026-08-21  Macotruck  https://www.macotruck.be/p/jobs.html
2026-08-21  Macome  https://careers.co.jp/
2026-08-21  MagCam  https://www.magcam.com/careers
2026-08-21  Magics Technologies  https://www.magics.tech/careers
2026-08-21  Management & Building Services  https://www.anzegem.be/werken-bij-anzegem
2026-08-21  Manna foods  https://www.manna.be/jobs/
2026-08-21  Marlux-Stradus  https://www.stradusjobs.be/nl
2026-08-21  Matcher.jobs  https://marcel.jobs/
2026-08-21  Materialise Motion  https://www.materialise.com/en/careers
2026-08-21  Meba  https://meba-saw.com/career/
2026-08-21  Medicem  https://www.medicem.com/careers
2026-08-21  Medista  https://www.medista.be/careers/
2026-08-21  Martens RMD  https://www.martensrmd.be/vacatures/
2026-08-21  Medway Belgium  https://www.jobsmedwaybelgium.com/
2026-08-21  Melitta België  https://www.melitta-group.com/en/karriere
2026-08-21  MercLan  https://www.merciervanlanschot.be/nl-be/werken-bij-mercier-van-lanschot/vacature-accountant
2026-08-21  Meli  https://meli.be/nl/contact/#jobs
2026-08-21  Mervielde  https://jobs.mervielde.be/nl
2026-08-21  Metaalbouw Devoldere  https://www.mahieujobs.be/nl
2026-08-21  Metafor  https://www.metafor.be/nl/jobs
2026-08-21  Meroso Foods  https://meroso.be/jobs/
2026-08-21  Metallum Metal Trading  https://thommengroup.com/en/jobs
2026-08-21  Meubelen De Graeve  https://www.meubelen-degraeve.be/vacatures
2026-08-21  Meyvaert  https://www.meyvaert.com/en/careers
2026-08-21  Mevoco  https://mevoco.be/jobs/
2026-08-21  Mirka Belgium Logistics  https://limoco-industries.be/jobs
2026-08-21  Meubelen De Keizer  https://meubelendekeizer.be/jobs/
2026-08-21  MinDCet  https://www.mindcet.com/careers
2026-08-21  Mitsanto  https://www.vlaamsehogescholenraad.be/nl/werken/vacatures
2026-08-21  Monarch Tractor Europe  https://www.monarchtractor.com/job-openings
2026-08-21  Molens T Kindt  http://www.molenstkindt.be/nl/vacatures
2026-08-21  Molens Joye  https://molensjoye.be/nl/node/330
2026-08-21  Molymet Belgium  https://www.molymetbelgium.be/vind-je-droomjob
2026-08-21  Multi-Post  https://www.multipost.com/vacatures/
2026-08-21  N.C.M.A  https://ncmahq.org/Web/Membership/Career-Path-in-Contract-Management.aspx
2026-08-21  NALANTIS  https://www.nalantis.be/en/join-our-team
2026-08-21  NALLIAN  https://nallian.com/careers
2026-08-21  NATUURSTEEN PRAILLE  https://www.natuursteenpraille.be/vacatures
2026-08-21  NATHAN SYSTEMS  https://www.nathan.nl/werken-bij-nathan
2026-08-21  NARVIFLEX  https://www.narviflex.be/alle-jobs
2026-08-21  NAVONUS  https://navonus.be/vacatures/
2026-08-21  NCS SHIPPING  https://ncs-shipping.com/werken-bij-ncs-shipping
2026-08-21  NAVIGLOBE  https://www.jobsonline.be/vacatures
2026-08-21  NAXCO BELGIUM  https://naxcobelgium.be/working-at-naxco-belgium/
2026-08-21  NEDSCHROEF HERENTALS  https://www.nedschroefmachinery.com/built-perform-where-skills-are-sharpened-and-careers-forged
2026-08-21  NELISSEN STEENFABRIEKEN  https://www.nelissen.be/nl-be
2026-08-21  NELL  https://www.nell-com.be/jobs
2026-08-21  Mourik BE Holding  https://uid-suche.at/jobs
2026-08-21  NEPTUMAR  https://www.neptumar.eu/careers
2026-08-21  NESTAAN  https://nestaan.be/nl/jobs
2026-08-21  NETWERK  https://netwerkgroup.com/over-ons/interne-vacatures/
2026-08-21  NERVA  https://nerva.be/nl/vacature
2026-08-21  NESTINOX  https://nestinox.com/nl/1/over-ons/werken-bij-nestinox.aspx
2026-08-21  NEUHAUS  https://jobs.neuhauschocolates.com/nl
2026-08-21  NEW CORMAN  https://www.corman.pro/int/fr/corporate/carrieres/
2026-08-21  NEWSON  https://newson.be/Career.htm
2026-08-21  NEW SIGNATURE  https://new-signature.be/jobs-2/
2026-08-21  NEW FURNITURE  https://andersen-furniture.com/about-us/jobs/
2026-08-21  NHV Group  https://nhv.be/careers
2026-08-21  NEXANS NETWORK SOLUTIONS  https://www.nexans.be/en/company/Career.html
2026-08-21  NIJKERK ELECTRONICS  https://www.nijkerk-ne.com/about-us/jobs/
2026-08-21  NILFISK  https://www.nilfisk.com/global/professional/about-nilfisk/job-and-career/
2026-08-21  NIPPON EXPRESS (BELGIUM)  https://www.nipponexpress.com/search/?query=Jobs&amp;start=0&amp;count=10&amp;group=2&amp;site=S2H5HJIF&amp;charset=utf-8
2026-08-21  NINOOFSE BETONCENTRALE  https://nbcbeton.be/vacatures
2026-08-21  NINIX TECHNOLOGIES  https://www.ninix-tech.com/nl/bedrijf/vacatures/
2026-08-21  NIPPON SHOKUBAI EUROPE  https://www.nipponshokubai.be/nl/jobs/detail/spontane-sollicitatie
2026-08-21  NOBI  https://careers.nobi.life/
2026-08-21  NICE BENELUX  https://www.niceforyou.com/nl-be/werk-met-ons
2026-08-21  NOKIA BELL  https://www.nokia.com/careers/
2026-08-21  NOLLENS  https://www.nollens.be/jobs/
2026-08-21  NORMEC FOODCONTROL  https://careers.normecgroup.com/expertises/foodcare
2026-08-21  NOORD NATIE TERMINALS  https://www.noordnatie.be/werken-bij/jobs
2026-08-21  NORTHER  https://norther.be/jobs/
2026-08-21  NORTH SEA EXPRESS  https://nsetransport.be/vacatures/
2026-08-21  NOSTALGIE  https://nl.nostalgie.be/vacatures
2026-08-21  NOVACEL BELGIUM  https://novacel.teamtailor.com/en
2026-08-21  NOVARTIS PHARMA  https://www.novartis.com/careers
2026-08-21  NOORDVLEES VAN GOOL  https://www.noordvlees-group.be/jobs/
2026-08-21  NUKAMEL  https://www.nukamel.com/about-usworking-nukamel/job-offers
2026-08-21  NUTRIFARMA  https://www.nutrifarma.be/vacatures/
2026-08-21  NUTREX  https://www.nutrex.eu/careers/
2026-08-21  NUTRILAB  https://nutrilab.nl/nl/vacatures
2026-08-21  NUTRISAN  https://www.nutrisan.com/jobs/
2026-08-21  NV BEKAERT SA  https://www.bekaert.com/en/careers
2026-08-21  NV VERIZON BELGIUM LUXEMBOURG  https://mycareer.verizon.com/
2026-08-21  NUTRIPACK OLEN  https://nutripack.eu/qui-sommes-nous/carrieres/
2026-08-21  NYNAS  https://nynas.com/en/career/
2026-08-21  National Utility Service  https://www.nusconsulting.com/energy-news/demand-side-response-opportunities-industrial-commercial-energy-users/
2026-08-21  NYRSTAR BELGIUM  https://www.nyrstar.com/careers
2026-08-21  NYS MACHINERY EQUIPMENT  https://www.nys-machinery.be/vacatures
2026-08-21  Nedcon  https://careers.nedcon.com/nl/
2026-08-21  Nefab Packaging Belgium  https://www.transport-logistics.be/nl/jobs/
2026-08-21  Niko  https://www.niko.eu/nl-be/werken-bij-niko
2026-08-21  Night Star Express Hellmann  https://www.werkenbijnse-hellmann.com/
2026-08-21  Noba  https://noba.be/vacatures/
2026-08-21  Nexus Cosmetics  https://www.nexuscosmetics.eu
2026-08-21  Norgine  https://norgine.com/partnering-opportunities/
2026-08-21  Normec OWS  https://normecows.com/jobs/
2026-08-21  Novation  https://www.novation.be/nl/overons-jobs
2026-08-21  Northwind  https://parkwind.eu/careers
2026-08-21  Noesen  https://noesen.be
2026-08-21  O.V.M.B  https://ovmb.be/werken-bij-ovmb
2026-08-21  O.V.B  https://www.ovb-willemot.be/financieel-adviseur-worden/carriere-ervaringen.html
2026-08-21  OBELISK  https://www.obelisk.be/over-ons/vacatures
2026-08-21  OBO BETTERMANN  https://www.obo.be/onderneming/jobs-en-carriere/
2026-08-21  O.R.A. LIFTEN  https://www.oraliften.be/vacatures/
2026-08-21  ODRADA INTERIEUR  https://odrada.be/vacatures/
2026-08-21  OLEON  https://careers.oleon.com/
2026-08-21  OLYMPIA  https://www.olympia.nl/vacatures/
2026-08-21  OLYMPUS BELGIUM  https://www.olympus.be/company/fr/carrieres/
2026-08-21  OM PARTNERS  https://careers.omp.com/
2026-08-21  OMNICOL  https://www.omnicol.eu/Ons-verhaal/Werken-bij-Omnicol/Vacatures/
2026-08-21  ONESPAN  https://www.onespan.com/about/careers
2026-08-21  OMNIPLEX  https://omniplex.be/jobs/
2026-08-21  ONEBIM  https://www.onebim.team/vacatures
2026-08-21  OOSTERLINCK  https://www.oosterlinck-hout.be/nl/vacatures
2026-08-21  OPTELEC  https://www.optelec.be/nl/vacatures/
2026-08-21  OPTIMCO  https://www.optimco.be/nl/jobs
2026-08-21  OPTIMA-COOL  https://www.optimacool.be/nl/jobs
2026-08-21  OPTITEAM  https://optiteam.be/379-splice-job
2026-08-21  OQEMA  https://oqema.com/group/en/career
2026-08-21  ORAC  https://jobs.oracdecor.com/
2026-08-21  OPTION TAPE SPECIALTIES  https://www.optiontapespecialties.com/nl/vacature/
2026-08-21  ORBIX  https://www.orbix.be/nl/node/5
2026-08-21  ORFFA BELGIUM  https://jobs.orffa.com/
2026-08-21  ORINSO  https://www.velde.nl/vacature/accountmanager-orinso-orn261/
2026-08-21  ORKA  https://www.orka.pro/jobs
2026-08-21  ORONA  https://www.orona-group.com/int-en/job-offers/
2026-08-21  ORTHOBILITY  https://orthobility.be/vacatures/
2026-08-21  ORTHROS  https://orthros-medical.com/orthros-medical-offers-antibody-opportunity-to-animal-health-collaborators/
2026-08-21  OSCART GROUP  https://www.oscart.eu/nl/vacatures
2026-08-21  OTIS  https://www.otis.com/en/us/careers
2026-08-21  OTTO OFFICE (BE)  https://jobs.otto-office.com/persis/public?fn=bm.ausschreibungsuebersicht&cfg_kbez=Internet
2026-08-21  OUT OF USE  https://outofuse.be/nl/jobs
2026-08-21  OTTEVAERE BOUWMATERIALEN  https://www.ottevaere.be/jobs
2026-08-21  OVERSEAS DISTRIBUTION COMPANY  https://overseas.be/careers/
2026-08-21  OST BELGIUM  https://www.ostbelgium.be/jobs
2026-08-21  Objectway  https://objectway.com/careers/
2026-08-21  Olivier Bricks  https://olivier.be/jobs
2026-08-21  OYSTERSHELL  https://www.oystershell.com/careers/
2026-08-21  Olivier Transport  https://www.olivierconstruct.be/vacatures
2026-08-21  Okay City  https://www.okay.be/nl/over-okay/werken-bij-okay
2026-08-21  On Time Distribution  https://www.ontime.be/jobs/
2026-08-21  Ooms  https://www.ooms.be/vacatures
2026-08-21  Oostmalle Cars  https://www.malle.be/jobbeurs%20-%202026
2026-08-21  On IT Corp & Gov  https://weareonit.com/smb/vacatures/
2026-08-21  OptiCom International  https://www.opticom.international/nl-be/vacatures
2026-08-21  Orise  https://orise.com/career/
2026-08-21  Oud Papier Jozef Michel  https://oudpapiermichel.be/vacatures/
2026-08-21  Otary RS  https://jobs.otary.be/nl
2026-08-21  Orion Laser Tech  https://www.orionlasertech.com/jobs/
2026-08-21  Ovobel  https://ovobel.com/career/
2026-08-21  P. VERDOODT  https://www.pverdoodt.eu/vacatures
2026-08-21  P.B. SNACKS  https://pbsnacks.be/Vacatures
2026-08-21  P.B. PROJECTS  https://pb-projects.nl/vacatures/?fwp_vakgebied=bouw
2026-08-21  P.D.C. BRUSH  https://www.pdcbrush.be/nl/jobs
2026-08-21  P.V.S  https://www.pvschemicals.be/about/careers/
2026-08-21  PACKO  https://packo.com/nl/nieuws/Nieuw-e-mailadres-voor-sollicitaties-jobs.packo.be-verder.com
2026-08-21  PACORINI ANTWERP  https://www.renault-trucks.be/fr-be/l/travailler-chez-renault-trucks-belux
2026-08-21  PAESEN BOUWEXPO  https://www.paesen.be/jobs/
2026-08-21  PAGE ELECTRONICA  https://page.be/electronica/vacature/
2026-08-21  PALMYRA BRANDS  https://www.palmyrabrands.com/jobs
2026-08-21  PAMO METAALCONSTRUCTIES & ENGINEERING  https://pamo-metaal.be/vacatures
2026-08-21  PANDAVA  https://pandava.com/nl/jobs/
2026-08-21  PANELTIM  https://paneltim.com/nl/jobs
2026-08-21  PANDROL  https://www.pandrol.com/about-us/careers/
2026-08-21  PANTOON  https://www.pantoon.be/nl/vacatures
2026-08-21  PARAGON TECHNOLOGIES EUROPE  https://www.paragontech.be/nl/vacatures
2026-08-21  PARMENTIER AUTOBUS  https://parmentierautobus.be/vacatures/
2026-08-21  PARREIN  https://www.parreinnv.be/nl/nieuws/vacature-servicetechnieker-landbouwmachines1
2026-08-21  PAS  https://pasbv.nl/vacatures/
2026-08-21  PARTS EXPRESS  https://partsexpress.eu/vacatures/
2026-08-21  PARKD  https://parkd.com/nl/werken-bij-parkd/
2026-08-21  PARTOOL  https://partool.be/jobs/
2026-08-21  PASFROST  https://www.pasfrost.be/nl/passie-voor-voeding
2026-08-21  PATROBA  https://patrobabakeries.com/jobs/
2026-08-21  PASCO  https://www.pascogifts.com/nl/vacatures/vacature-grafisch-vormgever-orderbegeleider
2026-08-21  PATS  https://www.pats-drones.com/career
2026-08-21  PATRONALE SOLAR  https://energysolutionsgroup.be/carrieres/
2026-08-21  PATTYN BELGIUM  https://www.pattyn.com/en/careers
2026-08-21  PAUWELS  https://jobs.pauwels-sauces.com/index.aspx
2026-08-21  PBS Belgium  https://pbsbenelux.com/nl/werken-bij-pbs/
2026-08-21  PEETERS KAREL  https://encyclopedievlaamsebeweging.be/nl
2026-08-21  PEMA TECHNICS  https://www.pematechnics.be/jobs/
2026-08-21  PELEMAN INDUSTRIES  https://jobs.peleman.com/en
2026-08-21  PEGASUS  https://pegasusgroup.be/vacatures/accountancy
2026-08-21  PENNE  https://www.penne.be/jobs/
2026-08-21  PCS Innotec International  https://www.innotec.eu/oth/en/welcome
2026-08-21  PERFECT-ID  https://www.perfectid.be/vacatures?lang=en
2026-08-21  PEPPERL + FUCHS  https://www.pepperl-fuchs.com/en-us/career-gp25551
2026-08-21  PERSYN  https://jobs.persyn.be/nl
2026-08-21  PERFECTA  https://www.perfecta.be/nl/jobs-perfecta
2026-08-21  PETISSIMO  https://shipgerman.com/about/jobs
2026-08-21  PETRA  https://www.transportpetra.be/vrije-vacature/
2026-08-21  PFIZER MANUFACTURING BELGIUM  https://www.pfizer.be/nl/careers
2026-08-21  PFP LOGISTICS  https://www.pfplogistics.com/careers
2026-08-21  PETROLINK  https://www.petrolink.com/careers/
2026-08-21  PGZ RETAIL CONCEPT  https://pgzinternational.com/vacatures/
2026-08-21  PI PHARMA  https://www.pipharmaintelligence.com/careers
2026-08-21  PIESSENS ELECTRO INDUSTRIE  https://piessenselectro.com/wie-wij-zijn/onze-openstaande-vacatures/
2026-08-21  PIPELIFE BELGIUM  https://www.pipelife.be/hashtag/career.html
2026-08-21  PIET ANDRIES  https://www.pietandries.be/vacatures/
2026-08-21  PITTMAN SEAFOODS  https://www.pittmanseafoods.com/nl/jobs-6.htm
2026-08-21  PIPELINK  https://www.pipelink.eu/jobs-spontaneous-application/
2026-08-21  PLANQUETTE  http://planquette.be/nl/vacatures
2026-08-21  PLANON  https://planonsoftware.com/us/careers/
2026-08-21  PLANTEC  https://plantec.be/jobs
2026-08-21  PLANBUREAU  https://www.plan.be/nl/jobaanbiedingen
2026-08-21  PLANT  https://www.plantselect.be/werken-bij/
2026-08-21  PLANTYN  https://werkenbijplantyn.com/
2026-08-21  PLASTEC  https://www.plastec.be/nl/vacatures
2026-08-21  PLASTIC COLOR  https://www.kaisergroup.com/en-GROUP/c/Careers/
2026-08-21  PLASTIEK HOFSTADE  https://plastiekhofstade.be/jobs/
2026-08-21  PLAY AV  https://www.playav.be/nl/jobs
2026-08-21  PLOUVIER CHARTERING  https://www.plouvier.be/recruitment/
2026-08-21  PLUIMVEESLACHTERIJ LAMMENS  https://pluimvee.be/nl/advies-en-diensten/vacatures
2026-08-21  PLASTISERVICE DHONT  https://www.plastiservice.com/nl/vacatures
2026-08-21  PLUDIS  https://www.pludis.be/vacatures
2026-08-21  PMT BENELUX  https://www.pmtbenelux.com/wie-zijn-wij/jobs
2026-08-21  PLUKON CONVENIENCE OLEN  https://werkenbijplukon.be/
2026-08-21  POLLET WATER GROUP  https://jobs.polletgroup.com/jobs-for-xprts/
2026-08-21  POCO  https://www.pocoloco.be/
2026-08-21  POLYCASA  https://www.3acomposites-careerseu.com/people-careers
2026-08-21  POM  https://www.pom.be/nl/werken-bij-pom
2026-08-21  POLYPANE GLASINDUSTRIE  https://www.polypane.be/nl/vacatures
2026-08-21  POLYSIERTEGELS  https://www.twinplast.be/jobs/
2026-08-21  POPPIES BAKERIES  https://jobs.poppiesbakeries.com/nl/home/
2026-08-21  POMAX BELGIUM  https://www.pomax.com/nl/content/c_ip_jobs
2026-08-21  POPPELS MEUBELHUIS  https://poppelsmeubelhuis.be/vacatures
2026-08-21  POULTEC  https://www.poultec.net/career/en
2026-08-21  POWERPACK  https://www.powerpack.be/nl/Jobs
2026-08-21  PRAYON BENELUX  https://www.prayon.com/en/careers/
2026-08-21  PRACTICAL  https://www.practicali.be/opleiding-wet-tot-versterking-van-het-investeringsklimaat.html
2026-08-21  PREFACO  https://www.prefaco.be/nl/jobs/
2026-08-21  PREFAB JANSSEN  https://bouwbedrijf-janssen.be/vacatures/
2026-08-21  POMME  https://souvenirsdepomme.be/careers/
2026-08-21  PRESA  https://www.presa.com/nl/job
2026-08-21  PRENUPTIA  https://www.prenuptia.be/vacatures
2026-08-21  PORTUGAELS & PARTNERS  https://www.portugaelsverzekeringen.be/vacatures/
2026-08-21  PRIMMO BEAUTY SERVICES  https://www.primmobeautyservices.be/nl/vacatures
2026-08-21  PRICE & QUALITY FINANCIAL SERVICES  https://www.p-q.be/vacatures/
2026-08-21  PRIVA BUILDING INTELLIGENCE  https://careers.priva.com/
2026-08-21  PROCEPT  https://procept.be/contact-us/job-vacancies/
2026-08-21  PRODITO  https://www.prodito.eu/vacatures/
2026-08-21  PRINTING INTERNATIONAL  https://www.printinginternational.com/jobs-bij-printing-international/
2026-08-21  PROFERRO  https://www.proferro.be/nl/carriere/werken-bij-proferro
2026-08-21  PROFICE FURNITURE  https://benofice.be/jobs/
2026-08-21  PROCOPIA  https://procopia.be/jobs
2026-08-21  PROF PRAXIS  https://prof-praxis.com/jobs/
2026-08-21  PROGRA  https://progra.be/jobs/
2026-08-21  PROSAFCO  https://www.prosafco.be/over-ons/werken-bij-prosafco
2026-08-21  PROTEAS VERZEKERINGEN  https://proteas.be/vacatures/
2026-08-21  PSA BDP  https://psabdp.com/careers/employee-experience
2026-08-21  PROTIME  https://careers.protime.eu/
2026-08-21  PROVAN  https://www.provan.be/nl/vacatures
2026-08-21  PUNCH METALS  https://www.punchmetals.com/vacature/onderhoudstechnieker-storingstechnieker/
2026-08-21  PURATOS  https://www.puratos.be/nl/overpuratos/jobs
2026-08-21  PUNCH POWERTRAIN  https://punchpowertrain.com/career/
2026-08-21  PanTera  https://pantera-life.com/career/
2026-08-21  PartiX  https://partix.be/careers/
2026-08-21  Paulig Belgium  https://www.pauliggroup.com/careers
2026-08-21  Patient Transport Systems  https://www.ptsbelgium.be/job-openings/
2026-08-21  PcR.com  https://www.pcr.com/careers/
2026-08-21  Pauwels Transformers  https://jobs.pauwels.com/nl
2026-08-21  PentaS  https://www.pentas.be/vacatures/
2026-08-21  PeopleWare  https://www.peopleware.be/jobs/
2026-08-21  Pidy Gourmet  https://www.carrieres.biscuits-bouvard.com/offre-de-emploi/liste-offres.aspx
2026-08-21  Philips Constant  https://philipsconstant.com/vacatures/
2026-08-21  Pietercil Delbys  https://pietercilfoodservice.com/be-nl/node/888
2026-08-21  Pelican Rouge  https://www.pelicanrougecoffeeroasters.com/en/careers
2026-08-21  Pioneer Europe  https://pioneer-car.eu/about-pioneer/jobs
2026-08-21  Plastivan  https://www.plastivan.com/nl/jobs/
2026-08-21  Play  https://www.playmedia.be/werken-bij-play
2026-08-21  PnS  https://pns-nv.be/vacatures/
2026-08-21  Polteq Test Services  https://www.polteq.com/werken-bij/vacatures/
2026-08-21  PolyVision  https://polyvision.com/company/careers/
2026-08-21  Polygon Belgium  https://www.polygongroup.com/about-us/career/
2026-08-21  Polca  https://www.polca.be/jobs/
2026-08-21  Port of Limburg  https://www.portoflimburg.eu/vacatures/
2026-08-21  Prima-Lux  https://www.primalux.be/praktisch/jobs
2026-08-21  Polywave  https://polywave.eu/careers/
2026-08-21  Priority Software Belgium  https://www.priority-software.com/nl/jobs/
2026-08-21  Protealis  https://www.protealis.com/nl/carriere-nl
2026-08-21  Psicontrol  https://www.psicontrol.com/nl/carriere/werken-bij-psicontrol
2026-08-21  Puratos Taiwan  https://www.puratos.com/careers/puratos-magic
2026-08-21  Purna Pharmaceuticals  https://www.purna.be/nl/jobs-2/
2026-08-21  Q & O VERZEKERINGEN  https://www.qeno.be/vacatures
2026-08-21  ELIMITY  https://elimity.com/career
2026-08-21  FERN VALLEY  https://fern-valley.com/job-listing/
2026-08-21  HERFURTH LOGISTICS  https://herfurth-logistics.com/top/Jobs
2026-08-21  Hammer-IMS  https://maetwerk.vanhavermaet.be/
2026-08-21  IMPERMO - STULTJENS  https://impermojobs.be/
2026-08-21  J-Tec Material Handling  https://j-tec.com/careers/
2026-08-21  JACOBS TRANSPORT  https://www.jacobstransport.be/vacatures/
2026-08-21  KATOEN NATIE CUSTOMS SERVICES  https://consumergoods-industry.katoennatie.com/careers/
2026-08-21  KDS  https://kds.be/jobs/
2026-08-21  LAEREMANS GEERT  https://laeremansgeert.be/vacatures/
2026-08-21  LDH  https://ldh-trans.be/vacatures/
2026-08-21  MAIS AUTOMATISERING  https://www.mais.be/nl/vacature.htm
2026-08-21  MENTALLY FIT INSTITUTE  https://mentallyfit.global
2026-08-21  METAALCONSTRUCTIE VANDERSCHEUREN  https://www.vanderscheuren.be/jobs/
2026-08-21  MODULYSS  https://www.belysse.com/en/careers
2026-08-21  MONUMENT LOGISTICS  https://jobs.monument.be/nl
2026-08-21  MORO  https://moro-essentials.com/nl/pages/career
2026-08-21  NICOLAI FRUIT  https://www.nicolaifruit.be/2023/10/vacature-commercieel-verantwoordelijke_11.html
2026-08-21  Pavan  https://pavan.be/jobs/
2026-08-21  Solv  https://www.solv.world/nl/jobs
2026-08-21  Q-Logistics  https://q-logistics.be/jobs
2026-08-21  Q2C  https://q2c.be/Home/Jobs
2026-08-21  QAELUM  https://qaelum.com/about-us/career
2026-08-21  Q- FOOD  https://www.q-food.be/nl/vacatures
2026-08-21  QLEVR  https://www.qlevrcompany.com/careers
2026-08-21  QBUS  https://www.qbus.be/nl/jobs
2026-08-21  QUAX  https://www.quax.eu/jobs
2026-08-21  Quaestor Vermogensbeheer  https://www.quaestor.be/talent
2026-08-21  R. & L. Boddin  https://www.rlboddin.be/nl-be/info/vacature.aspx
2026-08-21  RAAMWINKEL  https://www.raamwinkel.be/nl/vacatures
2026-08-21  RADAR AUTOMATION  https://www.demolenaar.nl/vacatures/
2026-08-21  RADIANT COLOR  https://radiantcolor.com/careers/
2026-08-21  RAES PHARMACEUTICAL LOGISTICS  https://raeslogistics.com/jobs/
2026-08-21  RAFF PLASTICS  https://raffplastics.be/nl/jobs
2026-08-21  RAFFINERIE TIRLEMONTOISE  https://www.tiensesuikerraffinaderij.com/jobs
2026-08-21  RAILPORT ANTWERPEN  https://jobs.infrabel.be/?locale=nl_NL
2026-08-21  RAILTRAXX  https://railtraxx.be/vacatures/
2026-08-21  RANDSTAD HR SOLUTIONS  https://www.randstad.be:443/werknemers/jobs/
2026-08-21  RALET  https://www.ralet.be/pages/jobs
2026-08-21  RANTOUR  https://rantour.be/nl/jobs-autocarchauffeur
2026-08-21  RATIONAL BELGIUM  https://rational.be/over-ons/vacatures
2026-08-21  RAJO  https://rajo.be/vacature-all-round-technisch-medewerker/
2026-08-21  RDW  https://www.werkenbijderdw.nl/vacatures/
2026-08-21  RDL ENGINEERING  https://rdl-engineering.com/jobs/
2026-08-21  REAZN BELGIUM  https://www.reazn.com/jobs/
2026-08-21  REAL CORPORATION  https://werkenbijreal.be/
2026-08-21  RECTILIM  https://www.rectilim.be/jobs/
2026-08-21  RECYC-OIL  https://www.recyc-oil.be/jobs
2026-08-21  REBUCO  https://www.rebuco.be/vacatures/
2026-08-21  REJO  https://www.rejospices.be/careers
2026-08-21  REMBRANDT  https://www.rma.nl/nl/werken-bij/vacatures/
2026-08-21  REMITRANS  https://remitrans.be/vacatures/
2026-08-21  REMMICOM  https://www.remmicom.be/jobs/
2026-08-21  RENIER NATUURSTEEN  https://renier.be/vacatures-2/
2026-08-21  RENOLIT BELGIUM  https://www.renolit.com/nl/carriere
2026-08-21  RENIKA  https://www.renika.be/vacatures
2026-08-21  RESATEC  https://www.resatec.be/jobs/
2026-08-21  REUSE  https://reusetrading.be/careers/
2026-08-21  RENTEC  https://www.rentec.be/nl/jobs
2026-08-21  REVIMAXX  https://revimaxx.com/jobs
2026-08-21  REVOIR PARIS  https://revoirparis.be/vacatures
2026-08-21  REYNCHEMIE  https://www.reynchemie.com/vacatures
2026-08-21  RICOH BELGIUM  https://www.ricoh.be/jobs/
2026-08-21  RIMAC  https://careers.rimac-group.com
2026-08-21  RI.PA. BELGIUM  https://www.ripa.be/jobs/
2026-08-21  RINDUS  https://www.rindus.be/nl/vacatures
2026-08-21  RIO TINTO DIAMONDS  https://www.riotinto.com/en/operations/anz/rio-tinto-into/into-wa-jobs
2026-08-21  REXEL BELGIUM  https://rexel.be/jobs/
2026-08-21  RISCO GROUP  https://riscogroup.com/en/careers/
2026-08-21  RITTAL  https://www.rittal.com/nl-nl
2026-08-21  ROBA  https://www.robametals.com/nl/werken-bij-roba/
2026-08-21  ROBOJOB  https://robojob.eu/nl/over/wie-zijn-wij/over-robojob/
2026-08-21  RICHA  https://www.richa.eu/careers/
2026-08-21  ROBOSOFT  https://robosoft.be/en/careers
2026-08-21  ROCKWOOL Belgium  https://www.rockwool.com/north-america/about-us/careers/
2026-08-21  ROBYN VERZEKERINGEN  https://www.robynverzekeringen.be/nieuws/vacature-specialist-verzekeringen
2026-08-21  ROEFS  https://roefsnv.be/over-ons/vacatures/
2026-08-21  ROCHE DIAGNOSTICS BELGIUM  https://careers.roche.com/global/en/search-results?qcountry=Belgium
2026-08-21  ROGER MAES  https://www.overnamemarkt.be/kopen/overname-van-een-uniek-welzijnsconcept-en-of-handelsruimte-op-toplocatie-in-brussel
2026-08-21  ROLTEX  https://roltex.com/jobs
2026-08-21  ROMBIT  https://rombitsolutions.com/jobs/
2026-08-21  ROMED  https://jobs.romed.be/
2026-08-21  ROMETA  https://www.rometa.com/vacatures/
2026-08-21  RONOH  https://www.ronoh.be/vacatures/
2026-08-21  ROPA  https://ropa.be/nl/jobs
2026-08-21  ROSANTRA  https://rosantra.be/vacatures/
2026-08-21  ROPAMATE INTERNATIONAL  https://ropamate.com/werken-bij-ropamate_2
2026-08-21  ROTRA AIR & OCEAN  https://rotra.eu/vacatures
2026-08-21  ROUX  https://rouxnv.be/vacatures/
2026-08-21  ROVASAC  https://rovasac.eu/nl/vacatures/
2026-08-21  ROWIL  https://www.rowil.be/vacatures/
2026-08-21  RUCON VENTILATOREN  https://www.rucon.be/vacatures
2026-08-21  RUMSTSE METAALHANDEL  https://rumstsemetaalhandel.be/jobs/
2026-08-21  RUSSELL FINEX NV  https://www.russellfinex.com/en/about-russell-finex/careers/
2026-08-21  RYDOO  https://www.rydoo.com/company/careers/
2026-08-21  Rabotvins  https://www.rabotvins.com/jobs
2026-08-21  Radius Business Solutions (Belgium)  https://www.radius.com/en-us/careers/
2026-08-21  RYCOBEL  https://www.rycobel.com/jobs
2026-08-21  Ravago Building Solutions Belgium  https://ravagobuildingsolutions.com/career/
2026-08-21  Ramencentrum Van Hecke  https://www.ramenvanhecke.be/jobs
2026-08-21  RUITERSWEELDE  https://www.ruitersweelde.be/index-nl.aspx
2026-08-21  Remeha  https://www.remeha.be/werken-bij-remeha
2026-08-21  Remi Claeys Aluminium  https://remiclaeys.com/jobs/
2026-08-21  Re:Source  https://www.resourcenv.be/en/job-openings/
2026-08-21  Renatex  https://www.renatex.be/nl/vacatures
2026-08-21  Rentio  https://www.rentio.be/nl-be/over-rentio
2026-08-21  Redwire Space  https://rdw.com/careers/
2026-08-21  RetailSonar  https://www.retailsonar.com/en/jobs
2026-08-21  Revive Fund Management  https://www.revive.be/jobs/
2026-08-21  Rexnord  https://careers.regalrexnord.com/en/
2026-08-21  Rezinal  https://www.rezinal.be/en/careers
2026-08-21  Recinco  https://recinco.be/vacatures/
2026-08-21  Rent-All België  https://workatrentall.com/
2026-08-21  Rijmenants  https://www.werkenbijrijmenants.be/
2026-08-21  Rima  https://rima-transport.com/nl/jobs
2026-08-21  Rf TECHNOLOGIES  https://www.rft.eu/nl-be/pagina/over-rf-t/jobs
2026-08-21  Rhenus High Tech  https://www.rhenus.group/career/
2026-08-21  Ring Multi  https://www.amazon.jobs/content/en/teams/devices-services/ring
2026-08-21  Robbe Industries  https://robbe-industries.be/jobs/
2026-08-21  ROSENBERG BELGIUM  https://www.rosenberg.be/jobs
2026-08-21  Renewi  https://careers.renewi.com/nl-nl/
2026-08-21  Roevens  https://www.roevens-tegel.be/vacatures
2026-08-21  Rosy Blue  https://www.rosyblue.com/careers/
2026-08-21  Roger Lammertyn  https://www.lammertyn.com/jobs
2026-08-21  Roland DG EMEA  https://www.rolanddg.eu/en/company/careers
2026-08-21  RÖCHLING AUTOMOTIVE GIJZEGEM  https://jobs.roechling.com/
2026-08-21  S&P Belgium  https://www.solerpalau.com/en-en/career-portal
2026-08-21  S.A. NOVO NORDISK PHARMA N.V  https://www.novonordisk.be/careers/job-agent.html
2026-08-21  S.C.E  https://www.sce.be/en/careers
2026-08-21  S.T.F  https://stf-gruppe.softgarden.io/de/vacancies
2026-08-21  S.L.V  https://www.slv.com/de/jobs
2026-08-21  S.T.A.R  https://star-specialists.com/jobs/
2026-08-21  SAC O2  https://saco2.com/jobs/jobs-administratief-medewerker/
2026-08-21  SABCA LIMBURG  https://www.sabca.be/careers/
2026-08-21  SABLE  https://www.bluecluster.be/calendar/blue-bastion-demo-research-calls-information-session
2026-08-21  SADEL  https://www.sadel.be/openstaande-vacatures/
2026-08-21  SAEY  https://saeysteel.com/nl/jobs
2026-08-21  SAELENS INTERTRANSPORT  https://www.sitra-group.com/nl/jobs
2026-08-21  SACOAIR  https://www.sacoair.com/en/jobs
2026-08-21  SANDERS  https://www.sandersparts.be/nl/vacancies
2026-08-21  SABIC BELGIUM  https://www.sabic.com/en/careers
2026-08-21  SAN MARINO  https://careers.bierensgroup.com/
2026-08-21  SANICOMFORT  https://sanicomfort.be/pagina/vacatures/
2026-08-21  SAMSON  https://jobs.samsongroup.com/
2026-08-21  SANOFI BELGIUM  https://jobs.sanofi.com/en
2026-08-21  SANTENS GROEP  https://santens.be/nl/vacatures
2026-08-21  SAPIM  https://sapim.eu/careers/
2026-08-21  SANYTRANS  https://sany.be/en/careers
2026-08-21  SCALDIS SALVAGE & MARINE CONTRACTORS  https://www.scaldis-smc.com/en/careers/
2026-08-21  SCAN GLOBAL LOGISTICS  https://career.scangl.com/home-page
2026-08-21  SCHELFHOUT  https://www.schelfhout-beton.be/nl/jobs/
2026-08-21  SCHELLAERT  https://www.schellaert.be/vacatures
2026-08-21  SCHILLEBEECKX  https://schillebeeckx.be/jobs
2026-08-21  SCHIETSE  https://www.schietse.com/vacatures/
2026-08-21  SCHEPERS VLEESBEDRIJF  https://www.werkenbijgroupofbutchers.com/
2026-08-21  SCHOENEN REYSKENS  https://reyskensorthopedie.be/jobs/
2026-08-21  SCHINDLER  https://job.schindler.com/Schindler/search/?q=&locationsearch=&optionsFacetsDD_country=BE&locale=nl_NL
2026-08-21  SCHEPENS VERPAKKINGEN  https://schepens-nv.be/vacatures/
2026-08-21  SCHUNK INTEC  https://schunk.com/be/nl/carriere/werken-bij-schunk
2026-08-21  SCT  https://sct.be/nl/jobs
2026-08-21  SCOTT Sports BeLux  https://careers.ssg-service.com/
2026-08-21  SCIA  https://www.scia.net/en/about-us/scia-careers-jobs
2026-08-21  SCHRIERS  http://www.schriers.be/vacatures.html
2026-08-21  SDPlastics  https://www.sdplastics.be/Vacatures.html
2026-08-21  SEA-RAIL  https://railmarket.com/jobs
2026-08-21  SDM PROJECTS  https://sdm-projects.be/jobs/
2026-08-21  SCP BENELUX  https://www.piscinedesign.be/vacatures
2026-08-21  SEABIRD INTERNATIONAL SHIPPING  https://seabird.be/en/career/
2026-08-21  SEALOGIS FREIGHT FORWARDING BELGIUM  https://sealogisfreightforwardingbelgium.be/news/forwarding-agent-the-best-job-in-the-world
2026-08-21  SDS PARTNERS  https://www.sdspartners.be/nl-be/jobs
2026-08-21  SCHRAUWEN SANITAIR EN VERWARMING  https://www.badkamerrenovatiegids.be/
2026-08-21  SECULUX  https://www.seculux.be/jobs/
2026-08-21  SEAVIEW  https://www.belgiancoast.net/careers/
2026-08-21  SECURITAS ACADEMY  https://www.securitas.be/jobs-opleidingen/werken-bij-securitas/
2026-08-21  SEATS AND SOFAS  https://www.werkenbijseatsandsofas.be/
2026-08-21  SECUROAD  https://www.securoad.be/nl/jobs
2026-08-21  SEBA SERVICE  https://seba.be/jobs/
2026-08-21  SELIS AMUSEMENT GAMES  https://cafespelen-selis.be/jobs
2026-08-21  SENTIANCE  https://sentiance.com/company
2026-08-21  SEPTENTRIO  https://www.belgiuminspace.be/nieuws/belgische-ruimtevaartbedrijven/op-zoek-naar-een-job-in-de-ruimtevaart.html
2026-08-21  SEEGERS BETON  https://www.seegersgroep.be/vacatures/
2026-08-21  SENSA INTERIEUR  https://www.riemst.be/vacatures
2026-08-21  SERIS Logistics  https://www.seris.be/nl/jobs
2026-08-21  SERVICE - HYDRO  https://www.at-aandrijftechniek.nl/vacatures/
2026-08-21  SGS BELGIUM  https://www.sgs.com/en/our-company/careers-at-sgs
2026-08-21  SHOWPAD  https://www.showpad.com/careers
2026-08-21  SHIPEX  https://shipex.be/en/jobs/
2026-08-21  SGI Compliance  https://sgicompliance.be/careers/
2026-08-21  SIDEC  https://sidec.eu/jobs/
2026-08-21  SIEMENS HEALTHCARE  https://www.siemens-healthineers.com/careers
2026-08-21  SICURANT  https://architectura.be/nl/vacatures/
2026-08-21  SIEMENS INDUSTRY SOFTWARE  https://www.siemens.com/nl-nl/company/jobs/
2026-08-21  SIGASI  https://www.sigasi.com/jobs/
2026-08-21  SIGN & DISPLAY  https://signdisplay.be/werken-bij-sign-display/
2026-08-21  SIKA BELGIUM  https://bel.sika.com/nl/carriere.html
2026-08-21  SIGNIFY BELGIUM  https://www.signify.com/en-us/careers
2026-08-21  SICK  https://jobs.sick.com/
2026-08-21  SILMACO  https://silmaco.com/en/jobs
2026-08-21  SILENT GLISS BENELUX  https://www.silentgliss.be/nlbe/wie-zijn-wij/carriere/
2026-08-21  SIMAR  https://simar.nl/simar/werken-bij-simar/
2026-08-21  SIGNATURE FOODS BELGIUM  https://signaturefoodsbelgium.be/nl/vacatures
2026-08-21  SIRVA  https://www.sirva.com/company/careers
2026-08-21  SISA  https://sisa.be/en/careers
2026-08-21  SKEDLE  https://www.skedle.be/carriere/
2026-08-21  SKIDATA  https://www.skidata.com/career
2026-08-21  SKF LOGISTICS SERVICES BELGIUM  https://www.skf.com/careers
2026-08-21  SKM  https://skm.be/pages/werken-bij-skm
2026-08-21  SKT  https://jobs.skt.be/nl?amp%3Butm_medium=referral&utm_source=skt.be
2026-08-21  SKYLINE COMMUNICATIONS  https://skyline.be/jobs/en
2026-08-21  SKYLUX  https://skylux.eu/pages/jobs
2026-08-21  SKYTANKING  https://www.skytanking.com/career/
2026-08-21  SMART TELECOM  https://smart-telecom-services.com/fr/entreprise/37-jobs
2026-08-21  SKIL  https://www.skileurope.com/nl/zoeken/vacatures?amnoroute
2026-08-21  SMART  https://new.smartbe.be/fr/offres-emploi/
2026-08-21  SMILDE BAKERY  https://www.agrifoodcareer.com/index.php/page/applicants/bb/1/command/forgotpwdform
2026-08-21  SMARTLOG  https://smartlog-group.com/en/smartlog-group/jobs/
2026-08-21  SMITH-BELGIUM  https://www.smith-europe.eu/nl/over-ons/vacatures/
2026-08-21  SMULDERS GROUP  https://jobs.smulders.com/en/home/
2026-08-21  SOBINCO  https://www.sobinco.com/nl/jobs
2026-08-21  SOBEMETAL  https://www.sobemetal.be/vacatures
2026-08-21  SODECO  https://www.sodeco-valves.com/nl/jobaanbiedingen
2026-08-21  SOENEN HENDRIK  https://soenenhendrik.com/jobs
2026-08-21  SMITH & NEPHEW  https://www.smith-nephew.com/en/careers
2026-08-21  SODIKO  https://www.sodiko.be/en/jobs
2026-08-21  SOLEME  https://soleme.be/jobs
2026-08-21  SOENEN TECHNOLOGY  https://www.soenen.com/en/jobs
2026-08-21  SOLID INTERNATIONAL  https://www.solidintl.com/nl/jobs
2026-08-21  SOLITHERM  https://www.solitherm.be/jobs
2026-08-21  SOLIDE  https://jobs.solide.be/nl
2026-08-21  SOLUTIONS4MATERIALS  https://www.solutions4materials.com/NL/werken-bij
2026-08-21  SOMACONSTRUCT  https://somaconstruct.be/NL/vacature/
2026-08-21  SOM-SYSTEMS  https://comalytics.com/black-friday-chaos-or-opportunity/
2026-08-21  SOMFY  https://www.somfy.be/nl-be/over-somfy/vacatures-bij-somfy
2026-08-21  SOLUTIONS IN ENGINEERING  https://www.solutionsinengineering.com/about/careers/
2026-08-21  SOMATI VEHICLES  https://www.somati-vehicles.com/jobs/
2026-08-21  SONEVA  https://sustainablehospitalityalliance.org/get-involved/careers/
2026-08-21  SOMATI FIE  https://jobs.somatifie.be/nl
2026-08-21  SONAL  https://sonal.eu/vacatures/
2026-08-21  SONNEVELD  https://www.sonneveld.be/over-ons/werken-bij-sonneveld/
2026-08-21  SORTBAT  https://jobs.sortbat.be/nl
2026-08-21  SPIN  https://spinspin.be/jobs/
2026-08-21  SPACE APPLICATIONS SERVICES  https://www.spaceapplications.com/careers
2026-08-21  SPORT CITY  https://vacatures.sportcity.nl/
2026-08-21  SPINNEKOP  https://jobs.spinnekop.be/nl
2026-08-21  SPIRAX - SARCO  https://www.spiraxgroup.com/en/life-at-spirax/careers
2026-08-21  SPRANGERS  https://www.bartsprangers.be/vacatures/
2026-08-21  SPUNTINI  https://www.spuntini.be/nl-be/werken-bij-spuntini
2026-08-21  STAAL SERVICE VLAANDEREN  https://vanmeerbeeck.be/jobs/
2026-08-21  SPRAYSTREAM  https://www.spraystream.com/en/jobs
2026-08-21  SSI SCHAFER  https://www.ssi-schaefer.com/en-us/about-us/careers
2026-08-21  SOLVAS FINANCE  https://www.solvas.be/nl/jobs
2026-08-21  STAEDTLER BENELUX  https://www.staedtler.com/intl/en/company/careers/
2026-08-21  STAF CARS  https://www.stafcars.be/jobs/
2026-08-21  STAS  https://stas.jobtoolz.be/nl
2026-08-21  STAXS Belgium  https://www.staxs.eu/careers-at-staxs
2026-08-21  STATAMAT  https://statamat.be/jobs/
2026-08-21  STARFISH  https://www.starfishconsultancy.be/jobs
2026-08-21  ST. PAUL  https://www.st-paul.com/vacancies
2026-08-21  STEFANINI  https://stefanini.com/en/careers-v2/
2026-08-21  STEENBAKKERIJ VANDE MOORTEL  https://brickmakers.be/
2026-08-21  STEINACHER CUSTOM SERVICES  https://scs-customservices.be/nl/jobs.html
2026-08-21  STEFCA KRAANSERVICE  https://www.truck1-nl.be/careers
2026-08-21  STERIGENICS  https://soterahealth.com/careers/
2026-08-21  STAHL  https://www.werkenbijeshuis.com/vacatures/
2026-08-21  STEVENS RECYCLING  https://www.stevensrecycling.be/vacature-polyvalent-arbeider-mv
2026-08-21  STEVENS MEUBEL  https://www.stevensmeubel.be/vacatures
2026-08-21  STEYLAERTS  https://www.steylaerts.be/jobs
2026-08-21  STIGA  https://www.stiga.com/int/careers-privacy-policy
2026-08-21  STIJLBETON  https://www.stijlbeton.be/vacatures
2026-08-21  STONE  https://stone.be/nl/carriere-stone-nv
2026-08-21  STEWAL  https://stewal.com/nl/vacatures
2026-08-21  STORE FOR MORE  https://www.jobapscloud.com/MD/?Keyword=&Loc=&DeptNumber=2401&OccList=&JobType=&KeywordFullText=0
2026-08-21  STOREX  https://www.storex.nl/werken-bij
2026-08-21  STOROPACK BENELUX  https://www.storopack.be/carriere/
2026-08-21  STRAALCO KLEIN  https://www.straalcoklein.be/jobs/
2026-08-21  STOW INTERNATIONAL  https://www.stow-group.com/en/careers/
2026-08-21  STREAM SOFTWARE  https://www.streamsoftware.eu/jobs
2026-08-21  STRATEGICA  https://www.strategica.be/jobs
2026-08-21  STROMAR  https://stromar.be/nl/jobs
2026-08-21  STUDIEBUREEL HEEDFELD  https://sbheedfeld.be/nl/jobs
2026-08-21  STUMABO INTERNATIONAL  https://fam-stumabo.com/jobs/
2026-08-21  STUMACO ENG  https://www.stumaco.be/nl/vacatures
2026-08-21  STUDIO C  https://cafecostume.com/jobs/
2026-08-21  STYL AVIATION  https://www.stylaviation.com/jobs/
2026-08-21  STYLIN ART  https://www.stylinart.be/nl/vacatures
2026-08-21  SUMMA  https://www.summa.com/en-int/jobs
2026-08-21  SUMITOMO BAKELITE EUROPE  https://sbhpp-europe.com/nl/
2026-08-21  SUNNY EUROPE  https://sunny-europe.com/careers/
2026-08-21  SULMON  https://www.sulmon.com/vacatures/
2026-08-21  SUNSTREAM  https://sunstreamservices.com/culture/
2026-08-21  SUNWARD EUROPE HEAVY INDUSTRY  https://sunward.eu/company/career-at-sunward/
2026-08-21  SUMMIT ENGINEERING  https://summitengineering.nl/over-ons/werken-bij/
2026-08-21  SUNWEST  https://www.sunwestaviation.ca/jobs
2026-08-21  SUTTONS INTERNATIONAL  https://www.suttonsgroup.com/careers-at-suttons-group
2026-08-21  SUYS  https://www.suys.eu/be-nl/jobs
2026-08-21  STRYKER  https://careers.stryker.com/
2026-08-21  SVZ Rijkevorsel  https://www.svz.com/careers/
2026-08-21  SVR-ARCHITECTS  https://www.svr-architects.eu/vacatures/
2026-08-21  SWISSPORT CARGO SERVICES BELGIUM  https://www.swissport.com/search?tag=Jobs
2026-08-21  SWINNEN  https://swinnen.be/werken-bij/
2026-08-21  SWISSLOG  https://www.swisslog.com/en-us/careers
2026-08-21  SYA  https://www.sya.be/nl/vacatures
2026-08-21  SYROS  https://syrosnv.com/jobs
2026-08-21  SYNGUARD  https://synguard.be/over-synguard/jobs
2026-08-21  SYNTEGRO  https://www.syntegro.be/oplossingen/jobregistratie
2026-08-21  SYSMEX BELGIUM  https://www.sysmex.nl/onderneming/carriere/werken-bij-sysmex/
2026-08-21  Sanico  https://sanico.eu/werken-bij
2026-08-21  SYSTEMAIR  https://jobs.systemair.com/de
2026-08-21  Sanyo  https://sanyodenki.com/careers/index.html
2026-08-21  Sanos  https://sanosclinic.career.emply.com/home
2026-08-21  Sauter Controls  https://www.sauter-controls.be/entreprise/emplois-et-carriere/
2026-08-21  Scholt Energy  https://careers.scholt.com/
2026-08-21  Schmersal Belgium  https://www.schmersal.be/jobs
2026-08-21  SealEco  https://sealeco.com/career/
2026-08-21  Scheuten Glas Diest  https://www.werkenbijscheuten.com/
2026-08-21  Servatis  https://servatis.be/vacatures-servatis-verzekeringen-en-financiele-producten/
2026-08-21  Service Express  https://serviceexpress.com/careers/
2026-08-21  Sequana Medical  https://www.sequanamedical.com/open-positions/
2026-08-21  ShowTex  https://www.showtex.com/nl/jobs
2026-08-21  Sinari Benelux  https://www.sinari.com/secteur-carrieres
2026-08-21  Signifeye  https://signifeye.be/werken-bij-signifeye/
2026-08-21  Simply the Best  https://www.beatvenues.be/jobs/assistant-stage-manager-stadsschouwburg-antwerpen
2026-08-21  Sitasoft Belgium  https://www.sitasoft.be/jobs.php
2026-08-21  Sligro Food Group Belgium  https://jobs.sligrofoodgroup.com/Netherlands/go/NL_Jobsite_Belgi%C3%AB/9563501/
2026-08-21  Smans  https://supersmans.com/nl/
2026-08-21  Sharp Insurance Brokers  https://sharpinsurance.be/vacatures/
2026-08-21  Snick EuroIngredients  https://www.snick.be/nl/jobs
2026-08-21  Sofico  https://sofico.global/en/careers/career/
2026-08-21  SolidBriQ  https://solidbriq.be/vacatures/
2026-08-21  Soleras Precision  https://solerasprecision.com/vacatures/
2026-08-21  Sonar Architecten  https://sonararchitecten.be/nl/jobs
2026-08-21  Soluz.io  https://www.soluz.io/nl/jobs
2026-08-21  Soncotra  https://soncotra.be/en/vacature-boekhouder-met-doorgroeimogelijkheden
2026-08-21  Smartware  https://www.smartware.fr/jobs/
2026-08-21  Spectricity  https://spectricity.com/about-us/careers/
2026-08-21  Sprint  https://www.sprinttransport.be/vacatures/
2026-08-21  Staltor  https://staltor.eu/nl/vacatures
2026-08-21  Stagobel  https://www.stagobel.be/nl/jobs/
2026-08-21  Steelforce  https://steelforce.eu/jobs
2026-08-21  Starion Technologies  https://www.stariongroup.eu/careers/
2026-08-21  Stavelse Metaalbouw  https://stavelse.be/jobs/
2026-08-21  Standaard Uitgeverij  https://www.standaarduitgeverij.be/vacatures/
2026-08-21  Stevens & C°  https://www.stevenshout.be/vacatures/
2026-08-21  Stoneline  https://www.vakbladdehovenier.nl/zoek.asp?s=vacatures
2026-08-23  EASY RENT TRUCK&TRAILER.LU Sa  https://www.faymonville.com/vacatures/
2026-08-23  BAKKER BELGIUM  https://www.bakkerbelgium.be/Werken-bij-Bakker2
2026-08-23  Bike Republic  https://www.bikerepublic.be/content/werken-bij-bike-republic
2026-08-23  CLEANMAT BELGIUM  https://man-antwerpen.be/jobs
2026-08-23  ESCALA  https://escala.be/portaal-jobsite-escala
2026-08-23  Ergotrics  https://ergotrics.com/jobs/
2026-08-23  FLEUR  https://www.fleurproshop.com/nl/vacatures/
2026-08-23  GOOD N FOOD  https://www.goodnfood.be/nl/jobs
2026-08-23  LIGHTPOINT  https://lightpoint.be/nl-be/vacatures
2026-08-23  Master Meubel  https://master-interior.be/vacatures/
2026-08-23  Metaalbouw Franckaert D  https://metaalbouw-franckaert.be/vacature/
2026-08-23  N.V. CUYPERS  https://cuypers.be/vacatures/
2026-08-23  NESA  https://nesa.be/jobs/
2026-08-23  PETSOLUTIONS  https://www.petsolutions.be/vacatures/
2026-08-23  POINTED  https://www.nextdirect.com/CountrySelect
2026-08-23  Pelikaancars  https://www.pelikaancars.be/vacatures/
2026-08-23  Prato  https://www.prato.be/wetsontwerp-hervorming-flexi-jobs-vanaf-01-07-2026/
2026-08-23  RECUFOOD  https://recufood.be/jobs/
2026-08-23  RIJWIELEN HUGO JACOBS  https://www.rijwielenjacobs.be/vacature-winkelverantwoordelijke/
2026-08-23  ROSSEEL  https://rosseel.be/vacatures
2026-08-23  SADI CLAEYS ASSURDEL  https://www.sadiclaeys.be/nl-be/jobs
2026-08-23  SKY MAN INTERNATIONAL  https://www.sky-man.com/careers/
2026-08-23  SLABINCK  https://www.slabinck.be/vacatures/
2026-08-23  SPECIAL FRUIT  https://www.specialfruit.com/nl/jobs
2026-08-23  STRAALTECHNIEK INTERNATIONAL  https://straaltechniek.net/vacatures/
2026-08-23  Studiebureel J.P.L  https://www.kredietunie.be/jobs
2026-08-23  Studio 100 TV  https://studio100.com/be-nl/werken-bij-studio-100
2026-08-23  Stukwerkers-Havenbedrijf  https://stukwerkers.com/jobs/
2026-08-23  Supergems  https://supergems.com/Prelog/Careers.aspx
2026-08-23  Suivo  https://www.suivo.com/nl/over/jobs/
2026-08-23  Superfruit  https://www.superfruit.be/nl/vacatures
2026-08-23  Swisspearl Belgium  https://jobs.swisspearl.com/
2026-08-23  SupplyStack  https://www.computable.be/2023/06/13/jobs-op-de-tocht-bij-inetum-realdolmen/
2026-08-23  Sylvae Tours  https://sylvae.be/werking-jobs/
2026-08-23  SynPet Circularity Plant Antwerp  https://job.antwerpen.be
2026-08-23  T-MINING  https://www.t-mining.be/jobs
2026-08-23  T.C.R. BELGIUM  https://www.tcr-group.com/careers
2026-08-23  T. DECO  https://rasschaert-deco.be/vacatures/
2026-08-23  T.M.C. BELGIUM  https://www.themembercompany.com/careers
2026-08-23  T.A.E  https://www.tae.be/nl/jobaanbiedingen/599-tae-zoek-technisch-commercieel-afgevaardigde-voor-vlaams-brabant.html
2026-08-23  T.R. ENGINEERING  https://www.tr-engineering.be/p/jobs.html
2026-08-23  TAKEDA BELGIUM  https://www.takeda.com/careers/
2026-08-23  T.W.Z  https://www.twzgroup.be/jobs/
2026-08-23  TABO  https://www.tabo.be/jobs/
2026-08-23  TANGHE  http://electrotanghe.be/nl/pages/jobs/
2026-08-23  T-HL International  https://www.holidayline.be/nl/jobs.html
2026-08-23  TAPISHOP  https://tapishop.be/vacature/
2026-08-23  TAUW BELGIQUE  https://www.tauw.be/werken-bij/
2026-08-23  TAPA FOODS  https://tapafoods.eu/jobs/
2026-08-23  TEBU-BIO  https://careers.werecruit.io/en-gb/tebubio
2026-08-23  TEC  https://www.tec.be/spontane-sollicitatie/
2026-08-23  TECHNICEL  https://www.technicel.com/vacatures/
2026-08-23  TECHNIGROUP  https://technigroup.be/vacatures-in-koeltechniek-hvac/
2026-08-23  TECMO  https://tecmo.be/robojob-2/
2026-08-23  TECHNO SPECIALS  https://www.technospecials.be/nl/vacatures
2026-08-23  TE - GROUP  https://www.computable.nl/2000/01/05/jobs-blijft-aan-bij-bloeiend-apple/
2026-08-23  TEFCO Group  https://tefcogroup.com/fr/carriere/
2026-08-23  TELLA  https://www.tella.com/careers
2026-08-23  TEKNI - PLEX EUROPE  https://www.tekniplex.be/nl/werken-bij-tekniplex/openstaande-vacatures
2026-08-23  TEGELCENTER VANHULLE  https://www.tegelcenter-vanhulle.be/nl/jobs
2026-08-23  TANK OPSLAG VERBEKE  https://tankstorage-antwerp.com/careers/
2026-08-23  TELLURIA  https://telluria.eu/en/jobs
2026-08-23  TEMPAC  https://www.tempac.be/jobs
2026-08-23  TENFORCE  https://www.tenforce.com/career/
2026-08-23  TENDOTOOLS  https://tendotools.com/vacatures/
2026-08-23  TENTE  https://jobs.tente.com/
2026-08-23  TERUMO EUROPE  https://www.terumo-europe.com/en/careers
2026-08-23  TERRA COSA  https://www.verhelstgroup.com/nl/beire-jobs
2026-08-23  TESTAS  https://www.mcbgroup.eu/werken-bij-testas/
2026-08-23  TEXTYLE INTERNATIONAL  https://youngpatterns-fr.be/ambassadeurs/antwerp-fashion-week-une-visite-et-des-conseils-sur-les-jobs/
2026-08-23  TEXFINITY  https://www.texfinity.com/EN/corporate/vacatures
2026-08-23  TEYSSEN  https://www.teyssen.be/flexi-jobs/
2026-08-23  TF Tech  https://tf-tech.be/jobs/
2026-08-23  THALENTO  https://www.thalento.com/en/solutions/manage-talent/career-transition
2026-08-23  THE FASHION OUTLET  https://fashion-outlet.com/vacature
2026-08-23  THE KITCHEN COMPANY  https://thekitchencompany.be/fr/qui-sommes-nous/jobs/
2026-08-23  THE WATERPURIFIER  https://twp.be/vacatures
2026-08-23  THE BELGIAN  https://www.thebelgian.be/werken-bij-the-belgian
2026-08-23  THEA PHARMA  https://theapharma.nl/vacatures/
2026-08-23  THERMOPOL KUNSTSTOFTECHNIEK  https://thermopol.be/vacatures
2026-08-23  THERCON  https://www.thercon.be/nl/jobs
2026-08-23  THE RING RING COMPANY  https://www.ringring.be/nl/vacatures/
2026-08-23  THULE  https://www.thule.com/en-us/about-thule/careers
2026-08-23  TIGRO INDUSTRIES  https://tigro.com/jobs-at-tigro-industries/
2026-08-23  THOEN  https://jobs.groepthoen.be/nl
2026-08-23  THYSSENKRUPP PLASTICS BELGIUM  https://www.thyssenkrupp-plastics.be/nl/vacatures
2026-08-23  TILTECH  https://www.tiltech.be/vacatures
2026-08-23  TIMMERS CRANES AND STEELWORKS  https://www.timmers.be/nl/jobs
2026-08-23  TOKU-E EU  https://toku-e.com/careers/
2026-08-23  TOOLSEN  https://toolsen.be/jobs
2026-08-23  TK Home Solutions  https://www.tke-homesolutions.be/be-nl/vacatures/
2026-08-23  TOMAX  https://tomax.io/career/
2026-08-23  TLS  https://www.tls-international.be/vacatures/
2026-08-23  TOP CREATIES  https://careers.trustedshops.com/
2026-08-23  TOP INTERIEUR  https://www.topinterieur.be/vacatures
2026-08-23  TOPLAS  https://toplas.be/vacatures/
2026-08-23  TOPTECH SYSTEMS  https://idexcorporation.jobs/jobs/?q=toptech+systems
2026-08-23  TOSOH EUROPE  https://tosoheurope.com/careers
2026-08-23  TOPS  https://topsvending.be/vacatures/
2026-08-23  TORFS L  https://www.torfs.be/nl/jobs
2026-08-23  TOPS FOODS  https://jobs.topsfoods.com/
2026-08-23  TORSON  https://torson.be/jobs/
2026-08-23  TRACOM  https://tracom.com/about-us/careers
2026-08-23  TOYOTA TSUSHO EUROPE  https://toyota-tsusho-europe.com/career
2026-08-23  TOYOTA MATERIAL HANDLING BELGIUM  https://toyota-forklifts.be/werken-bij-toyota/
2026-08-23  TQ PROJECTS  https://www.ceusters.be/nl/vacatures
2026-08-23  TOUCHPOINT MEDICAL  https://jobs.touchpointmedical.eu/nl
2026-08-23  TRADECC  https://tradecc.be/jobs/
2026-08-23  TRADIMEX  https://www.tradimex.lu/en/jobs/
2026-08-23  TRANSMARE CHEMIE  https://www.transmare.com/careers/
2026-08-23  TRANSPORT DE MEUTER  https://demeuter.be/vacatures/index.html
2026-08-23  TRANSJOINT  https://www.peoplesdriving.com/nl
2026-08-23  TRANSPORT DESMET - NAERT  https://desmet-naert.be/chauffeur-ce-kooiaap-west-vlaanderen/
2026-08-23  TRANSPORT DE VREESE  https://www.devreesetransport.be/nl/jobs
2026-08-23  TRANSPORT L. JANSSENS  https://ljanssens.be/vacatures/
2026-08-23  TRANSPORT TH. WOUTERS  https://transportwouters.be/careers/
2026-08-23  TRANSPORT DEBROUWER  https://www.transport-debrouwer.be/language_selection_page?destination=/vacatures
2026-08-23  TRANSPORT VAN HEYSTE  https://www.vanheyste.be/nl/jobs
2026-08-23  TRANSPORT VAN RENTERGHEM INTERNATIONAAL  https://trans-tvr.be/vacatures/
2026-08-23  TRANSPORT VEDROVA  https://www.vedrova.be/jobs/
2026-08-23  TRANSPORTBETON DE BEUCKELAER  https://www.transportbeton.be/jobs
2026-08-23  TRANSPORT VAN APEREN  https://www.transportvanaperen.be/vacatures/
2026-08-23  TRES  https://werkenbijtres.nl/vacatures
2026-08-23  TRIC  https://tric.be/vacatures/
2026-08-23  TRESCAL  https://www.trescal.be/carrieres/wat-is-kalibratie/
2026-08-23  TRANSUNIVERSE Forwarding  https://www.transuniverse.be/contact/jobs/
2026-08-23  TRAVADRI  https://www.travadri.com/nl/vacature-chauffeur-ce-nacht
2026-08-23  TRIPPAERS  https://www.trippaers.com/jobs
2026-08-23  TRISTEL  https://tristel.com/careers/
2026-08-23  TRIFERTO BELGIUM  https://www.triferto.eu/nl/organisatie/werken-bij
2026-08-23  TRISLOT  https://trislot.be/jobs/
2026-08-23  TRIUM  https://www.trium.be/nl/jobs/
2026-08-23  TROTEC  https://www.trotec.be/nl/werken-bij-trotec
2026-08-23  TROMP MEDICAL  https://www.trompmedical.com/nl-be/werken-bij/
2026-08-23  TUINCENTER LISSENS  https://tuincenterlissens.be/jobs
2026-08-23  TUBOBEL AQUA  https://tubobel.group/vacatures/
2026-08-23  TRUSTTEAM  https://Jobs.trustteam.eu/nl
2026-08-23  TUSK IC  https://tusk-ic.com/careers/
2026-08-23  TUCANA  https://www.tucana.com/company/career/
2026-08-23  TUYTELAERS  https://www.tuytelaers.be/nl/wie-zijn-we/vacatures/
2026-08-23  TWIKIT  https://twikit.com/careers/
2026-08-23  TURBULENT  https://www.turbulent.be/jobs
2026-08-23  TVH PARTS  https://jobs.tvh.com/en
2026-08-23  TRIDEL  https://www.tridel.com/about-tridel/careers/
2026-08-23  TYPHOON  https://typhoon.be/jobs
2026-08-23  TVM brokerage  https://www.tvm.be/nl/over-tvm/werken-bij-tvm/vacatures
2026-08-23  TWINS VERVOER  https://www.twinsvervoer.be/nl/jobs
2026-08-23  Talkpool  https://talkpool.com/career/
2026-08-23  Tankterminal  https://www.tankterminal.be/vacatures/
2026-08-23  Technogas  https://technogas.be/jobsv12.html
2026-08-23  Teamleader  https://careers.teamleader.eu/
2026-08-23  Tereos Starch & Sweeteners Belgium  https://tereosaalst.be/jobs-2/
2026-08-23  Terranova Hydrogen  https://www.waterstofnet.eu/nl/home/vacatures
2026-08-23  Teva Pharma Belgium  https://www.tevabelgium.be/en/career/
2026-08-23  Texprofin  https://www.texprofin.com/jobs
2026-08-23  The House of Finance  https://houseofhr.com/your-career
2026-08-23  The Compost Bag Company  https://compostbag.eu/jobs/
2026-08-23  ThorbiQ  https://thorbiq.com/vacancies/
2026-08-23  Thiry Paints  https://www.thirypaints.be/vacatures
2026-08-23  Theo Coertjens International  https://coertjens.be/nl/vacatures
2026-08-23  Thermo-Clean Heusden-Zolder  https://www.thermoclean.com/nl/vacatures/
2026-08-23  Theuma DoorSystems  https://www.theuma.com/jobs/
2026-08-23  ToMACH ENGINEERING  https://tomach.be/vacatures/
2026-08-23  Tio  https://www.tio.nl/vacatures/
2026-08-23  Theo Bauwens  https://www.bauwensmeat.eu/nl/vleeswaren
2026-08-23  Tip - Top I.C.B  https://www.tiptopicb.be/vacatures
2026-08-23  TomTom Belgium  https://www.tomtom.com/careers/
2026-08-23  Tom Nollekens  https://www.tomnollekens.be/vacatures/
2026-08-23  Tomra Systems  https://tomra.be/over-tomra/werken-bij-tomra/
2026-08-23  Top Bronnen  https://topbronnen.be/nl/jobs/
2026-08-23  Toba HR Solutions  https://www.tobahrsolutions.be/jobs/
2026-08-23  Topradio  https://topradio.be/jobs
2026-08-23  Toolstation  https://www.toolstation.be:443/content/jobs
2026-08-23  TotalEnergies Olefins Antwerp  https://antwerpen.totalenergies.be/werken-bij-totalenergies/jobprofielen
2026-08-23  ToyChamp Funstores  https://companydata.com/decision-makers/
2026-08-23  Trafuco  https://trafuco.be/nl/vacatures
2026-08-23  Tramat  https://tramat.be/jobs/
2026-08-23  Tracs Systems  https://www.tracs.be/jobs/
2026-08-23  Transport De Keyser  https://www.transportdekeyser.com/nl/vacatures/logistiek-planner
2026-08-23  Transport Vanneste  https://www.vanneste.be/nl/jobs
2026-08-23  Transport Demets  https://www.groepdemets.be/jobs
2026-08-23  Transportbedrijf Macharis  https://transport-macharis.be/vacature/chauffeur-ce-internationaal-m-v-x/
2026-08-23  TreeSpoke  https://www.treespoke.com/jobs
2026-08-23  Transport Verbeken  https://verbekentrans.be/en/werken-bij-verbekentrans/
2026-08-23  Tripan  https://www.tripan.be/jobs/
2026-08-23  Troef  https://detroef.be/werken-bij/
2026-08-23  Truncus Wealth  https://truncus.eu/nl/vacatures
2026-08-23  Tunap Benelux  https://www.tunap.be/werken-bij-tunap
2026-08-23  Tripwire Solutions  https://tripwiresolutions.be/jobs/
2026-08-23  Twikey  https://www.twikey.com/jobs/
2026-08-23  Tunify  https://www.tunify.com/en/careers
2026-08-23  U-MAN BELGIUM  https://uman.be/de-jobstar/
2026-08-23  UBench International  https://www.ubenchinternational.com/careers/
2026-08-23  U-PARTS  https://u-parts.be/jobs/
2026-08-23  UMBROSA  https://www.umbrosa.be/nl/vacatures
2026-08-23  ULTRAZONIC  https://www.ultrazonic.com/jobs/
2026-08-23  UNICUM TRADE BOTANICALS  https://www.utb-botanicals.eu/nl/vacatures
2026-08-23  Tribù  https://www.tribu.com/nl/jobs/
2026-08-23  UNITRON  https://www.sonova.com/careers/
2026-08-23  UNITED PETFOOD PRODUCERS  https://jobs.unitedpetfood.eu/
2026-08-23  UNI-BRIGHT  https://www.unibright.be/nl/jobs
2026-08-23  UNITRON GROUP  https://unitrongroup.com/en/career
2026-08-23  UPM  https://www.upm.com/people-and-careers/
2026-08-23  Ultimated  https://ultimated.be/jobs
2026-08-23  UMICORE SPECIALTY MATERIALS BRUGGE  https://www.umicore.be/nl/jobs/
2026-08-23  Uitgeverij Zwijsen België  https://gewu.be/vacatures
2026-08-23  USG Professionals  https://www.usgprofessionals.be/nl/jobs?JobTypeCode=USG
2026-08-23  Ulma Packaging  https://www.ulmapackaging.be/nl-be/werken-bij-ulma
2026-08-23  Unifly  https://www.unifly.aero/careers/
2026-08-23  V COAT  https://www.vcoat.eu/jobs/
2026-08-23  V D P  https://www.vdp.be/vacatures/
2026-08-23  V.B. PARTS  https://www.hydrauliek-vbparts.be/nl/vacancy
2026-08-23  V.B.M  https://www.vbmverzekeringen.be/vacatures/
2026-08-23  V O M A T  https://www.vomat.de/jobs/
2026-08-23  V.D.S  https://vdspremix.be/nl/jobs/
2026-08-23  V.C.T.-VALVE & CONNECTOR TECHNOLOGY  https://vct.be/vacature-account-manager/
2026-08-23  VAB Rijschool  https://jobs.vab.be/?utm_source=vab&amp;utm_medium=referral&amp;utm_campaign=jobs
2026-08-23  V.V.M  https://www.vvmcem.be/vacature/senior-projectmanager/
2026-08-23  VADIGRAN  https://jobs.vadigran.be/nl
2026-08-23  VAILLANT GROUP BELGIUM  https://www.vaillant.be/vacatures/
2026-08-23  VALCKE GROUP  https://www.valckegroup.com/nl/jobs
2026-08-23  VALTRAN  https://valtran.com/careers/
2026-08-23  VALO  https://valo-blinds.com/jobstudent-met-rijbewijs-gezocht/
2026-08-23  VAMARO OPVOLGERS  https://vamaro.be/vacatures
2026-08-23  VALVAN  https://www.valvan.com/en/jobs
2026-08-23  VALVAN CONTAINERS & MILIEUTECHNIEK  https://www.valvan-containers.com/nl/jobs
2026-08-23  VAN CLEVEN  https://vancleven.be/vacatures/
2026-08-23  VAN CROMBRUGGEN  https://vancrombruggen.be/jobs/
2026-08-23  VAN BOGAERT  https://www.vanbogaert.be/nl/jobs-van-bogaert
2026-08-23  VAN DE MIEROP  https://www.vandemierop.com/vacatures
2026-08-23  VAN DE VELDE BETON  https://vandeveldebeton.be/jobs/
2026-08-23  VAN DE VELDE PACKAGING  https://www.vandeveldepackaging.com/nl/vacatures
2026-08-23  VAN DER ERVE  https://erve.com/en/jobs/
2026-08-23  VAN DER STRAETEN  https://vanderstraeten.be/jobs
2026-08-23  VAN DESSEL  https://werkenbijvandessel.be/vacatures/
2026-08-23  VAN DONGE & DE ROO  https://www.vandongederoo.com/careers/
2026-08-23  VAN HAUT  https://vanhaut.be/vacatures/
2026-08-23  VAN HOECKE  https://www.vanhoecke.be/nl/vacatures
2026-08-23  VAN DEN BOSSCHE  https://metaalvandenbossche.be/vacatures/
2026-08-23  VAN HESSEN  https://www.vanhessen.be/en/job-openings/
2026-08-23  VAN ISRAEL  https://vanisrael.be/vacatures/
2026-08-23  VAN LANGENDONCK  https://www.vanlangendonck.com/nl-be/vacatures
2026-08-23  VAN LATHEM GALMART LOGISTICS  https://vlg.be/vacatures/
2026-08-23  VAN LUYTEN  https://www.vanluyten.be/nl-be/jobs
2026-08-23  VAN MARCKE  https://jobs.vanmarcke.com/nl
2026-08-23  VAN PRAET  https://vanpraet.be/vacatures/
2026-08-23  VAN ROOIJEN LOGISTIEK  https://www.vanrooijen.nl/vacatures
2026-08-23  VAN WELLEN GROUP  https://www.vanwellengroup.be/nl/werken-bij-van-wellen-group
2026-08-23  VAN dEN WEGHE  https://www.vandenweghe.be/careers
2026-08-23  VAN ROEY AUTOMATION  https://www.vanroey.be/vacatures-overzicht/
2026-08-23  VANAL  https://www.vanal.be/nl/jobs/
2026-08-23  VANASSCHE Firefighting Engineering  https://vanassche-fire.be/nl/ons-team/vacatures
2026-08-23  VAN de POEL  https://www.vandepoel.com/jobs
2026-08-23  VANBREDA CREDINCO  https://www.vanbreda.be/nl/werken-bij-vanbreda/onze-vacatures
2026-08-23  VAN RIET  https://www.dedecker-vanriet.com/de-decker-van-riet-tankwagenchauffeur-vacature/
2026-08-23  VANDAPOWER  https://vandapower.com/be-nl/jobs/
2026-08-23  VANDAMME - MADOE  http://www.vandamme-madoe.be/nl/jobs/
2026-08-23  VANDEN AVENNE COMMODITIES  https://vda.be/nl/jobs
2026-08-23  VANDENBOGAERDE  https://www.vandenbogaerdefoodgroup.com/nl/vacatures
2026-08-23  VANDEPUTTE MEDICAL  https://www.vdpmedical.com/over-ons/vacatures
2026-08-23  VANDERHAEGEN  https://vanderhaegenpotatoes.be/nl/vacatures/
2026-08-23  VANDER ZIJPEN  https://www.vanderzijpen.com/vacatures/
2026-08-23  VANGAEVER  https://www.vangaever.be/vacatures
2026-08-23  VANHAUWAERT MACHINES  https://vanhauwaertmachines.com/jobs
2026-08-23  VANHEES METALEN  https://vanheesmetalen.be/vacatures
2026-08-23  VANHOUTTE MACHINERIE  https://www.etechpower.eu/jobs
2026-08-23  VANROBAEYS  https://www.vanrobaeysjobs.be/
2026-08-23  VARESA  https://varesa.be/werken-bij/
2026-08-23  VANWEZEMAEL  https://vanwezemael.be/vacatures/
2026-08-23  VARIO FOOD GROUP  https://variofood.be/jobs
2026-08-23  VARUFLEX  https://www.varuflex.com/jobs
2026-08-23  VBH BELGIUM  https://www.vbh.be/ons-bedrijf/vacature
2026-08-23  VASKON  https://www.vaskon.com/en/jobs
2026-08-23  VANNIEUWENHUYSE  https://www.vnh.be/vacatures
2026-08-23  VAWI  https://www.vawinv.be/nl/vacatures
2026-08-23  VDL De Meeuw  https://vdldemeeuw.be/nl/vacatures/
2026-08-23  VC WOOD BRUSSELS  https://www.vc-wood.com/nl-nl/vacatures
2026-08-23  VDL KTI  https://www.werkenbijvdl.be/vacatures/company/vdl-kti/
2026-08-23  VEEJO  https://www.veejo.fr/jobs
2026-08-23  VELAB  https://www.velab.be/nl/dashboard/myvacatures/
2026-08-23  VENTIGRATE  https://www.ventigrate.be/vacature-m365developer/
2026-08-23  VENTOMATIC  https://www.ventomatic.com/vacatures
2026-08-23  VENTO  https://vento.be/jobs/jobs/
2026-08-23  VERA  https://www.vera.be/werken-bij-vera
2026-08-23  VEOS  https://jobs.veos.be/
2026-08-23  VERANCO  https://jobs.veranco.com/nl
2026-08-23  VERBRUGGHE  https://verbrugghe-interieur.be/jobs/
2026-08-23  VERBO  https://www.verbo.be/jobs/
2026-08-23  VERENIGDE GROENTETUINDERS ENERGIE  https://jobs.rijkevorsel.be/
2026-08-23  VERGOKAN  https://www.vergokan.com/nl/Over+ons/Jobs
2026-08-23  VERGRO INTERNATIONAAL VERVOER  https://vergro.com/nl/Jobs
2026-08-23  VERHELLE  https://www.verhelle-nv.be/jobs
2026-08-23  VERDONCK  https://www.verdonckbv.be/werk-zoeken/vacatures/
2026-08-23  VERHELST BOUWMATERIALEN  https://www.werkenbijverhelst.be/?utm_source=verhelst.be&amp;utm_medium=navigatie
2026-08-23  VERHOEK EUROPE  https://jobs.verhoek-europe.com/
2026-08-23  VERHOFAX  https://www.verhofax.be/nl-be/jobs
2026-08-23  VERITAS  https://jobs.veritas.be/nl/home.aspx
2026-08-23  VERMARCSPORT  https://www.vermarcsport.com/nl/jobs
2026-08-23  VERONOVE GROUP  https://www.veronove.be/nl/jobs/
2026-08-23  VERSCHOORE CONSTRUCTIE  https://verschoore-verkouille.be/nl/jobs/
2026-08-23  VERSO  https://verso-net.be/themas/sociaal-overleg/detail/2027/01/06/career-heeft-jou-nodig
2026-08-23  VERREZEN  https://www.tuinenverrezen.be/vacatures/
2026-08-23  VERWATER TANK & INDUSTRIAL SERVICES  https://www.verwater.com/nl/vacatures/machine-operator-rdm/
2026-08-23  VERTILA  https://www.vertila.be/nl-be/jobs
2026-08-23  VERVOER DE BRABANDERE  https://jobs.de-brabandere.be/nl
2026-08-23  VERSCHUREN HUGO  https://www.verschuren.info/onze-vacatures/
2026-08-23  VERTHUS  https://verthus.be/jobs/
2026-08-23  VERZEKERINGSKANTOOR ANTWERPEN METROPOOL  https://www.metropoolverzekeringen.be/vacatures
2026-08-23  VERZEKERINGSKANTOOR CLIJSTERS  https://clijstersverz.be/vacatures/
2026-08-23  VERVOER TER VICHTEN  https://www.tervichten.be/nl/vacature
2026-08-23  VERZEKERINGEN SOLANGE LIMBOURG  https://www.solangelimbourg.be/nl-be/jobs
2026-08-23  VERZEKERINGSKANTOOR MAURICE HENDRICKX  https://www.verzekeringenhendrickx.eu/vacatures
2026-08-23  VERZEKERINGSKANTOOR DEWITTE  https://kantoordewitte.be/jobs/
2026-08-23  VESTA TERMINAL ANTWERP  https://www.vestaterminals.com/careers.html
2026-08-23  VEWACO  https://www.vewaco.be/vacatures
2026-08-23  VICTOR  https://jobs.victorbuyck.be/nl
2026-08-23  VICTROL CHARTERING  https://www.victrol.be/news/vacature-junior-projectingenieur-afdeling-heavy/
2026-08-23  VIEKA  https://jobs.updatestar.com/
2026-08-23  VIDERA  https://www.mvcvidera.com/careers
2026-08-23  VINÇOTTE  https://www.vincotte.be/nl/pages/job-fair-2026
2026-08-23  VIRBAC BELGIUM  https://corporate.virbac.com/fr_FR/home/career.html
2026-08-23  VINTIV  https://www.vintiv.be/jobs/
2026-08-23  VISTAZ  https://vistaz.be/jobs/
2026-08-23  VIVOX  https://vivox.be/jobs/
2026-08-23  VISION HEALTHCARE  https://www.visionhealthcare.eu/people
2026-08-23  VLAAMSE VISVEILING  https://vlaamsevisveiling.com/vacatures/
2026-08-23  VLEMINCKX  https://www.nv-vleminckx.be/vacatures
2026-08-23  VLEVY  https://www.vlevy.be/en/jobs
2026-08-23  VLERICK RESEARCH  https://www.vlerick.com/nl/alumni/carriere-en-business-resources/
2026-08-24  All-inSurance & Finance  https://www.all-in.eu/nl-be/jobs
2026-08-24  Alken-Maes  https://jobs.alken-maes.com/?agegate=true
2026-08-24  B-SAFE  https://www.b-safe.eu/nl-be/jobs
2026-08-24  BOON - GALLERY  https://www.alumnizevenkerken.be/Error.aspx?aspxerrorpath=/careers
2026-08-24  SOLIDE  https://www.solide.com/nl-nl
2026-08-24  T.M.C. MACHINES  https://jobs.tmc-machines.com/nl/
2026-08-24  TASTTOE  https://www.tasttoe.be/vacatures-jobs/
2026-08-24  Talboom Milieu  https://talboommilieu.be/vacatures.html
2026-08-24  Transport Cornelis  https://cornelistransport.be/jobs.html
2026-08-24  VALICON  https://valicon.be/vacatures.html
2026-08-24  VERDUYN  https://verduyn.be/nl/vacatures
2026-08-24  VIBEK  https://www.vibek.com/
2026-08-24  VM BUILDING SOLUTIONS  https://www.vmbuildingsolutions.com/careers
2026-08-24  VOEDERS DEGRAVE  https://www.voedersdegrave.be/vacatures
2026-08-24  VOEDERS DEPRE  https://groupdepre.com/NL/jobs
2026-08-24  VOCALCOM  https://www.vocalcom.com/blog/predictive-analytics-an-opportunity-to-improve-customer-service-performance/
2026-08-24  VOEDERS SCHERRENS  https://www.scherrensvoeders.be/jobs/
2026-08-24  VOESTALPINE BELGIUM  https://www.voestalpine.com/group/en/jobs/
2026-08-24  VOEDING LESAGE  https://www.voedinglesage.be/nl/jobs
2026-08-24  VOEDERS MELLAERTS  https://voedersmellaerts.eu/fr/jobs/
2026-08-24  VOGELSANG BELGIUM  https://www.vogelsang.info/en/company/career
2026-08-24  VOITH TURBO  https://www.voith.com/corp-en/careers.html
2026-08-24  VORNEX  https://vornexinc.com/careers.htm
2026-08-24  VOPAK TERMINAL EUROTANK  https://www.careersatvopak.com/
2026-08-24  VOLLERS BELGIUM  https://www.vollers.com/nl/carriere
2026-08-24  VOLCKE  https://www.volcke.com/vacature/
2026-08-24  VOSSAL  https://www.vossal.be/jobs/
2026-08-24  VOXDALE  https://www.voxdale.eu/careers
2026-08-24  VORSSELMANS  https://www.werkenbijvorsselmans.be
2026-08-24  VR PLASTICS  http://www.vrplastics.be/nl/jobs
2026-08-24  VULSTEKE RECYCLING  https://vulstekebvba.be/jobs/
2026-08-24  VS Rubber Recycling nv  https://www.vsrubber.nl/vacatures/
2026-08-24  VULSTEKE & VERBEKE  https://www.vulsteke-verbeke.be/vacatures
2026-08-24  VSI INTERNATIONAL  https://www.uni-saarland.de/einrichtung/career-center/fuer-studierende/karriereportal.html
2026-08-24  VYNCKE - DAELS  https://www.vyncke-daels.be/nl/pages/jobs
2026-08-24  VYNOVA BELGIUM  https://careers.vynova-group.com/nl/location/tessenderlo-belgium/
2026-08-24  Vallaey Landbouwmachines  https://www.vallaey.be/vacatures/
2026-08-24  Van Heyghen - Staal  https://vanheyghenstaal.be/pages/jobs
2026-08-24  Van Gils Coating  https://www.vangilsgroup.be/vacature-technical-teamlead-hoofdtechnieker/
2026-08-24  Van Ameyde Marine (Belgium)  https://www.ameydemarine.com/careers/
2026-08-24  VVNT VAN VAECK  https://vvnt.be/nl/vacatures/
2026-08-24  Van Maele  https://www.nvvanmaele.be/vacatures
2026-08-24  Van Schoote  https://www.vanschoote.be/vacatures/
2026-08-24  Van Mossel Westlease  https://werkenbij.vanmossel.be/nl/home.aspx
2026-08-24  Vanden Berghe Gebroeders  https://www.vandenberghe.be/jobs
2026-08-24  Vandeplassche  https://jobs.sintandriestielt.be/nl/
2026-08-24  Vandelanotte ++  https://www.werkenbijvandelanotte.be/
2026-08-24  Velda  https://www.velda-cabletechnics.com/vacatures
2026-08-24  Varia-Pack  https://variapack.be/nl/werken-bij
2026-08-24  Venly  https://www.venly.io/company/careers
2026-08-24  Velodi  https://velodi.be/vacatures/
2026-08-24  Verder  https://www.verder.com/careers/
2026-08-24  Verbrugge Internationale Wegtransporten  https://www.verbruggeinternational.com/nl/team-verbrugge
2026-08-24  Veltec  https://www.on-site-machining.be/portal-over-het-bedrijf/veltec-vacatures
2026-08-24  Velleman Group  https://www.vellemangroup.eu/nl_BE#Onze-waarden
2026-08-24  Verhelst Agri  https://www.verhelst-agri.be/onderhoudsmedewerker-magazijn
2026-08-24  Verhofsté  https://www.verhofste.be/nl/vacancy
2026-08-24  Vergalle  https://www.vergalle.be/jobs-oudenaarde-staalindustrie/
2026-08-24  Vermetten Wegenbouw  https://www.vermetten.be/nl/vacatures-4838
2026-08-24  Verzekeringen Keersmaekers  https://verzekeringenkeersmaekers.be/vacatures/
2026-08-24  ViVa  https://www.viva.com/nl-be/about/careers
2026-08-24  Vervoer Van Dievel  https://vandievel.eu/vacatures/
2026-08-24  Vintia  https://careers.vintia.com/
2026-08-24  Villeroy & Boch Belgium  https://www.villeroyboch-group.com/en/careers/career-opportunities-at-vb.html
2026-08-24  Virtual Surveyor  https://www.virtual-surveyor.com/careers
2026-08-24  Vimmo  https://www.vimmo.be/jobs
2026-08-24  Vion Adriaens  https://www.vioncareers.com/vacancies/
2026-08-24  Vitafor  https://www.vitafor.com/news-article/20/vacature-allround-technieker-hands-on-probleemoplosser
2026-08-24  Vleescentrale O.S  https://www.vleescentrale-os.be/jobs
2026-08-24  Visma Bouwsoft  https://www.bouwsoft.be/nl/over/vacatures
2026-08-24  Vigotec  https://vigotec.be/vacatures/
2026-08-24  Vleeswarenbedrijf Bruynkens  https://bruynkens.be/vacatures/
2026-08-24  Voeders Huys  https://www.voedershuys.be/nl/jobs
2026-08-24  Voeders Ostyn  https://www.ostynvoeders.be/jobs
2026-08-24  Voeders Seurynck  http://seurynck.be/jobs
2026-08-24  Vital 1926  https://www.vital.be/nl/jobs
2026-08-24  W. INTERCONTINENTAL  https://jobs.blogspot.com/
2026-08-24  Vydraulics Belgium  https://www.jobleads.com:443/us/jobs
2026-08-24  Vuylsteke  https://www.vuylsteke-eiffage.be/nl/vacatures
2026-08-24  W & H  https://whsports.nl/vacatures/
2026-08-24  Vondelmolen  https://www.vondelmolen.be/nl/jobs/
2026-08-24  W.G. SALARI BELGIUM  https://www.salari.nl/vacatures/
2026-08-24  W.T.O  https://www.wto.org/english/thewto_e/vacan_e/vacan_e.htm
2026-08-24  WAGO BELUX  https://www.wago.com/us/careers
2026-08-24  WAF  https://www.waf.be:443/nl/vacatures
2026-08-24  WAM BULK HANDLING MACHINERY  https://www.bulkgids.nl/categorie/vacatures/
2026-08-24  WAM  https://wamgroup.be/corporate/wamgroup-careers-worldwide/working-with-wamgroup
2026-08-24  WARSCO UNITS  https://warsco.eu/nl/jobs
2026-08-24  WATERGENIUS  https://www.watergenius.eu/jobs
2026-08-24  WAVIN BELGIUM  https://careers.wavin.com/
2026-08-24  WATERLEAU GROUP  https://www.waterleau.com/en/careers
2026-08-24  WATTEC  https://www.wattec.be/vacatures
2026-08-24  WEBER BELGIë  https://careers.weber.com/
2026-08-24  WEGRA  https://www.wegra.com/vacatures
2026-08-24  WEBECO  https://www.webeco.be/werken-bij/
2026-08-24  WARNEZ  https://warnezpotatoes.be/over-onze-teams/#jobs
2026-08-24  WELMAC  https://welmac.be/vacatures/
2026-08-24  WEBER MARKING SYSTEMS  https://www.webermarking.be/nl-be/over-weber/carriere/
2026-08-24  WERKHUIZEN ALLEMEERSCH  https://www.allemeersch.be/nl/jobs
2026-08-24  WELDA MACHINERY  https://jobs.welda.be/nl
2026-08-24  WERFEN  https://www.werfen.com/en/careers
2026-08-24  WEPA MANAGEMENT  https://www.wepa.eu/en/careers
2026-08-24  WFRGENT  https://www.warringtonfire.com/careers
2026-08-24  WIJCKMANS  https://wijckmans.be/nl/werken-bij
2026-08-24  WIDEM LOGISTICS  https://www.widem.eu/en/jobs/
2026-08-24  WESTVLEES  https://jobs.westvlees.com/nl
2026-08-24  WIENERBERGER  https://www.dewienerbergers.be/nl/jobs/
2026-08-24  WIKA  https://jobs.wika.com/en/career_portal.WIKA
2026-08-24  WILLEMEN FINANCE  https://willemen.be/nl/vacatures
2026-08-24  WILKI  https://www.wilki.be/
2026-08-24  WIMO  https://www.wimo.com/de/jobs
2026-08-24  WIND AAN DE STROOM 2014  https://www.triodos.be/fr/jobs
2026-08-24  WINLOCK SYSTEMS  https://www.winlockfiredoors.com/jobs/
2026-08-24  WILCO  https://werkenbijwilco.nl/
2026-08-24  WINSOL  https://winsol-group.talentlyft.com/
2026-08-24  WINTERS  https://www.schrijnwerkerij-winters.be/vacatures/
2026-08-24  WOLFTECH  https://www.wolftech.be/wolftech-emploie-carriere-job/
2026-08-24  WITZENMANN BENELUX  https://www.witzenmann.be/nl/carri%C3%A8re/
2026-08-24  WOODCENTER  https://www.woodcenter.be/vacatures
2026-08-24  WOONMODE  https://woonmode.be/maatwerk/vacatures/
2026-08-24  WPS BELGIUM  https://wpsparking.com/nl/over-wps/vacatures
2026-08-24  Welders  https://welders.be/vacatures-bij-welders-nv
2026-08-24  Westfro  http://westfro.be/NL/Vacatures.html
2026-08-24  Welding Company  https://weldingcompany.be/vacatures/
2026-08-24  West Decor  https://www.westdecor.be/vacatures
2026-08-24  What’s Cooking Belgium  https://whatscooking.group/nl/jobs
2026-08-24  Westland  https://www.westlandmetalworks.be/nl/jobs
2026-08-24  Wellens Women  https://www.wellenswomen.be/faq/werken-bij-wellens-women/
2026-08-24  Wilms  https://www.wilms.be/nl/jobs
2026-08-24  Winterhalter Belgium  https://www.winterhalter.com/careers/
2026-08-24  Winetime  https://jobs.winetime.be/
2026-08-24  Wolf Oil Corporation  https://www.wolfoil.com/nl-be/careers
2026-08-24  Woodtex  https://woodtex.be/over-ons/vacatures/
2026-08-24  XENUM  https://xenum.com/home/company/careers/
2026-08-24  XEIKON  https://careers.flintgrp.com/search/
2026-08-24  XEMEX  https://www.xemex.eu/vacatures/
2026-08-24  XEROX  https://www.xerox.com/en-us/jobs
2026-08-24  XenomatiX  https://xenomatix.com/career/
2026-08-24  Xplore group  https://www.xploregroup.be/carrieres
2026-08-24  YAMAZAKI MAZAK EUROPE  https://www.mazak.com/us-en/Careers/
2026-08-24  XYLOS  https://xylos.com/jobs/
2026-08-24  YIELDS  https://www.yields.io/about/careers
2026-08-24  YOKOGAWA BELGIUM  https://www.yokogawa.com/about/careers/
2026-08-24  YSCO  https://ysco.eu/nl/jobs
2026-08-24  YONTEC  https://yontec.be/ik-zoek-een-technische-job/
2026-08-24  YOUSTON  https://youston.be/careers/
2026-08-24  YSEBAERT  https://www.ysebaert.be/jobs
2026-08-24  YVAGA  https://www.yvaga.be/nl/vacatures
2026-08-24  YouFashion  https://www.tfc-consortium.com/private-label-opportunity/
2026-08-24  ZAKENKANTOOR LUYSSEN  https://www.zakenkantoor-luyssen.be
2026-08-24  ZEDD  https://zedd.be/vacatures/
2026-08-24  ZAKENKANTOOR VEREECKE  https://www.zakenkantoorvereecke.be/nl-be/jobs
2026-08-24  ZEELANDIA  https://www.zeelandia.be/nl/vacatures
2026-08-24  ZELFBOUWMARKT  https://www.zelfbouwmarkt.be/nl/jobs
2026-08-24  ZENITEL  https://zenitel.com/careers
2026-08-24  ZETICON  https://zeticon.com/nl/vacatures
2026-08-24  ZF WIND POWER ANTWERPEN  https://www.zf.com/mobile/en/careers/careers.html
2026-08-24  ZETA  https://zetaglobal.com/about/life-at-zeta/#job
2026-08-24  ZIEMANN HOLVRIEKA  https://www.ziemann-holvrieka.com/en/careers/
2026-08-24  Zakenkantoor Blockmans  https://www.blockmansinsurance.be/nl-be/jobs
2026-08-24  Zeopore Technologies  https://www.zeopore.com/careers
2026-08-24  Zenith Graphics  https://zenith.graphics/careers/
2026-08-24  ZOUTMAN  https://www.zoutmanjobs.com/nl
2026-08-24  Ziphius  https://ziphius.org/careers
2026-08-24  axabio  https://knowledge.axabio.com/join-axabio-to-innovate-sustainable-natural-astaxanthin-careers?utm_source=website&utm_medium=menu&utm_campaign=career_page
2026-08-24  Zehnder Group Belgium  https://www.zehnder.be/nl/carrieremogelijkheden
2026-08-24  Zymofix  https://eic.ec.europa.eu/eic-funding-opportunities/eic-accelerator_en
2026-08-24  Zoontjens België  https://www.zoontjens.nl/werken-bij-zoontjens/
2026-08-24  briz coffee  https://brizorigin.be/jobs/
2026-08-24  bo-solutions  https://bo-solutions.be/jobs/
2026-08-24  bonyf  https://bonyf.com/careers/
2026-08-24  de Verfmarkt  https://beyondmarketing.be/over-ons/onze-vacatures/
2026-08-24  de Vreese Trucking  https://devreese-trucking.be/vacatures/
2026-08-24  besox verzekeringen  https://www.besox.be/vacatures/
2026-08-24  dnata  https://www.dnata.com/en/careers/
2026-08-24  dormakaba Belgium  https://www.dormakaba.com/us-en/careers
2026-08-24  e2e  https://www.e2e.be/bedrijf/werken-bij-e2e
2026-08-24  iFLUX  https://iflux.be/jobs
2026-08-24  eld  https://eld.be/careers/
2026-08-24  inVINity  https://invinity.com/careers/
2026-08-24  emr  https://www.emr-belgium.be/jobs
2026-08-24  invoX Belgium  https://invoxpharma.com/careers/
2026-08-24  e-BO Enterprises  https://jobs.ebo-enterprises.com/nl
2026-08-24  nexuzhealth  https://www.nexuzhealth.com/nl/over-ons/werken-bij
2026-08-24  pgb-Europe  https://www.pgb-europe.com/nl-be/vacatures
2026-08-24  sia Abrasives Belgium  https://siaabrasives.com/en-us/sia-abrasives/job-opportunities/
2026-08-24  sandoz  https://www.sandoz.com/careers/
2026-08-24  smartSD  https://smartsd.com/nl/p/info/vacatures
2026-08-24  van Waasdijk  http://www.vanwaasdijk.com/nl/240/
2026-08-24  waylay  https://www.waylay.io/careers
2026-08-24  “VASCO KEUKENS” en “KEUKENS VASCO”  https://www.keukensvasco.be/vacatures
2026-08-24  2 BRIDGE  https://2bridge.be/career/
2026-08-24  reMYND  https://www.remynd.com/careers
2026-08-24  24+  https://www.24plus.be/nl/Vacatures.html?zone=topnav
2026-08-24  3W SELECT  https://3w.be/opportunities/
2026-08-24  A.C.C  https://commcareers.be/
2026-08-24  A.C.I  https://aci-group.info/?page_id=21
2026-08-24  A.M.D  https://www.amd.com/en/corporate/careers.html
2026-08-24  A.J.G  https://jobs.ajg.com/ajg-home
2026-08-24  tk accelis Materials Belgium  https://www.thyssenkrupp-materials.be/nl-be/bedrijf/jobs
2026-08-24  A C H BOUW  https://achbuild.be/nl/werken-bij
2026-08-24  A.I.S. Steigerbouw  https://ais-steigerbouw.be/vacatures/
2026-08-24  A.T.L. - RENTING  https://www.atlrenting.be/nl/werken-bij-atl
2026-08-24  A.W.B. SCHOTS  https://www.awbschots.eu/homepage/vacatures
2026-08-24  A.V.L. BOUWWERKEN  https://www.avlwoningbouw.be/jobs
2026-08-24  7 M Systems  https://www.7msystems-zaventem.be/nl/bij-ons-werken--check-onze-vacatures-
2026-08-24  AAtechnics  https://aatechnics.eu/nl_BE/jobs
2026-08-24  AB RENT  https://ab-rent.be/vacature
2026-08-24  AB-Eiffage  https://ab-eiffage.com/jobs/onze-vacatures/
2026-08-24  ABBI INDUSTRIE  https://abbi.be/werken-bij-abbi/
2026-08-24  ABC - DOMOTICA Projects  https://domotica.be/vacatures
2026-08-24  ABBS  https://www.abbs.group/nl/jobs
2026-08-24  ABHR  https://abhr.be/jobs/
2026-08-24  ABTec  https://www.abtec.be/nl/abtec/vacatures
2026-08-24  ACOTEC  https://www.acotec.be/jobs/
2026-08-24  ABN KLIMATISATIE  https://airpreneurs.be/
2026-08-24  ADAMS  https://www.adams.be/werken-bij/
2026-08-24  ACROPOLYS  https://www.acropolys.be/nl/vacatures
2026-08-24  ADAMS AANNEMINGEN  https://www.adamsaannemingen.be/vacatures
2026-08-24  AD REM  https://www.ad-rem.com/nl/jobs
2026-08-24  ADVISORY SERVICES  https://www.ey.com/en_us/careers
2026-08-24  ADPO GROUP  https://www.adpo.com/jobs
2026-08-24  AGCO finance  https://www.agcofinance.com/en/Careers
2026-08-24  AHF PROJECTS  https://ahf-projects.be/project/brugstraat-160-sint-job-in-t-goor
2026-08-24  AIRQUALITY GROUP  https://airquality.be/vacatures/
2026-08-24  AIRELLES  https://airelles.com/en/jobs
2026-08-24  AHLEX  https://www.ahlex.eu/about-ahlex/jobs/
2026-08-24  ALBE DE COKER  https://albedecoker.com/jobs/
2026-08-24  ALGEMENE BOUW MAES  https://bouwenmetmensen.be/vacatures
2026-08-24  ALBITUM  https://albitum.be/vacatures/
2026-08-24  ALFA TAPIJTFABRIEK  https://www.alfacarpets.be/en/jobs
2026-08-24  ALGEMENE ONDERNEMING DRIESEN  https://openwervendag.be/jobs
2026-08-24  ALGEMENE ONDERNEMINGEN HERMANS en Co  https://www.uptodatewebdesign.com/p/jobs.html
2026-08-24  ALHEEMBOUW  https://www.alheembouw.be/nl/jobs-bij-alheembouw
2026-08-24  ALIBO  https://www.alibo.be/vacatures/
2026-08-24  ALGEMENE BOUWONDERNEMING L. HEYLEN  https://www.olen.be/vacatures
2026-08-24  ALL RIGHT  https://allright.com/en/job-for-teachers
2026-08-24  ALL-BOUW  https://allbouw.com/vacatures
2026-08-24  ALLUUR  https://www.alluur.be/jobs
2026-08-24  ALPHABET BELGIUM LONG TERM RENTAL  https://www.alphabet.com/en-ww/career.html
2026-08-24  ALTENAKEN  https://lokaalbestuurhoegaarden.be/vacatures-in-het-woonzorgcentrum
2026-08-24  ALTERNATIEF  https://alternatiefvzw.be/vacatures/
2026-08-24  ALTO-interiors  https://www.alto-interiors.be/vacatures
2026-08-24  AMANTINE  https://www.amantine.com/pages/careers
2026-08-24  AMBARO  https://ambaro.be/vacatures/
2026-08-24  AMBIUS  https://careers.rentokil-initial.com/
2026-08-24  ALVERO  https://www.alvero.nl/over-alvero/werken-bij-alvero
2026-08-24  ALTEZ  https://www.altez.eu/vacatures/
2026-08-24  ANDROID  https://www.mindrops.com/career
2026-08-24  ANTILOPE DE BIE  https://antilopedebie.be/jobs/
2026-08-24  APK GROENAANLEG  https://jobs.apkgroup.eu/
2026-08-24  ARBOWAR  https://arbowar.be/jobs-arbowarbe/
2026-08-24  ARBONEO  https://arboneo.com/vacatures/
2026-08-24  ARCUS  https://www.arcuseurope.com/career
2026-08-24  ARICKX  https://www.arickxnv.be/vacatures
2026-08-24  ARONIA  https://aronia.be/vacatures/
2026-08-24  AQUASECURITY  https://www.aquasecurity.be/vacatures/sales
2026-08-24  ARMACA  https://armaca.be/vacature/
2026-08-24  ARTEA  https://www.artea.be/vacatures
2026-08-24  ARTEX  https://artex.be/nl/jobs
2026-08-24  ARGON Measuring Solutions  https://www.argon-ms.com/careers
2026-08-24  ARVAL BELGIUM  https://www.arval.be/over-arval/werken-bij-arval
2026-08-24  ARTOOS  https://www.artoosgroup.eu/lets-connect/#vacatures
2026-08-24  ATELIER-DB  https://www.atelier-db.be/vacatures
2026-08-24  ATF  https://atf.be/werken-bij-atf/vacatures/
2026-08-24  ATAB  https://www.atab.com/vacatures/
2026-08-24  ATTENTIA Invest  https://www.attentia.be/nl/nieuws/sociale-partners-evalueren-flexi-jobs
2026-08-24  AUDEBO  https://audebo.be/vacatures/
2026-08-24  AURORA  https://www.aurora.be/nl/vacatures
2026-08-24  AXON TRAVEL  https://axontravel.uniglobe.be/vacatures
2026-08-24  ATLANTIC INVESTMENTS  https://atlanticinvestments.org/careers/
2026-08-24  Accuris  https://accuristech.com/careers-culture/
2026-08-24  Across Health  https://across.health/careers/
2026-08-24  Adapteo  https://adapteo.be/werken-bij-adapteo/vacatures
2026-08-24  AccountingTeam  https://adminpulse.eu/nl-be/blog/waarom-de-juiste-vragen-meer-talent-trekken-dan-een-nieuwe-vacature
2026-08-24  Adams Accountants & TaxAdvisers  https://www.adamsaccountants.be/vacatures/
2026-08-24  AXIS  https://www.axis.eu/nl/vind-een-job
2026-08-24  AddRetail  https://www.addretail.com/jobs
2026-08-24  Algeco Belgium  https://www.algeco.be/nl/werken-bij-algeco
2026-08-24  Ageres  https://ageres.be/vacatures/
2026-08-24  All Finance and Accounting  https://unitedfinance.be/werken-bij/
2026-08-24  Alsico  https://www.alsico.com/eu-nl/jobs/
2026-08-24  Andre De Witte  https://adwschrijnwerk.be/jobs/
2026-08-24  Ariël Facilitaire Diensten  https://jobs.glowi.be/nl
2026-08-24  Artes Uptech  https://artesuptech.be/werken-bij
2026-08-24  Artesio  https://www.artesio.be/vacatures
2026-08-24  Arvum Group  https://arvumgroup.ie/careers/
2026-08-24  Asbest Care  https://asbestcare.be/vacatures
2026-08-24  Astrix  https://astrix.be/nl/talentaanbiedingen
2026-08-24  B & F  https://www.bf-consult.be/vacatures
2026-08-24  Arrotex  https://devosarrotex.com/vacatures/
2026-08-26  Flen Health  https://nl.flenhealth.be/werken-bij-ons
2026-08-26  KISANY Social Enterprise  https://www.kisany.com/nl_BE/jobs
2026-08-26  BAR-co Electrics & technics  https://bar-co.be/vacatures
2026-08-26  GRAFICA  https://www.grafica.be/404/
2026-08-26  JANSSEUNE & Co  https://www.jansseune.eu/nieuws-starten-in-bijberoep.html
2026-08-26  BEELDSMEDERIJ DE MAAN  https://www.publiq.be/nl/vacaturebank/medewerker-publiekswerking-de-maan
2026-08-26  ARTE-META-TEC  https://demeestermetaaldesign.be/jobs/
2026-08-26  COMETAL  https://www.cometal.be/jobs/
2026-08-26  D.S.S  https://www.dssdegelder.be/vacatures
2026-08-26  MEUBELEN STAUT  https://sintniklaasnieuws.be/vacatures-sint-niklaas/
2026-08-26  Metalen Galler  https://metalengaller.be/werken-bij-metalen-galler/
2026-08-26  POLY - TRADING  https://turnhoutnieuws.be/vacatures-turnhout/
2026-08-26  Powder Terminal Benelux  https://www.install.jobs/nl/vacatures/vakgebied/engineering/?utm_source=engineernet&amp;utm_campaign=installjobs&amp;utm_term=engineering%7Cnav_menu_top
2026-08-26  Priority Software Belgium  https://www.priority-software.be/en/careers
2026-08-26  Roosen Laser & Welding  https://roosenindustries.com/nl/werken-bij/
2026-08-26  TERROIR  https://www.terroir-wijnsafari.com/vacatures
2026-08-26  VGP Renewable Energy  https://www.vgpparks.eu/careers/
2026-08-26  ViskoTeepak  https://www.viskoteepak.com/career
2026-08-26  WELTJENS TRANSPORT  https://weltjenstransport.be/vacatures/
2026-08-26  WOODSTOXX  https://jobs.woodstoxx.be/nl
2026-08-26  Willemot Bijzonder Verzekeringsbestuur  https://www.itaawillemot1841.be/index-nl.aspx
2026-08-26  YPES  https://ypes.be/vacatures
2026-08-26  ZAKENKANTOOR LESSELIERS  https://www.zakenkantoor-lesseliers.be/nl-be/jobs
2026-08-26  AFSLUITINGEN WILLE  https://afsluitingenwille.be/werken-bij-wille/
2026-08-26  ALTEBRA  https://www.altebra.eu/nl/werken-bij-altebra
2026-08-26  AVISO  https://www.avisoplus.be/jobs/
2026-08-26  B.Adapted  https://b-adapted.be/over-ons/jobs
2026-08-26  B.I.S.D  https://www.bisdtx.org/departments/career-technical-education-cte/career-and-technical-education
2026-08-26  BACK OFFICE  https://www.roberthalf.com/us/en/jobs
2026-08-26  B.I.T  https://www.bit.nl/over-bit/werken-bij-bit/
2026-08-26  B.R.S  https://www.groupbrs.be/vacatures
2026-08-26  B.K.S.I. PACKING  https://www.bksi.be/nl/vacatures
2026-08-26  B.L.I.T.S  https://www.blitsnv.eu/nl/jobs
2026-08-26  BACKX  https://backx.be/vacatures/
2026-08-26  BAER CASTLE INTERNATIONAL  https://www.rechtspraak.nl/organisatie-en-contact/organisatie/werken-en-opleiding
2026-08-26  BAKERONLINE  https://bakeronline.be/be-en/jobs
2026-08-26  BANIJAY BELGIUM  https://banijaybelgium.com/vacatures
2026-08-26  BALIES  https://www.ordevanvlaamsebalies.be/nl/vacatures
2026-08-26  BAS HOLDING  https://bas.careers/
2026-08-26  BATO  https://www.batobouw.be/vacatures/
2026-08-26  BASKERVILLE  https://www.baskerville.be/jobs/
2026-08-26  BATSLEER GEVELRENOVATIE  https://metselwerkengids.be/
2026-08-26  BCV  https://bcv-cds.be/2026/02/27/vacatures-praktijassistent-en-doctoraatonderzoeker-ku-leuven/
2026-08-26  BDP MANAGEMENT  https://www.bdp-team.com/china-consulting/hainan-free-trade-port-new-opportunities-for-german-companies
2026-08-26  BEAUFORT  https://www.sevenbeaufort.com/joinus
2026-08-26  BEDEVA  https://bedeva.org/join-our-team
2026-08-26  BE.FRUIT  https://www.welovefruit.be/vacatures/
2026-08-26  BEAULIEU FIBRES INTERNATIONAL  https://www.beaulieufibres.com/en/jobs/
2026-08-26  BECAUS  https://becaus.be/jobs/
2026-08-26  BEGELEC  https://www.begelec.be/kopie-van-over-ons
2026-08-26  BEKAERT - CALLEBAUT ACCOUNTANCY  https://bekaert-callebaut.be/vacatures/
2026-08-26  BELCAR  https://www.belcar.be/nl/vacatures
2026-08-26  BELFOR (BELGIUM)  https://www.belfor.com/us/en/careers/
2026-08-26  BELGIAN CITY HOTELS  https://bcch.be/jobs/
2026-08-26  BENEENS ALUCON  https://beneens.be/jobs/
2026-08-26  BERT MEEUS  https://dakwerkenmeeus.be/vacatures/
2026-08-26  BERTUS  https://www.bertus.com/nl/work-at
2026-08-26  BESIX Connect  https://www.besixconnect.com/nl/careers
2026-08-26  BESIX INFRA SUPPORT  https://www.besixinfra.com/nl/vacatures
2026-08-26  BESTRENT  https://bestrent.com/ontdek/bedrijf/vacatures/
2026-08-26  BESIX Unitec  https://www.besixunitec.com/nl/careers
2026-08-26  BETON-EN GRONDWERKEN VAN GAEVEREN  https://www.gvgbeton.be/vacatures/
2026-08-26  BETOWEST  https://betowest.be/vacatures/
2026-08-26  BEXCO  https://www.bexco.be/careers
2026-08-26  BEVER  https://www.bever.nl/werken-bij.html
2026-08-26  BIO - DYNAMICS  https://bio-dynamics.be/vacatures/
2026-08-26  BLOCKERYE  https://www.blockerye.be/vacatures/
2026-08-26  BEVEREN GOLFCLUB  https://go4jobs.be/werken-in-de-waaslandhaven
2026-08-26  BLYCOLIN TEXTILE SERVICES  https://www.blycolin.com/werken-bij/
2026-08-26  BOELS VERHUUR  https://careers.boels.com/
2026-08-26  BOFLEX  https://www.boflex.be/vacatures/
2026-08-26  BORG - BOUW  https://www.borg-bouw.be/kopie-van-over-ons
2026-08-26  BOON  https://www.boonedam.com/nl-nl/vacatures
2026-08-26  BOUW PAUL HUYZENTRUYT  https://paulhuyzentruyt.be/nl/contact/vacatures
2026-08-26  BOUWBEDRIJF F. SNIJERS  https://www.bouwbedrijfsnijers.be/jobs
2026-08-26  BOUWBEDRIJF DETHIER  https://groepdethier.be/carriere/
2026-08-26  BOUWBEDRIJF FURNIBO  https://furnibo.be/nl/jobs
2026-08-26  BOUWBEDRIJF VAN DER KINDEREN  https://www.vanderkinderen.be/vacatures/
2026-08-26  BOUWGROEP VERMEIREN  https://bouwgroep-vermeiren.be/solliciteer/
2026-08-26  BOUWONDERNEMING CHRISTIAENS  https://christiaens-bouw.be/nl/werken-bij-christiaens
2026-08-26  BOUWWERKEN DANIELS  https://danielsbouwwerken.be/vacatures/
2026-08-26  BOUWWERKEN PEETERS  https://www.bouwwerken-peeters.be/vacatures
2026-08-26  BOVEMA INTERNATIONAL  https://www.bovema.be/vacatures/
2026-08-26  BPI Service  https://bpiservice.be/vacatures/
2026-08-26  BRASPENNING - VAN DINGENEN  https://www.chape-braspenning.be/jobs/
2026-08-26  BREMS DAKWERKEN  https://www.bremsdakwerken.be/nl/vacatures
2026-08-26  BRICK  https://thebrick.be/careers/
2026-08-26  BREMS-DOORS  https://bremsdoors.com/en/jobs
2026-08-26  BRUNO DE WINTER  https://groencompost.be/groencompost-vacature.php
2026-08-26  BRITISH AMERICAN TOBACCO BELGIUM  https://careers.bat.com/en
2026-08-26  BRUVATEX  https://jobs.vrt.be/nl/vacatures
2026-08-26  BRUSTOR  https://www.brustor.com/en/careers
2026-08-26  BUILDMAT  https://www.buildmat.eu/jobs/
2026-08-26  Baeck Cladding  https://www.baeckcladding.be/vacature/
2026-08-26  BUILDING & PARTNERS  https://www.building-partners.be/vacatures/
2026-08-26  BattMobility  https://battmobility.be/careers
2026-08-26  BekaertDeslee  https://www.bekaertdeslee.com/en/careers
2026-08-26  Belgica  https://www.belgicaservices.be/jobs/
2026-08-26  Bichterweerd  https://www.bichterweerd.be/jobs
2026-08-26  Bio-Incubator Leuven  https://www.bioincubator.be/nl/jobs
2026-08-26  Blue Mobility  https://blue-bike.be/werken-bij-blue-bike/
2026-08-26  Booischot  https://ondernemendheist.be/vacatures/
2026-08-26  BlueAlp Oostende  https://www.bluealp.nl/careers/
2026-08-26  Bodima  https://bodima.be/jobs/
2026-08-26  Bouwbedrijf Vandersmissen  https://bouwbedrijf-vandersmissen.be/onze-vacatures/
2026-08-26  Boondoggle Havas  https://www.boondoggle.eu/jobs
2026-08-26  Bouwonderneming Verhaege  https://verhaege-bouwonderneming.be/nl/jobs
2026-08-26  Bright Plus Outsourcing Solutions  https://www.brightplus.be/nl/jobs
2026-08-26  Brussels DC  https://datacenterunited.com/over-ons/vacatures/
2026-08-26  C-MINE CRIB  https://c-minecrib.be/jobs/
2026-08-26  CALLEWAERT  https://jobs.callewaertnv.be/nl
2026-08-26  C-RENTAL  https://c-rental.eu/nl-be/werken-bij
2026-08-26  Barneveld  https://www.cafebelga.be/
2026-08-26  CARE PROPERTY FUND  https://tribunaux-rechtbanken.be/nl/jobs
2026-08-26  CARE 4 CARE  https://www.care4care.net/the-project/job-quality-and-inclusive-working-conditions/
2026-08-26  CARRERA  https://carrera-toys.com/pages/career
2026-08-26  CEVEK  https://www.theoboonsgroep.be/werken-bij/
2026-08-26  CHALET CENTER  https://www.chaletcenter.be/nl/vacatures/
2026-08-26  CHEP BENELUX  https://www.chep.com/careers/your-career-chep
2026-08-26  CHG-MERIDIAN Belux  https://www.chg-meridian.com/global-en/career/start-career/
2026-08-26  CHIAVEROTTI  https://www.cvr.be/nl/jobs/
2026-08-26  CHAUFFAGE VERZELEN  https://chauffageverzelen.be/jobs/
2026-08-26  CHIYODA EUROPA  https://www.chiyoda.be/careers
2026-08-26  CHS PAPER PACK  https://www.chspaperpack.com/jobs
2026-08-26  CHRISMA  https://chrisma.be/vacatures/
2026-08-26  CIBOR  https://www.cibor.be/over-cibor/vacatures/
2026-08-26  CIRCET BELGIUM  https://careers.circet-benelux.eu/open-vacatures-belgie
2026-08-26  CIRCL  https://circl.be/nl/vacatures
2026-08-26  CIONET  https://www.cionet.com/
2026-08-26  CIACFLEET  https://www.ciacfleet.be/vacatures
2026-08-26  CLEANDIENST  https://www.cleandienst.be/nl/jobs
2026-08-26  CLEANING PARTNERS  https://cleaningpartners.be/vacatures/
2026-08-26  CLEANING MASTERS  https://www.multimasters.be/nl/onze-vacatures/
2026-08-26  CLEAR  https://www.crystal-clear.be/jobs/
2026-08-26  CLIMAWEST  https://www.climawest.be/jobs
2026-08-26  CLIMA & PARTNERS  https://jobs.climaenpartners.be/
2026-08-26  COBBAUT  https://sb-cobbaut.be/vacature/
2026-08-26  COELEMBIER  https://www.coelembier.com/jobs/
2026-08-26  COENEN  https://www.vleeswarencoenen.be/vacatures
2026-08-26  COLSON CTB  https://colson-ctb.be/vacatures/
2026-08-26  COM2COM  https://www.com2com.be/
2026-08-26  CONBIT  https://www.conbit.eu/jobs
2026-08-26  CONCRETE HOUSE  https://www.concretehouse.be/werken-bij
2026-08-26  CONCORDIA TEXTILES  https://www.concordiatextiles.com/en/careers
2026-08-26  CONFORTLUXE  https://www.confortluxe.com/vacatures/
2026-08-26  CONSULTING GROUP  https://unitedconsulting.be/werken-bij/
2026-08-26  COOLS  https://www.niescools.be/jobs-oud
2026-08-26  COOR SERVICE MANAGEMENT  https://www.coor.be/werken-bij-coor/vacatures/
2026-08-26  COPACO SCREENWEAVERS  https://www.copaco.be/en/jobs/
2026-08-26  CONCOR FACILITY SERVICES  https://jobs.concorgroup.com/nl
2026-08-26  CORACO  https://coraco.be/jobs
2026-08-26  CORNE ROLLUIKEN  https://www.cornerolluiken.be/nl/jobs
2026-08-26  COURSE  https://www.centrumvoorafstandsonderwijs.be/vacatures-docenten
2026-08-26  COTTYN  https://cottyn.eu/nl/vacatures/
2026-08-26  COVRR  https://covrr.be/jobs/
2026-08-26  CRABBE DAKWERKEN  https://www.crabbe.be/jobs-onderaanneming
2026-08-26  CREMO  https://edgewell.com/pages/careers
2026-08-26  CREAPLAN  https://jobs.creaplan.be/nl
2026-08-26  CS Raamconstructies  https://cs-raamconstructies.be/jobs
2026-08-26  CT-O  https://www.ct-o.be/vacatures
2026-08-26  CUROSA  https://curosa.com/uk/careers
2026-08-26  CYCLIS BIKE LEASE  https://www.cyclis.be/inspiratie/belgische-marktleider-cyclis-bike-lease-trekt-het-duitse-jobrad-group-aan-als-strategische-partner/
2026-08-26  CREDIT MANAGEMENT & ADVICE  https://www.cmadvice.be/vacatures/
2026-08-26  Calysta  https://calysta.eu/jobs/
2026-08-26  Capstone Partners  https://www.capstonepartners.com/about/careers/
2026-08-26  CULINAS  https://www.sanixl.be/vacatures
2026-08-26  Cardoen  https://www.cardoen.be/nl/over-cardoen/werken-bij-cardoen/
2026-08-26  Cartim  https://cartimprint.be/nl/vacatures
2026-08-26  Cartonnages Roland  https://cartonnagesroland.be/jobs/
2026-08-26  Careforce One  https://www.careforceone.be/nl/jobs
2026-08-26  Clairfield Belgium  https://www.clairfield.com/join-us/
2026-08-26  Coenjaerts  https://www.coenjaerts.be/jobs
2026-08-26  Conduterra  https://conduterra.be/jobs/
2026-08-26  Consilo Group  https://www.consilo.be/vacatures
2026-08-26  Coussée Bouw  https://coussee.eu/jobs/
2026-08-26  ContactExpert  https://www.contactexpert.be/nl-be/vacatures
2026-08-26  Crime Control  https://www.crimecontrol.be/acteurs
2026-08-26  Cronos Jobs  https://www.cronos.de/jobs
2026-08-26  Corropaint  https://www.corropaint.com/vacatures
2026-08-26  D&D Isoltechnics  https://isoltechnics.be/vacatures.html
2026-08-26  D & O MOBILITY GROUP  https://www.amiforyou.com/jobs
2026-08-26  D.D.S. KISTENFABRIEK  https://www.ddskist.be/nl/jobs
2026-08-26  D.S.S.V  https://dssv.be/vacatures/
2026-08-26  DM & S  https://www.dms.be/about-us/talents
2026-08-26  D.W. Construct  https://www.dwconstruct.be/vacatures/
2026-08-26  DADDY KATE  https://daddykate.be/jobs/
2026-08-26  D.W.K  https://dwk-welding.be/vacatures/
2026-08-26  DANNY LAURYSSENS  https://www.lauryssens.be/vacatures/
2026-08-26  DARWIN  https://www.darwind.eu/jobs/senior-consultant/
2026-08-26  DAS  https://odoo.das.be/nl_BE/jobs
2026-08-26  DATELCOM BELGIUM  https://datelcom.eu/vacatures/
2026-08-26  DAVID  https://www.broeierijdavid.be/vacatures/
2026-08-26  DAVID RENOVATIEWERKEN  https://www.davidreno.be/vacatures/
2026-08-26  DANNEELS  https://jobs.danneels.be/nl
2026-08-26  DCF  https://www.dcf.be/career/
2026-08-26  DE BEVEILIGINGSFABRIEK  https://debeveiligingsfabriek.be/vacatures/
2026-08-26  DE BRANDT  https://www.debrandt.be/nl/jobs/
2026-08-26  DE CLIPPEL  https://declippel.be/jobs/
2026-08-26  DE CNIJF  https://www.decnijf.com/vacatures/
2026-08-26  DE COENE - PRODUCTS  https://www.deurduwers.be/nl/jobs
2026-08-26  DE BUCK AGENCY  https://www.debuckagency.com/vacatures/
2026-08-26  DE EEKHOORN  https://werkenbij.deeekhoorn.com/nl
2026-08-26  DE GROM  https://glasdegrom.be/vacatures-glashandel/
2026-08-26  DE LAERE DECOR  https://delaeredecor.be/careers
2026-08-26  DE MEDTS  https://demedts.be/vacatures
2026-08-26  DE HAAN  https://www.dehaan.be/vacatures
2026-08-26  DE PUYDT  https://depuydthaarden.be/vacatures/
2026-08-26  DE REU  https://www.wasserijdereu.be/vacatures/
2026-08-26  DE MOLEN  https://www.demolenbanden.nl/vacatures/
2026-08-26  DE PEUTER  https://depeuternv.be/werken-bij/
2026-08-26  DE VIJLDER P  https://devijlder.be/nl/vacatures/
2026-08-26  DE VIJVER  https://www.devijvervzw.be/jobs
2026-08-26  DE VLOER  https://www.floorsandmore.be/vacatures/
2026-08-26  DE VALK  https://valkwelding.com/nl/vacatures
2026-08-26  DE WOLKAMMERIJ  https://wolkammerij.be/jobs.aspx
2026-08-26  DEBLAERE HOUTBOUW  https://upgrade-estate.be/nl/jobs
2026-08-26  DECAGON  https://decagon.ai/careers
2026-08-26  DECOPRINT  https://decoprintwallcoverings.com/en/careers
2026-08-26  DECO-ENGINEERING  https://www.decoeng.ie/careers
2026-08-26  DECORATIE GEYSEN  https://www.decoratiegeysen.be/jobs/index.html
2026-08-26  DECUPERE DECORATIE  https://decuperedecoratie.be/vacature/
2026-08-26  DEDEYNE PROJECTS  https://www.dedeyneconstruct.be/nl/vacatures
2026-08-26  DECOSPAN  https://www.decospan.com/nl-nl/waarom-decospan/mensen
2026-08-26  DEBRA BOUW & AFWERKING  https://www.debragroep.be/vacatures/
2026-08-26  DEEP  https://careers.deepbv.nl/
2026-08-26  DELLORO FACTORY  https://www.delloro.be/jobs
2026-08-26  DEMA HOTELS INTERNATIONAL  https://demahotels.be/en/careers/internships
2026-08-26  DERDE CONSTRUCT  https://derdeconstruct.be/nl/jobs/
2026-08-26  DERMAUT  https://dermaut.eu/jobs/
2026-08-26  DERO CONSTRUCT  https://dero.be/nl/jobs
2026-08-26  DESAUW  https://desauw.be/jobs/
2026-08-26  DESMET  https://www.g-desmet.be/nl/vacatures-shaping-team
2026-08-26  DEVABO  https://www.devabo.be/jobs-copy
2026-08-26  DESOT  https://www.desot.com/vacatures
2026-08-26  DETRAC  https://www.detrac.be/bouwjobs-bij-detrac/
2026-08-26  DETREMMERIE  https://detremmerie.be/nl/jobs
2026-08-26  DEUTSCHE LEASING BENELUX  https://jobs.deutsche-leasing.com/
2026-08-26  DHAMAN  https://dhaman.org/careers.php
2026-08-26  DIA  https://www.dia.be/over-dia/werken-bij-dia
2026-08-26  DIGITRON  https://www.digitron.be/vacatures/
2026-08-26  DIELS  https://www.vicdielsenzonen.be/vacatures
2026-08-26  DIPECO CONTRACTING  https://www.dipeco.be/werken-bij-dipeco
2026-08-26  DKE  https://dkenv.be/over-ons/vacatures/
2026-08-26  DOCKX HANDLING EQUIPMENT  https://jobs.dockxhandling.be/nl
2026-08-26  DOVY KEUKENS  https://www.dovykeukens.be/jobs/
2026-08-26  DOUROS  https://www.dourfestival.eu/nl/jobs/
2026-08-26  DROESHAUT  https://droeshaut.be/nl/vacatures
2026-08-26  DRISAG  https://drisag.be/jobs
2026-08-26  DRIVE  https://www.247drive.be/vacatures
2026-08-26  DRUKKERIJ HENDRIX  https://drukkerijhendrix.be/jobs/
2026-08-26  DRUKKERIJ MODERNA  https://www.moderna.be/vacatures/
2026-08-26  DS Smith Packaging Belgium  https://www.dssmith.com/careers
2026-08-26  DRUKKERIJ JANSEN  https://www.drukjansen.be/job-in-de-kijker-statische-stickers/
2026-08-26  DRUKKERIJ ZWARTOPWIT  https://www.zwartopwit.be/vacatures
2026-08-26  DUPAC  https://dupac.be/vacatures/
2026-08-26  DUPONT  https://careers.dupont.com/nl/nl
2026-08-26  Dakota Technologies  https://dakotatechnologies.com/about/careers.html
2026-08-26  DURABRIK BOUWBEDRIJVEN  https://www.durabrik.be/nl/jobs
2026-08-26  DYNASET  https://dynaset.com/careers-and-open-positions/
2026-08-26  DYNAMIC OFFICE  https://www.nuod-financien.be/2025/05/06/vacatures-via-jobsfin/
2026-08-26  Debackere Agro  https://debackere-agro.be/nl/jobs
2026-08-26  Decruy  https://www.decruy.be/nl/vacatures
2026-08-26  Dematic  https://www.dematic.com/en-us/about/careers/
2026-08-26  Diaz Sunprotection  https://jobs.diaz.be/
2026-08-26  Denys  https://jobs.denys.com/nl
2026-08-26  Dierckx  https://miekedierckx.be/pages/jobs
2026-08-26  Dillen Bouwteam  https://www.dillen.be/p/jobs.html
2026-08-26  Directlease  https://directlease.be/vacatures/
2026-08-26  Down2Earth Capital  https://www.d2e.be/jobs/
2026-08-26  Delmo  https://www.delmo.be/jobs
2026-08-26  Drukkerij Bosmans  https://www.drukkerijbosmans.be/vacatures/
2026-08-26  Drukkerij De Bie  https://printmediajobs.be/
2026-08-26  Drukkerij-Uitgeverij Die Keure  https://www.diekeure.be/nl/vacatures/
2026-08-26  Domo Engineered Materials  https://www.domochemicals.com/en/careers
2026-08-26  Dubois  https://www.duboiscontrol.be/vacatures/
2026-08-26  Dutry Power  https://www.dutrypower.be/nieuws/jobs-dutry-power
2026-08-26  Drukkerij Van Lijsebetten  https://www.vanlijsebetten.be/all-jobs/
2026-08-26  E.T.I.B  https://etib.be/jobs/
2026-08-26  E.L. Technics  https://celsius-watt.be/jobs
2026-08-26  E.L. SYSTEMS  https://www.elsystems.be/vacatures/
2026-08-26  E.G.A. PROJECTS  https://ega.ee/jobs-internships/
2026-08-26  E.W  https://www.ew.nl/vacatures/
2026-08-26  E-DEMONSTRATIONS.BE  https://www.e-demonstrations.be/jobs/
2026-08-26  De Mensen  https://demensen.be/nl/job/vacatures/
2026-08-26  EECKHAUT  https://www.eeckhautnv.be/nl/vacatures
2026-08-26  EDIBO  https://edibo.be/job/
2026-08-26  EEG  https://portaal.eeg.be/nl_BE/jobs
2026-08-26  EFFECTIVE MEDIA  https://effectivemedia.be/jobs/
2026-08-26  EGD  https://www.egd.be/vacatures/
2026-08-26  EFVEO Francoys-Vanoverschelde  https://www.efveo.com/job-openings/
2026-08-26  EGREGORA  https://www.egregoraglobal.com/jobs
2026-08-26  ELECTRA CONTRACTORS  https://www.electracontractors.be/vacature/
2026-08-26  ELBOKA  https://www.elboka.be/vacatures
2026-08-26  ELECTRO - VERBEKE  https://www.electro-verbeke.be/werken-bij-ons/
2026-08-26  ELECTRO DEBREE  https://www.electrodebree.be/nl/jobs
2026-08-26  ELECTRO PARTNERS  https://www.electropartners.com/nl/jobs
2026-08-26  ELEKTRO VERSCHUERE  https://www.elektro-verschuere.be/jobs
2026-08-26  ELEKTROPLAN  https://www.elektroplan.be/vacature-werfleider.php
2026-08-26  ELEP  https://www.elep.be/nl/vacature
2026-08-26  ELEKTRO CAPPOEN  https://elektrocappoen-webcataloog.be/nl/vacatures
2026-08-26  ELIGIO  https://eligio.be/carriere/
2026-08-26  ENGEPAR  https://engepar.be/careers/
2026-08-26  ENTREC  https://www.tg-group.be/careers
2026-08-26  EOLIS  https://www.eolisgroup.com/careers
2026-08-26  ENERGY  https://www.energyvision.be/nl-be/over-ons/werken-bij-energyvision
2026-08-26  EOLUZ  https://eoluz.be/jobs/
2026-08-26  ENERGIE BEWUST WONEN  https://energiebewustwonen.eu/jobs/
2026-08-26  ERBA  https://www.erba.be/jobs
2026-08-26  ESCAPE EVENTS  https://escape-events.be/nl/jobs/
2026-08-26  ESDE  https://www.esde-extrusion.com/company/jobs
2026-08-26  ESG-CONSULTANCY  https://esg-consultancy.be/jobs
2026-08-26  ESDEEL  https://www.esdeel.be/jobs
2026-08-26  ESSCOMM  https://www.malaysiakini.com/nl/jobs
2026-08-26  ESSC  https://essc.be/openstaande-vacatures
2026-08-26  EUDIA  https://www.eudia.com/careers
2026-08-26  ETEC  https://etec.be/jobs/
2026-08-26  EURESEARCH  https://www.euresearch.ch/en/about-us/jobs-170.html
2026-08-26  EUROFILTERS  https://eurofilters.careers
2026-08-26  EUROPEAN SPINNING GROUP  https://www.esg-group.eu/en/jobs
2026-08-26  EURECO  http://www.eureco.be/jobs
2026-08-26  EUROPLAY  https://europlay.eu/vacatures/
2026-08-26  EVENT MASTERS  https://eventmasters.eu/jobs/
2026-08-26  EWINGS  https://ewings.be/resources/vacatures
2026-08-26  EXECON  https://execon.be/jobs
2026-08-26  ENGICAM  https://www.engicam.com/aboutus/careers
2026-08-26  Easyfairs Belgium  https://www.easyfairs.com/career/
2026-08-26  EXTREMIS  https://www.extremis.com/nl/over-ons/jobs
2026-08-26  EYESEE  https://www.eyesee-research.com/careers
2026-08-26  EWS  https://www.werkenbijews.nl/
2026-08-26  Eazer Facility  https://www.eazer.be/nl/jobs
2026-08-26  Elektro - Tech. V.V.V  https://elektrotech.be/jobs/
2026-08-26  EcoPuur  https://www.ecopuur.be/jobs
2026-08-26  Energetic  https://energeticmachinery.com/jobs
2026-08-26  Elite Group  https://elitegroup.be/nl/careers/
2026-08-26  Evip  https://evip.be/vacatures/
2026-08-26  F & R SIMONS  https://fr-simons.be/vacatures/index.html
2026-08-26  FAROS  https://faros.eu/en/jobs
2026-08-26  FCR MEDIA BELGIUM  https://careers.fcrmedia.be/?lang=nl
2026-08-26  FDK  https://fdk.be/jobs/
2026-08-26  FICHET SECURITY SOLUTIONS BELGIUM  https://www.fichetgroup.com/be-nl/vacatures/account-manager
2026-08-26  FIDUC  https://www.fiducto.be/vacatures
2026-08-26  FIFTY  https://fiftyfiveplus.be/vacatures
2026-08-26  FINBEHEER  https://finbeheer.com/careers
2026-08-26  FINANCE AND MANAGEMENT INTERNATIONAL  https://financialcertified.com/Management-Consulting-Jobs.html
2026-08-26  FIMER  https://www.fimer.com/jobs-and-careers/energy-changing-professions
2026-08-26  FEELINE  https://www.feeline.be/jobs/
2026-08-26  FINEKO  https://www.fineko.be/vacatures
2026-08-26  FINIQ  https://www.finiq.be/Jobs
2026-08-26  FINQ  https://fin-q.be/jobs/
2026-08-26  FISCONSULT-ACCOUNT  https://www.fisconsult-account.be/vacatures
2026-08-26  FISCOVAN  https://fiscovan.be/vacatures-boekhouders-fiscalisten-dossierbeheerder-accountant
2026-08-26  FLEET MACH  https://mach.io/careers/
2026-08-26  FITCO  https://www.fitco.be/nl/jobs
2026-08-26  FOETS DENIS  https://foets.com/vacatures
2026-08-26  FLANDERS CLASSICS  https://www.flandersclassics.be/nl/jobs
2026-08-26  FLUENTIS  https://www.fluentis.be/vacatures
2026-08-26  FIVEZ  https://fivez.be/jobs/
2026-08-26  FORAX  https://careers.forax.com/
2026-08-26  FRAEYE  https://fraeye.be/nl/vacatures
2026-08-26  FRAKO  https://frako.be/vacatures/
2026-08-26  FRAIKIN BELGIUM TRUCK RENTING  https://www.fraikin.be/fr/rejoignez-nous-be
2026-08-26  FRANSEN BOUWONDERNEMING  https://fransenbouwonderneming.be/jobs
2026-08-26  FUTURE GAMES  https://www.gamequarter.be/jobs/
2026-08-26  Finastra  https://www.finastra.com/careers/life-at-finastra
2026-08-26  Focus Projects  https://www.focusprojects.be/vacatures
2026-08-26  Fläktgroup Belgium  https://www.flaktgroup.com/en/careers-at-flaktgroup/
2026-08-26  Fyxt  https://www.fyxt.be/jobs
2026-08-26  Foresco BE  https://www.werkenbijforesco.eu/
2026-08-26  Flexura Floors  https://www.flexura.be/nl_BE
2026-08-26  G.A.P. Vassilopoulos Benelux Network NV  https://allesover03.be/vacatures/
2026-08-26  GAGELMANS  https://gagelmansrecycling.be/vacatures
2026-08-26  GACO  https://www.amrize.com/us/en/careers.html
2026-08-26  G.T.C  https://www.gtcbuild.be/?page_id=47
2026-08-26  GARANT  https://realgarant.com/career/
2026-08-26  FLANDERIJN  https://www.flanderijn.be/over-flanderijn/werken-bij/vacatures
2026-08-26  GASTRO - SERVICE  https://www.gastro-service.be/jobs
2026-08-26  GDW Security  https://www.gdwsecurity.be/vacatures/
2026-08-26  GEENS EL.CO  https://geenselco.be/jobs.htm
2026-08-26  GENAX  https://genaxai.com/careers/
2026-08-26  GEMOCO  https://gemoco.be/vacatures/
2026-08-26  GENSCOM  https://www.genscom.be/be_nl/over/vacatures
2026-08-26  GEVAERT BANDWEVERIJ  https://www.gevaertband.be/nl/vacatures.be/
2026-08-26  GERAN  https://www.geran.nl/vacatures/
2026-08-26  GEVERS BELGIUM  https://gevers.eu/careers/job-offers/
2026-08-26  GHELAMCO  https://ghelamco.com/careers/
2026-08-26  GILI  https://www.gilidrinks.com/nl/jobs
2026-08-26  GIJSBRECHTS  https://gijsbrechts.be/vacatures/
2026-08-26  GILICON  https://www.gilicon.be/category/vacature/
2026-08-26  GILLEMAN  https://www.gillemannv.be/jobs/
2026-08-26  GILLIS  https://nvgillis.be/vacatures/
2026-08-26  GOOSSENS KEUKENS  https://www.goossens.be/p/vacatures.html
2026-08-26  GONDELLA  https://www.gondella.com/en/careers
2026-08-26  GOUDA VUURVAST BELGIUM  https://www.goudavuurvast.be/nl/vacatures/
2026-08-26  GRAPHIC PACKAGING INTERNATIONAL EUROPE  https://www.graphicpkg.com/careers/
2026-08-26  GRAPHIC STUDIO  https://jobs.vercel.app/
2026-08-26  GREEN ROAD  https://greenroad.be/nl/jobs/
2026-08-26  GREENHOUSE TALENT  https://www.greenhousetalent.com/jobs
2026-08-26  GRAPHIUS BRUSSELS  https://graphius-jobs.com/
2026-08-26  GREEN SEED BELGIUM  https://greenseedgroup.com/market-opportunity-assessment/
2026-08-26  GROENER  https://www.groener.be/careers
2026-08-26  GROENSERVICE MARISSEN  https://groenservicenv.be/vacatures
2026-08-26  GROUP SUERICKX  https://www.groupsuerickx.be/nl/vacatures
2026-08-26  GROUP BRUNO  https://jobs.groupbruno.be/
2026-08-26  GROUP RENOTEC  https://jobs.renotec.be/
2026-08-26  GROUP JOOS  https://www.groupjoos.com/nl/vacatures
2026-08-26  GROUP THYS  https://groupthys.com/jobs/
2026-08-26  Gebr. Peeters  https://gebroederspeetersnv.jimdofree.com/vacatures/
2026-08-26  GUMPTION  https://www.gumption.eu/vacancies
2026-08-26  Gent-Asfalt  https://www.gentasfalt.be/vacatures
2026-08-26  Gezel  https://gezel.be/jobs/
2026-08-26  Global Textile Alliance Belgium  https://lovehomefabrics.com/jobs?f%5B0%5D=location%3A17
2026-08-26  Gravo  https://www.gravo.be/vacatures
2026-08-26  Govaere Bouw  https://www.govaere.be/vacatures
2026-08-26  H.S.B. SERVICE  https://careers.munichre.com/en/munichre
2026-08-26  H.S.L  https://hsl-belgium.eu/de/jobs
2026-08-26  H.H.N  https://www.hhn.be/nl/jobs/
2026-08-26  Guilliams Green Power  https://www.guilliamsgroup.be/spontaan-solliciteren
2026-08-26  HAECK JAN  https://www.janhaeck.be/vacatures
2026-08-26  HAELVOET  https://www.haelvoet.be/nl/jobs
2026-08-26  HAKO BORINGEN  https://www.hakoboringen.be/vacatures/
2026-08-26  HANSSENS TELECOM  https://www.hanssens.io/nl/werken-bij-hanssens
2026-08-26  HAYSTACK INTERNATIONAL  https://www.haystack-consulting.com/careers
2026-08-26  HEGROLA  https://hegrola.be/vacatures
2026-08-26  HBS  https://hbs-geel.be/nl/vacatures/
2026-08-26  HEEREN  https://www.heerengroep.nl/vacatures
2026-08-26  HAVENSTAD  https://www.havenjobs.com/nl/jobs-antwerpen
2026-08-26  HEAD OFFICE  https://www.mediaspecs.be/jobs/
2026-08-26  HELEXIA BELGIUM  https://www.helexia.be/over-helexia/onze-vacatures
2026-08-26  HENS  https://hensnv.be/jobs
2026-08-26  HERO CONSTRUCT  https://www.heroconstruct.be/vacatures/
2026-08-26  HESTIA  https://www.hestia-it.be/careers
2026-08-26  HET FONDS  https://fonds127.be/nl/nieuws/nieuwsbericht/detail/nieuwe-sectorale-cao-inzake-flexi-jobs-in-pc-127-ondertekend
2026-08-26  HERTSENS INFRA  https://jobs.hertsens.be/
2026-08-26  HEYVAERT  https://heyvaertbart.be/nl/vacatures
2026-08-26  HENDRIKX  https://www.hendrikxnv.be/vacatures/
2026-08-26  HEXAGON  https://www.hxgn.be/nl/opportuniteiten
2026-08-26  HOREMANS KEUKENS MEUBELEN  https://horemans.be/vacatures
2026-08-26  HOOYBERGHS HVAC  https://app.beehire.com/career/hooyberghs-hvac
2026-08-26  HOOGMARTENS WEGENBOUW  https://www.hoogmartens.be/jobs/
2026-08-26  HOUBEN  https://houbennv.be/jobs/
2026-08-26  HTCTC  https://htctc.com/nl/jobs
2026-08-26  HUBERMONT SPACE FOR DEVELOPMENT  https://www.hubermont-space.com/jobs
2026-08-26  HYDREX  https://hydrex.be/news/join-us-at-smm-2026-from-september-1-until-4/
2026-08-26  Haletra-Leën  https://www.haletra-leen.be/jobs
2026-08-26  Heras Hekwerk  https://www.heras-mobile.be/nl/werken-bij
2026-08-26  Herva-Doublet  https://herva.be/jobs
2026-08-26  Historium  https://www.historium.be/nl/jobs/
2026-08-26  Hommema  https://www.hommema.com/werken-bij/
2026-08-26  Houwelyckx Wegenbouw  https://houwelyckx.be/vacatures/
2026-08-26  Huijbregts Infra  https://www.huijbregts.eu/werken-bij
2026-08-26  IBW  https://ibwbinding.be/nl/vacatures
2026-08-26  IBENS  https://www.ibens.be/nl/jobs
2026-08-26  IDEA  https://ideaconsult.be/nl/jobs/
2026-08-26  Huybreckx  https://www.huybreckx.be/jobs/
2026-08-27  AVOCOM  https://www.avocom.be/vacature-it-systeembeheerder
2026-08-27  DURANET  https://www.duranet.com/nl/
2026-08-27  MULTIPLE HATS  https://creatievegeneralist.be/project/van-jobhopper-cv-naar-sterk-verhaal/
2026-08-27  ELSCOLAB  https://elscolab.com/en-be
2026-08-27  Plasmajet Advanced Coatings  https://plasmajet.be/over-ons/jobs/
2026-08-27  ROCKWELL AUTOMATION  https://www.rockwellautomation.com/en-us/careers.html
2026-08-27  BRAND ENERGY & INFRASTRUCTURE SERVICES  https://brandsafway.com/careers
2026-08-27  BeContent  https://www.becontent.be/joinus/
2026-08-27  Boven Yvo  https://bovenyvo.be/careers/
2026-08-27  CARDINAL  https://www.cardinal.be/vacatures/
2026-08-27  CONSTRUCTION  https://eiffageconstructionbelux.be/jobs/onze-vacatures/
2026-08-27  COPAHOME  https://www.copahome.com/nl/jobs
2026-08-27  Dhooge  https://dhooge-nv.be/nl/jobs
2026-08-27  DCR GROUP  https://dcr.be/vacatures/
2026-08-27  DE COCK E & C  https://www.de-cock.eu/jobs-de-cock-e-en-c.html
2026-08-27  DE JONGE LUC  https://www.dejongeluc.be/vacatures
2026-08-27  DECOVAN  https://www.decovan.be/nl/vacatures
2026-08-27  DOMEIN CASTELMOLEN  https://domeincastelmolen.be/nl/vacatures
2026-08-27  DOos  https://www.bedrukte-doosjes.nl/overig/vacature-offsetdrukker-dagdienst/
2026-08-27  De Maerteleire  https://demaerteleire.be/vacatures
2026-08-27  De Ruyver  https://www.deruyvernv.be/nl/jobs
2026-08-27  De Preter  https://www.depreter.eu/jobs.html
2026-08-27  DTS Benelux  https://dtsbenelux.be/werken-bij/
2026-08-27  EASY-SERVICES  https://easy-services.nl/vacature-ict-field-service-monteur/
2026-08-27  EXPLOITATIE CASINO MIDDELKERKE  https://casinomiddelkerkebetfirst.be/vacatures/
2026-08-27  EXCEET CARD BELGIË  https://www.exceet-card-group.com/jobs/
2026-08-27  Environ Engineering NV  https://www.environ-eng.com/nl/jobs
2026-08-27  Emelia  https://emelia.be/vacatures/
2026-08-27  FIMEX  https://jobs.com.tr/
2026-08-27  FINFISCO  https://finfisco.be/vacatures
2026-08-27  GIA CATARO  https://gia-cataro.be/vacatures/
2026-08-27  GENERAL DATA APPLICATIONS  https://www.renewableenergyworld.com/solar/jobs-and-gigawatts-how-to-position-your-solar-company-in-light-of-the-suniva-trade-case/
2026-08-27  GRL HOLDING  https://grl.be/openstaande-vacatures/
2026-08-27  GYSELINCK  https://www.gyselinck.be/vacatures-bouwsector/
2026-08-27  HAEZEBROUCK  https://haezebrouck.com/page1.html
2026-08-27  Grandeco Wallfashion Group  https://jobs.grandeco.be/nl
2026-08-27  HAMILTON BRIGHT  https://www.hamiltonbright.com/en/jobs/
2026-08-27  HERBOSCH - KIERE  https://herbosch-kiere.be/jobs/
2026-08-27  HETRONIC  https://www.hetronic.nl/vacatures/
2026-08-27  HICO  https://www.hico.com/job/
2026-08-27  HYMO  https://hymo.com/careers/
2026-08-27  IMCA  https://www.imca-int.com/membership/
2026-08-27  Lokerse BC  https://lokersebc.be/vacatures-vaste-medewerkers/
2026-08-27  IMMO SWENNEN  https://www.immokantorenoverzicht.be/vacatures/
2026-08-27  IMMO R.D.K  https://rdk.be/vacatures/
2026-08-27  ILWA  https://ilwa.be/vacatures/
2026-08-27  IMPERBEL  https://derbigum.be/nl/vacatures/
2026-08-27  IN-LEASE  https://www.in-lease.com/nl/vacatures
2026-08-27  INDUSCLEAN  https://indusclean.com/jobs/
2026-08-27  INNI group  https://www.innigroup.com/werkenbijinnigroup
2026-08-27  INFORMA  https://www.informa.nl/services/training-on-the-job/
2026-08-27  INFER  https://infer-research.eu/publishing-opportunities/
2026-08-27  INGELS ELECTRO-TECHNIEK  https://www.dirkingels.be/vacatures/
2026-08-27  INTEGRAL  https://integral-interieur.be/jobs/
2026-08-27  INSULCON N.V  https://careersat.insulcon.com/
2026-08-27  INJECTIS  https://injectis.com/about-us/vacancies/
2026-08-27  INTERNATIONAL DATA PROCESSING  https://dpoassociates.eu/dpo-vacatures/
2026-08-27  INVEL  https://invelrealestate.com/careers/
2026-08-27  INVENTO +  https://www.inventoscholen.be/vacatures
2026-08-27  INTRUM NV  https://www.intrum.be/nl/business-solutions/over-intrum/carriere/
2026-08-27  IPCOM  https://www.ipcom.be/jobs
2026-08-27  IPSOS  https://www.ipsos.com/en-nl/careers
2026-08-27  IOTTA COMMUNICATIONS  https://www.iotta.com/jobs/
2026-08-27  IRIS INDUSTRY SOLUTIONS  https://www.iris.be/nl/vacaturepagina/
2026-08-27  INDUSTRIELE EN BOUWKUNDIGE TOEPASSINGEN  https://www.ibtbouwtechniek.be/nl/vacatures/
2026-08-27  Insaver  https://insaver.be/particulier/vacatures/
2026-08-27  IPSILON Belgium  https://ipsilon-ip.eu/vacatures/
2026-08-27  Ignix  https://jobs.ignix.eu/nl
2026-08-27  Investeringsmaatschappij Modest  https://sogent.be/jobs
2026-08-27  ISOPANEL  https://www.isopanel.be/job/projectleider/
2026-08-27  International Marketing Consultants  https://www.em-normandie.ie/school-news/dublin-memorable-career-day-filled-encounters-inspiration-and-ambition
2026-08-27  International Building Services  https://uitzendkantoren.be/zoeken?q=flexi%20job
2026-08-27  J&T AUTOLEASE  https://www.jentautolease.be/nl/over-ons/vacatures
2026-08-27  J. Cortès Cigars  https://www.jcortes.com/en/age-verification?ru=%2Fen%2Fjobs
2026-08-27  JAMIESON  https://jamiesonwellness.com/careers-at-jamieson-wellness/
2026-08-27  JAN SNEL BELGIUM  https://careers.daiwahousemodular.eu/
2026-08-27  JANSEN KEUKENS  https://www.jansen-keukens.be/vacatures
2026-08-27  JARACO  https://www.jaraco.be/vacatures
2026-08-27  JASCO RENTING  https://www.entreeding.com/jobs
2026-08-27  JEHOUL BOUWONDERNEMING  https://jehoul.be/vacatures
2026-08-27  JOHN SAEY  https://www.johnsaey.be/nl/jobs
2026-08-27  JOS HEYLEN  https://www.josheylen.be/vacatures/
2026-08-27  JURI  https://juri.be/jobs/
2026-08-27  Jansen Cleanrooms & Labs  https://jansencleanroomslabs.com/careers/
2026-08-27  K & W CONSTRUCTION  https://kwconstruction.be/career/
2026-08-27  KAEFER België  https://kaefer.be/jobs/
2026-08-27  K-Boringen  https://www.k-boringen.com/vacatures/
2026-08-27  KARO  https://apply.workable.com/karohealthcare
2026-08-27  KBS-Systems  https://kbs-systems.be/jobs/
2026-08-27  KASTER KEUKENS  https://www.kaster.be/jobs/
2026-08-27  KENNEDY T.T.S  https://www.kennedytts.be/nl/job-openings/
2026-08-27  KERREMANS TECHNICS  https://kerremanstechnics.be/vacatures/
2026-08-27  KEUKENS SCHREURS  https://keukens-schreurs.be/vacatures
2026-08-27  KEULEERS & CO  https://www.keuleers.be/vacatures/
2026-08-27  KEUKENS VAN LOMMEL  https://keukensvanlommel.be/vacatures/
2026-08-27  KNOCKAERT GERRIE  https://warmtepompgids.be/
2026-08-27  KOMATSU EUROPE COORDINATION CENTER  https://www.komatsu.jp/ja/recruit/career
2026-08-27  KOOLE  https://www.koole.eu/jobs/
2026-08-27  KOTI-NABO  https://koti-nabo.be/over-koti-nabo/werken-bij-koti-nabo/
2026-08-27  KORDEKOR  https://kordekor.com/jobs
2026-08-27  KRANEN DESUTTER  https://www.desuttergroup.com/nl/vacatures/
2026-08-27  KORIM  https://www.korim.be/jobs
2026-08-27  KREITZ - VAN GROENINGEN  https://www.kreitz-fleurs.be/vacatures/
2026-08-27  Keyrus Management  https://jobs.keyrus.com/
2026-08-27  Kleemann Belgium  https://kleemannlifts.com/career
2026-08-27  LEAU DHIVER  https://jobs.comparegroup.eu/
2026-08-27  L&L  https://www.llstageservice.be/nl/vacatures
2026-08-27  LA CONCHA  https://www.laconcharesort.com:443/careers
2026-08-27  LAKEWOOD UNIVERSITY  https://lakewood.edu/career-assessment/
2026-08-27  LABEL PRODUCTS  https://www.label-products.com/job/
2026-08-27  LAMEIRE FUNDERINGSTECHNIEKEN  https://lameireft.be/nl/vacatures
2026-08-27  LAMPE TEXTILES  https://www.lampetextiles.com/jobs
2026-08-27  LANGEWOUTERS  https://langewouters.be/elektricien-hvac/
2026-08-27  LANDIA  https://www.landiainc.com/about-landia/jobs
2026-08-27  LASER  https://www.troteclaser.com/nl-be/over-ons/vacatures
2026-08-27  LDV/United  https://ldv.be/careers
2026-08-27  LEEUWERIK  https://www.leeuwerik.nl/vacatures
2026-08-27  LEMCO  https://lemco-nv.be/jobs
2026-08-27  LEMCOOL  https://www.lemcool.be/vacatures/
2026-08-27  LENAERTS  https://www.lenaertsnv.be/vacatures-lenaerts-lvr
2026-08-27  LEVRAU  https://levrau.be/page/openstaande-vacatures
2026-08-27  LIBOWAR  https://libowar.be/vacatures
2026-08-27  LIFE.IT  https://lifeit.tech/emp-details-1.html
2026-08-27  LIES INVEST  https://www.investatlanta.com/site-selectors/resources/opportunity-zone-tax-credits
2026-08-27  LEVENSTOND SEAFOOD  https://www.devisfactorij.be/nl/vacatures
2026-08-27  LIFEWORX GROUP  https://www.webfluence.be/jobs
2026-08-27  LIFTHING  https://lifthing.be/vacatures/
2026-08-27  LIBECO  https://www.libeco.com/nl/jobs
2026-08-27  LIFT  https://jobs.verolift.be/
2026-08-27  LIKE A VIRGIN  https://www.likeavirgin.be/nl/vacatures
2026-08-27  LITES  https://www.lites.be/jobs
2026-08-27  LIMBELMO  https://www.limbelmo.be/vacatures/
2026-08-27  LMF  http://lmf.be/over-ons/vacatures
2026-08-27  LOONBEHEER  https://www.thepayrolloffice.be/jobs
2026-08-27  LITTLE HARRY  https://littleharry.be/over-ons/vacatures/
2026-08-27  LOGFLOW  https://www.logflow.be/nl/jobs
2026-08-27  LIMAS ENERGETICS  https://grouplimas.eu/vacatures/
2026-08-27  LOGI - TECHNIC  https://www.logi-technic.be/jobs/
2026-08-27  LSB GROEP  https://lsb-groep.com/werken-bij/
2026-08-27  LIMBURGSE INDUSTRIELE DAKWERKEN  https://www.lid.be/jobs/
2026-08-27  LUCO  https://luco.be/jobs
2026-08-27  LUMIPAPER  https://www.printmatters.nl/vacature-leerling-flexodrukkers/
2026-08-27  LUXAUTO  https://www.luxauto.be/nl/vacatures
2026-08-27  LaTo  https://www.lato.be/vacatures
2026-08-27  LUCKIE  https://luckie.com/join/
2026-08-27  LanguageWire  https://languagewire.com/en-gb/careers/
2026-08-27  Lareco Infra  https://lareco-infra.be/vacatures/
2026-08-27  Lago Grimbergen Pierebad  https://www.werkenbijlago.be/
2026-08-27  Lean Meat Products  https://www.alimento.be/nl/voedingsbedrijven/samen-sleutelen-aan-futureproof-jobs
2026-08-27  LijnCom  https://lijncom.be/jobsnaarmensen
2026-08-27  Luna  https://luna.be/vacatures/
2026-08-27  Loomis Belgium  https://www.loomis.com/en/careers/
2026-08-27  Livecadia  https://livecadia.com/careers
2026-08-27  M.G.L. BELGIUM  https://malensteingloballogistics.com/job-opportunities/
2026-08-27  M.B  https://mbgroupe.be/jobs/
2026-08-27  M.S.B  https://msb.be/vacatures
2026-08-27  MAASEIK CHAMP  https://www.bankenchampignons.com/nl/ons-bedrijf/onze-mensen/
2026-08-27  MAAT SECURITY  https://www.maatsecurity.be/actueel/maat-organiseert-een-jobdag-retailbewaking-petrochemie-havenbewaking/
2026-08-27  MADICO  https://madico.com/about-us/careers
2026-08-27  MACHIELS BUILDING SOLUTIONS  https://machielsbuildingsolutions.be/werken-bij-mbs/
2026-08-27  MAES HOOGWERKERS  https://www.maeshoogwerkers.com/vacatures/
2026-08-27  MAGREMAX  https://www.waregem.be/vacatures
2026-08-27  MALEX  http://malex.be/Jobs.aspx
2026-08-27  M - VENTURES  https://www.m-ventures.com/career
2026-08-27  MAPO-FOOD  https://www.mapo.at/jobs/
2026-08-27  MATEXI LIMBURG  https://www.matexi.be/nl/vacatures
2026-08-27  MASURE  https://www.keukensmasure.be/vacatures/
2026-08-27  MATTON ORTHOPEDIE  https://mattonvoetcentrum.be/nl/jobs/
2026-08-27  MAUQUOY  https://mauquoy.com/werken-bij-ons
2026-08-27  MATHIEU GIJBELS  https://www.werkenbijgijbels.be
2026-08-27  MARINE TECHNICS  https://www.marine-technics.be/vacatures
2026-08-27  MAX ARTHUR  https://jobs.theguardian.com/
2026-08-27  MDL EUREGIO  https://mdl-euregio.be/nl/vacature
2026-08-27  MATTHIJS  https://www.matthijs-nv.be/installatietechniek-vacatures/
2026-08-27  MECAM  https://mecamgroup.be/jobs
2026-08-27  MEDERI  https://mederi.be/vacatures
2026-08-27  MAX  https://e-max.eu/vacatures/open-sollicitatie/
2026-08-27  MAVERON  https://jobs.maveron.com/jobs
2026-08-27  MELAPRET  https://melapret.be/jobs
2026-08-27  MEG  https://www.meg-nv.be/werken-bij-meg-nv/
2026-08-27  MEMO  https://www.memo.be/jobs
2026-08-27  MERAK  https://merak.be/nl-be/vacatures
2026-08-27  MERTENS  https://mertensbouw.be/vacature.php
2026-08-27  MESSIAEN  https://messiaen.be/vacatures
2026-08-27  METAFOX  https://www.metafox.be/nl/jobs
2026-08-27  MEULEMAN  https://meuleman.be/vacatures/
2026-08-27  MEVAC  https://mevac.be/vacature/
2026-08-27  MG DEMOLITION & Dismantling  https://www.mgdemolition.com/nl/node/165
2026-08-27  MI CASA  https://micasa.be/vacatures/
2026-08-27  MID - POINT  https://midpointtechnologygroup.com/careers/
2026-08-27  MICHELDENOLF  https://www.micheldenolf.be/nl/vacatures
2026-08-27  MIERS Renting  https://miers.be/nl/vacatures/
2026-08-27  MITRO  https://www.mitrofresh.com/nl/werken-bij-mitrofresh
2026-08-27  MOBILMAT  https://mobilmat.be/vacatures/
2026-08-27  MILLER GRAPHICS ROESELARE  https://www.febelgra.be/nl/vacatures
2026-08-27  MATHI  https://www.mathinv.be/nl/home/index.htm
2026-08-27  MOBIX  https://mobixfactor.be/
2026-08-27  MONDI POPERINGE  https://www.mondijobs.cz/
2026-08-27  MOMENTS FURNITURE  https://www.momentsfurniture.com/nl-be/jobs
2026-08-27  MORTI  https://www.morti.be/nl/vacatures/
2026-08-27  MORTIER ISOLATIEWERKEN  https://mortierisolatie.com/vacatures/
2026-08-27  MOERMAN  https://moermangroup.com/nl/vacatures/
2026-08-27  MUNDO  https://mundo-lab.org/jobs/
2026-08-27  MULTI TECHNICAL INSTALLATIONS  https://www.mti-industrie.be/vacatures/
2026-08-27  Mach Media  https://machmediagroup.com/careers
2026-08-27  MUVANTEX  https://www.muvantex.com/expanding-muvantex-people-we-believe-weaving-in-flanders/
2026-08-27  MULTY MANTA  https://www.multy.nl/jobs
2026-08-27  Madelec  https://www.madelec.be/nl/jobs/
2026-08-27  Mabo Group  https://www.buysse-partners.com/vacatures
2026-08-27  Mapo Belgium  https://mapogroup.be/nl/jobs/
2026-08-27  Mape  https://mape.be/vacatures/
2026-08-27  Meersman Bouwbedrijf  https://jobs.meersmanbouwbedrijf.be/
2026-08-27  Mintjens Group  https://www.mintjens.be/jobs
2026-08-27  MUYSHONDT SECURITY SOLUTIONS  https://www.muyshondt-security.be/vacatures/
2026-08-27  Mourik  https://www.mourik.be/jobs/
2026-08-27  MotivationHouse  https://motivationhouse.be/De%20%20paradox:%20oorlog%20voor%20talent%20en%20vacatures%20bereiken%20summum/
2026-08-27  Multicall Business Services & Security  https://multi-track.eu/service/jobregistratie/
2026-08-27  NACHTEGAEL  https://www.den-nachtegael.be/age-verification?destination=/jobs
2026-08-27  MVDP  https://mvdp-elektro.be/jobs/
2026-08-28  AMP FOOTBALL BELGIUM  https://www.i-job.nl/
2026-08-28  BROKERS TRAINING  https://www.brokerstraining.org/vacatures
2026-08-28  FREEZER & FRIENDS  https://freezer.be/jobs
2026-08-28  Autisme Vlaanderen  https://autismevlaanderen.be/vacatures
2026-08-28  CD - INVEST  https://www.cdinvest.eu/careers/
2026-08-28  LAMBRECHTS  https://www.lambrechts-group.be/jobs/
2026-08-28  Ranson  https://jobs.ranson.be/nl
2026-08-28  Verkooijen Veem  https://ilvnoorderkempen.be/jobbeurs/
2026-08-28  DAVIDCO  https://jobs.co.nz/
2026-08-28  HENDRIX DAKBEDEKKING  https://www.hendrixdakbedekking.com/p/jobs.html
2026-08-28  Lano  https://www.lano.com/nl/jobs
2026-08-28  NEBIM LEASE EN VERHUUR  https://werkenbijnebim.eu/
2026-08-28  NECAP CONSTRUCT  https://necapconstruct.be/vacatures/
2026-08-28  NEP BELGIUM  https://www.nepgroup.be/about/careers-at-nep
2026-08-28  Welzijnsvereniging Beschut Wonen Antwerpen  https://ibw-bolder.be/vacatures/
2026-08-28  NELIS WEGENBOUW  https://www.neliswegenbouw.be/vacatures
2026-08-28  NELEN & DELBEKE  https://nelen-delbeke.be/world/jobs/
2026-08-28  NEVES BELGIUM  https://neves.be/jobs
2026-08-28  NESTIA HOSPITALITY GROUP  https://www.nestiahospitality.com/jobs/
2026-08-28  NEW ART SELECTION  https://culturalcouncil.org/resources/opportunities-in-the-arts/
2026-08-28  NETALUX  https://netalux.com/careers/
2026-08-28  NEW MEAT  https://www.redefinemeat.com/career/
2026-08-28  NEXUS INVESTMENTS  https://nexusinvestments.com/insight/jobs-for-all/
2026-08-28  NIJS  https://bvbanijs.be/contact/?your-message=Ik%20heb%20interesse%20in%20de%20vacature%20Arbeider%20wegmarkering
2026-08-28  NEW LINES  https://www.newlines.be/vacatures/
2026-08-28  NTH CONTRACTORS  https://nthcontractors.be/carrieres/
2026-08-28  NOTTEBOHM  https://nottebohmbrecht.be/vacatures/
2026-08-28  Newcore  https://newcore.com/careers
2026-08-28  Nissha Metallizing Solutions  http://nisshametallizing.com/en/careers
2026-08-28  Nibo Technics  https://www.nibotechnics.com/jobs
2026-08-28  Norkan  https://norkan.be/jobs/
2026-08-28  OFFICENTER GEEL  https://jobs.officenter.eu/nl
2026-08-28  OFFITEL  https://offitel.be/jobs/
2026-08-28  OMER DELOOF  https://omerdeloof.be/vacatures
2026-08-28  OIKOS  https://oikos.be/jobstudent26/
2026-08-28  OMNEO MANAGEMENT  https://omneomanagement.com/vacatures
2026-08-28  OPEN SOON  https://www.opensoon.eu/jobs
2026-08-28  OOSTERLYNCK  https://www.screenplus.be/werken-bij-screen-2/
2026-08-28  OPTISPORT LOMMEL  https://www.optisport.nl/werken-bij-optisport
2026-08-28  ORANJETOURS  https://www.oranjetours.be/jobs
2026-08-28  OSTA CARPETS  https://www.ostacarpets.com/jobs
2026-08-28  ORELIA  https://orelia.be/jobs
2026-08-28  OUR WISH  https://worldwish.org/careers/
2026-08-28  OUTDOOR FACILITY MANAGEMENT  https://www.georgiancollege.ca/academics/academic-and-career-preparation/
2026-08-28  OTTAER  https://ottaer.be/jobs
2026-08-28  Obumex  https://obumex.be/en/job-vacancies
2026-08-28  Omnia Travel  https://www.omniatravel.be/nl/vacatures/
2026-08-28  Onderdak  https://dakwerkendevidt.be/jobs/
2026-08-28  Omnicom Media Belgium  https://www.mm.be/jobs-fr
2026-08-28  Open Analytics  https://www.openanalytics.eu/jobs/
2026-08-28  Optimum  https://optimumgroupcareers.com/vacancies/
2026-08-28  Oxygen  https://www.oxygen.be/jobs
2026-08-28  P&P  https://pphekwerk.be/vacatures
2026-08-28  Onestone  https://www.onestone.be/jobs/
2026-08-28  PACAPIME  https://www.pacapime.be/jobs-nl/
2026-08-28  P.W. CONSULTING  https://www.pwconsulting.nl/werken-bij-pw-consulting/
2026-08-28  PAI  https://careers.paipartners.com/
2026-08-28  PAN  https://pan-all.be/jobs
2026-08-28  PAMI  https://pami.eu/over-pami/jobs
2026-08-28  PANIS  https://www.panisgroup.com/career/
2026-08-28  Omnisport  https://www.vlaamsesportacademie.be/
2026-08-28  PARIM  https://www.parim.co/company/careers
2026-08-28  PAUWELS PRINT & MAIL  https://pauwelsdirectmail.be/vacatures/
2026-08-28  PEETERS-GOVERS  https://werkenbijah.be/
2026-08-28  PELICA  https://www.pelica.com/careers
2026-08-28  PARTNERS IN IT  https://roburcapital.be/nl/vacatures/
2026-08-28  PARA INDUSTRIES  https://www.para-industries.be/vacatures/
2026-08-28  PETERS LEON DAKWERKEN  https://petersleondakwerken.be/over-ons/jobs/
2026-08-28  PHD MEDIA  https://www.phdmedia.com/careers/
2026-08-28  PGS RODANAR PALLETS  https://www.yeswewood.com/nl
2026-08-28  PIT-EIFFAGE  https://pit-eiffage.com/jobs/
2026-08-28  PILIPILI  https://www.pilipili.be/nl/case/van-productdenken-naar-marktopportuniteiten/
2026-08-28  PLANET  https://careers.mediaplanet.com/jobs/100376-sales-project-manager-nl
2026-08-28  PLANOFURN  https://www.planofurn.be/nl/jobs/
2026-08-28  PLANTIJN  https://museumplantinmoretus.be/nl/werken-bij-het-museum-plantin-moretus
2026-08-28  PLOPSA  https://jobs.plopsa.com/nl
2026-08-28  POCRA  https://pocra.be/vacature-pocra-kraanverhuur
2026-08-28  PNO Innovation  https://www.pnoinnovation.com/careers/
2026-08-28  POLDERDIJK  https://freelancenetwork.be/nl/job-plaatsen
2026-08-28  POLYDAK  https://polydak.be/vacatures/junior-projectleider-platte-daken/
2026-08-28  POULEYN  https://www.pouleyn.be/nl/werken-bij-pouleyn-ontdek-al-onze-jobs
2026-08-28  PPP - APS GROUP  https://ppp-apsgroup.eu/vacatures/
2026-08-28  PRAXIS  https://werkenbijpraxis.nl/vacatures
2026-08-28  PRG PROJECTS  https://www.prg.com/en/about/careers
2026-08-28  PLN  https://plnheart.org/vacatures-van-stichting-pln/
2026-08-28  PREVENT  https://www.prevent.be/nl/vacatures
2026-08-28  PRAXIS GROUP  https://www.praxis-group.eu/nl/jobs
2026-08-28  PRO - PAY  https://jobs.propay.be/nl
2026-08-28  PROMECO  https://prmco.be/carriere/
2026-08-28  PROFALCO  http://www.profalco.be/jobs
2026-08-28  PRO LEAGUE  https://www.proleague.be/vacatures
2026-08-28  PRINTING SHOP COPY CENTERS  https://printing-shop.be/nl/jobs/
2026-08-28  PUBMARKET  https://www.pubmarket.be/jobs
2026-08-28  PUBLIGANDA  https://publiganda.be/jobs
2026-08-28  PURE PHARMA  https://pure-pharma.be/jobs/
2026-08-28  Pellikaan Bouwbedrijf  https://pellikaan.com/vacatures/
2026-08-28  PharmaLex Belgium  https://careers.cencora.com/us/en
2026-08-28  Polypreen België  https://polypreen.com/nl/vacancies
2026-08-28  Poels  https://poelsnv.be/vacatures/
2026-08-28  Poortland  https://poortland.be/vacatures/
2026-08-28  Plastibert & Cie  https://www.plastibert.be/jobs-2/
2026-08-28  Putboringen Van Deynse  https://putboringenvandeynse.be/vacature.html
2026-08-28  QBIX  https://www.qbix.be/blank-2
2026-08-28  Promo Sapiens  https://www.promosapiens.be
2026-08-28  Quarterra  https://quarterra.com/careers
2026-08-28  QUINTELIER  https://quintelier.biz/jobs
2026-08-28  QUALITY BUILD  https://qbuild.be/jobs/
2026-08-28  QUBUS  https://www.qubusinteriors.be/jobs
2026-08-28  QUACKELS WONINGBOUW  https://www.quackels.be/werken-bij-quackels-woningbouw/
2026-08-28  QUALIGLAS VAN DE VELDE  https://qualiglas.be/jobs/
2026-08-28  QUBO  https://www.qubo.be/nl/jobs/vacatures
2026-08-28  Quadrum  https://www.quadrum-capital.nl/nl/over-quadrum/vacatures
2026-08-28  RAGOEN  https://www.ragoen.be/jobs/
2026-08-28  RAILCO  https://www.vanormelingen-stas.be/vacatures
2026-08-28  RCLD  https://career.gsu.edu/
2026-08-28  RALCO  https://www.ralco.be/vacatures/
2026-08-28  RECON BOUW  https://www.reconbouw.be/vacatures/
2026-08-28  RECAD  https://www.recad.be/vacancy/
2026-08-28  REMY COMMUNICATION  https://remy-communication.be/jobs
2026-08-28  REMARKABLE  https://www.remarkable.eu/en/about-us
2026-08-28  REMOVE INSUL  https://www.removeinsul.be/nl/
2026-08-28  RENTOKIL  https://www.rentokil.com/search?ss360Query=Careers
2026-08-28  RENTIES  https://www.renties.be/nl/jobs
2026-08-28  REVOLT  https://www.revoltzero.com/vacatures/
2026-08-28  REVOR GROUP  https://jobs.revorgroup.com/nl
2026-08-28  RGF Staffing Belgium  https://www.rgfstaffing.be/nl/vacatures/
2026-08-28  RIBA RENT  https://www.ribarent.be/vacatures
2026-08-28  REZULT  https://rezult.app/careers/
2026-08-28  RIGHT MANAGEMENT  https://manpowergroup.be/job/onsite-hr-consultant-2/
2026-08-28  ROAN  https://www.werkenbijroan.nl/
2026-08-28  ROMARCO  https://romarco.be/vacatures
2026-08-28  RINVEST  https://rinvest.hr/how-to-have-fantastic-career-opportunities-with-minimal-spending/
2026-08-28  ROYAL ANTWERP FOOTBALL CLUB  https://www.royalantwerpfc.be/club/vacatures
2026-08-28  ROOS GROEP  https://roosgroep.com/nl/vacatures/
2026-08-28  ROYAL ZOUTE GOLF CLUB  https://www.compagniezoute.be/be-nl/vacatures
2026-08-28  RST CONSULTANCY  https://rtconsultancy.be/vacatures/
2026-08-28  ROMA ENTERPRISES  https://www.atninfo.com/careers
2026-08-28  Raammakers  https://raammakers.be/vacatures/
2026-08-28  Ramen Nuyts  https://ramennuyts.be/vacatures/
2026-08-28  Raes Construct  https://www.raesconstruct.be/nl/werken-bij-raes-construct
2026-08-28  Resitec  https://resitec.com/werken-bij-resitec
2026-08-28  RWK Interieur  https://www.rwk.be/werken-bij/
2026-08-28  Robuco  https://www.robuco.be/werken-bij2
2026-08-28  Rubis  https://rubisnv.be/vacatures/
2026-08-28  S&R Brugge  https://be.trabajo.org/guides-carriere
2026-08-28  SAHMA  https://www.sahma.org/jobs
2026-08-28  SAELENS MEUBILERING  https://saelensmeubilering.be/nl/vacatures
2026-08-28  SAMOCO  https://www.samoco.be/jobs
2026-08-28  SALEMBIER  https://www.salembier-nv.be/vacatures/
2026-08-28  SAMYN  https://www.samynbvba.be/vacatures/
2026-08-28  SANECAL  https://www.sanecal.be/vacatures/
2026-08-28  SANITECHNIEK  https://sanitechniek.be/nl/vacatures-sanitechniek
2026-08-28  SCHEPERS  https://schepers.be/jobs/
2026-08-28  SCHETS + DE BLAY  https://www.schetsdeblay.be/careers
2026-08-28  SCAB  https://www.scabadvies.nl/werken-bij/
2026-08-28  SCHIFFELEERS-GLAS  https://www.schiffeleersnv.be/p/vacatures.html
2026-08-28  SCHREURS PROJECT  https://schreurs-project.be/vacatures/
2026-08-28  SBE  https://www.sbe-engineering.com/jobs/
2026-08-28  SD Worx People Solutions  https://careers.sdworx.com/nl/departments/payroll
2026-08-28  SCHRIJNWERKERIJ VERNIERS  https://www.verniers.be/vacatures/
2026-08-28  SCUTUM BELGIUM  https://www.scutum-group.com/fr/recrutement
2026-08-28  SF - CONSTRUCT  https://sfconstruct.be/vacature
2026-08-28  SH Limburg  https://www.superhuis.be/vacatures/vacatures.php
2026-08-28  SHELF SERVICE  https://shelfservice.be/en/jobs
2026-08-28  SAVANNAH  https://www.savannahdebock.com/
2026-08-28  SHRIMP TEMPURA  https://www.shrimptempura.be/vacatures
2026-08-28  SIEMENS  https://www.siemens-energy.com/global/en/home/careers/working-with-us.html
2026-08-28  SCREEN BELGIUM  https://screengroup.eu/nl/contact/vacatures/
2026-08-28  SIGO  https://www.sigo.be/job/
2026-08-28  SIGNTS  https://signts.com/vacatures/
2026-08-28  SIOEN  https://jobs.sioen.com/en
2026-08-28  SITE OUD SINT-JAN  https://oudsintjan.be/nl/vacatures/
2026-08-28  SMET-JET  https://smetjetforce.be/vacatures/
2026-08-28  SMART PACKAGING SOLUTIONS  https://smart-packaging-solutions.com/nl/jobs
2026-08-28  SIEGERS TECHNICS  https://jobs.siegers.be/
2026-08-28  SOGA  https://soga-nv.be/vacatures.html
2026-08-28  SOFIMO  https://www.sofimo.be/nl/vacatures
2026-08-28  SOLAR  https://www.mrsolar.be/nl/jobs
2026-08-28  SONIC HEALTHCARE BENELUX  https://vetplace.be/nl/vacatures
2026-08-28  SONOBO  https://www.sonobo.be/nl/vacatures
2026-08-28  SPAAS KAARSEN  https://www.spaas.eu/nl/open-vacatures
2026-08-28  SPORTINFRABOUW  https://www.sportinfrabouw.be/nl/jobs
2026-08-28  SOFIDEL BENELUX  https://careers.sofidel.com/go/default/843102
2026-08-28  SPITS IVO  https://www.spitsivo.be/jobs/
2026-08-28  SPRENGERS REKLAME - ADVIESBUREAU  https://sprengers.be/
2026-08-28  STANLEYBET BELGIUM  https://spherebusinesspark.be/jobs
2026-08-28  STANWICK  https://stanwick.be/jobs
2026-08-28  STEEN ELEKTRICITEIT  https://www.steen-elektriciteit.be/jobs
2026-08-28  STERKENS Security  https://www.sterkenssecurity.be/nl/vacatures
2026-08-28  STOKJES  https://www.stokjes.be/vacatures
2026-08-28  STORY CHIEF  https://www.storychief.io/jobs
2026-08-28  STRUKTON RAIL  https://struktonrail.be/jobs-strukton-rail/
2026-08-28  STESSENS  https://stessens.be/vacatures/
2026-08-28  STRATICA  https://stratica.be/vacatures-stratica/
2026-08-28  STUDIO CLAERHOUT  https://jobs.communicatiecampus.be/nl
2026-08-28  SUBEMA  https://surinaamsegids.com/vacatures/
2026-08-28  STUKADOORBEDRIJF HOOMANS H. en A  https://stukadoor-gids.be/
2026-08-28  SUBSEA INDUSTRIES  https://subind.net/news/join-us-at-smm-2026/
2026-08-28  STUYTS  https://www.stuyts.be/jobs/
2026-08-28  SUN INVEST  https://suninvestbvba.be/vacatures/
2026-08-28  SWAP  https://swap-solutions.be/job/
2026-08-28  STONEAGE  https://www.stoneagebelgie.be/werken-bij
2026-08-28  SYMETA HYBRID  https://symeta-hybrid.com/nl-be/vacatures
2026-08-28  SWENTIBOLD  https://www.swentibold.com/vacatures
2026-08-28  Safety Truck  https://www.volvotrucks.nl/nl-nl/about-us/careers.html
2026-08-28  SYMO  https://symoparasols.com/jobs/
2026-08-28  Sarawak Belux  https://jobs.sarawak.be/
2026-08-28  Satellic  https://www.satellic.be/jobs
2026-08-28  Savaco Holding  https://careers.savaco.com/
2026-08-28  Saunaco  https://www.saunaco.com/nl
2026-08-28  Saldico  https://saldico.be/nl/jobs/
2026-08-28  Schoofs  https://schoofsbouw.be/vacatures/
2026-08-28  Sense Real Estate  https://symphonytowersinfrastructure.com/wireless-infrastructure-partnerships/
2026-08-28  Seyntex  https://www.seyntex.com/en/jobs
2026-08-28  Servibox  https://www.servibox.be/nl/jobs
2026-08-28  Sibomat  https://sibomat.be/vacatures/
2026-08-28  Silo Leuven  https://www.centrumvooravondonderwijs.be/vacatures
2026-08-28  Sigmund  https://sigmund.be/podcast/heidi-de-pauw
2026-08-28  Smurfit Westrock Bornem  https://www.smurfitkappa.com/people/careers
2026-08-28  Sodecon  https://sodecon.be/vacatures/
2026-08-28  Smiles  https://thesmiles.be/jobs/
2026-08-28  Spider Security Group  https://spidersecurity.eu/over-ons-2-2/
2026-08-28  Speck  https://www.speckpompen.be/nl/vacatures
2026-08-28  Stac Management  https://www.stac.scot.nhs.uk/job-evaluation-2
2026-08-28  Springbok  https://jobs.springbokagency.com/en?country=Belgium
2026-08-29  ATLAS INTERNATIONAL NETWORK  https://www.atlas-network.com/en/news/canada-s-west-coast-ports-position-for-bigger-role-as-trade-shifts-beyond-the-u-s
2026-08-29  JORI  https://www.jori.com/en/vacatures
2026-08-29  Koffiebranderij ROM  https://romkoffie.be/over-rom#word-collega
2026-08-29  DE COSTER DOMINIQUE  https://www.decosternv.be/p/jobs.html
2026-08-29  DIABETON  https://www.diabeton.be/p/vacatures.html
2026-08-29  EWS  https://www.ews-group.be/ews-group/jobs/
2026-08-29  LIMBURG DIEPENBEEK CAMPUS  https://limburgdc.be/nl/8-nieuwe-salkturboprojecten-voor-ondernemerschap-en-de-jobs-van-morgen/
2026-08-29  Baeyens Bosteels & Dender Insurance  https://bbdgroup.be/vacatures/
2026-08-29  Student Homes  https://www.arteveldehogeschool.be/nl/vacatures
2026-08-29  T.B.W.A  https://tbwa.be/jobs/
2026-08-29  SuperJump Geel  https://www.superjump.be/nl/geel/info/vacatures
2026-08-29  Sylvester Productions  https://www.sylvester.be/nl/jobs/
2026-08-29  TANGO  https://www.tango.nl/over-ons/werken-bij/banen
2026-08-29  TEAM INDUSTRIES  https://teamindustries.com/jobs/
2026-08-29  TASCO  https://tascoshop.eu/nl/vacatures/
2026-08-29  TCM BELGIUM  https://tcm.be/nl/over-ons/jobs/
2026-08-29  TECHNICARRO-CAP  https://www.technicarro-cap.be/nl/vacatures/
2026-08-29  TECHNIEK OP MAAT  https://techniekopmaat.be/vacatures/
2026-08-29  TECHNICAL MAINTENANCE SERVICE  https://www.tmsbelgium.be/vacatures/
2026-08-29  TECTUM ROOFCOMFORT  https://www.tectumgroup.be/jobs
2026-08-29  TECHNOPOLIS  https://www.technopolis.be/nl/vacatures/
2026-08-29  TECNOSPACE  https://tecnospace.com/vacature-2/
2026-08-29  TELCOM  https://www.telcom.be/nl/vacatures
2026-08-29  TENNANT EUROPE  https://jobs.tennantco.com/?utm_source=careersite&utm_campaign=careersite
2026-08-29  TELE TICKET SERVICE  https://www.beat-tickets.be/nieuws/dieter-troubleyn-evita-musical-interview
2026-08-29  TENDRA  https://www.tendra.com/careers
2026-08-29  TEWE  https://tewe.com/de/jobs/warum-zu-tewe
2026-08-29  TER VELDEN  https://www.hof-ter-velden.be/vacatures
2026-08-29  THE IMAGE BUILDERS  https://theimagebuilders.be/jobs
2026-08-29  THE ROTATING COMPANY  https://www.therotating.company/vacature/
2026-08-29  THE NEW IMAGE  https://newimage.world/blogs/new-appointment-rod-taylor-chief-executive-officer
2026-08-29  THE ZONE  https://www.thezone.be/jobs-werken-in-the-zone/
2026-08-29  TMAB Business Events  https://tmab.be/jobs/
2026-08-29  TMS INDUSTRIAL SERVICES  https://www.vacaturestmsindustrialservices.com/
2026-08-29  TOI TOI & DIXI  https://www.dixi.be/jobs/
2026-08-29  TOMORROWLAB  https://www.tomorrowlab.com/job-offers
2026-08-29  TONY RUS ACTIVITIES  https://rustonygroup.com/vacatures/
2026-08-29  TOP-OFF  https://www.topoff.be/vacatures
2026-08-29  TOPCLEAN  https://www.topclean.be/vacatures
2026-08-29  TORANN  https://torann.be/nl/jobs
2026-08-29  TOSCA  https://www.toscaltd.com/tosca-careers/
2026-08-29  TORMAX BELGIUM  https://www.tormax.be/none/23/voorstelling/werken-bij-tormax.html?PHPSESSID=pk473675e0p09i8i6r56mrn0h0
2026-08-29  TOTAL EVENT SUPPORT  https://total-e.com/jobs/
2026-08-29  TRANSPORT SERVICE  https://transportservicedemets.be/vacatures/
2026-08-29  TRANSFER  https://mytransfer.be/about-transfer/jobs/
2026-08-29  TRAJECT  https://traject.be/bij-ons
2026-08-29  TOTAL CONCEPT  https://totalconcept.be/jobs/
2026-08-29  TRILATIONS  https://trilations.com/en/jobs
2026-08-29  TRIVELTA  https://trivelta.com/careers
2026-08-29  TROPICS INTERNATIONAL  https://tropicsbusinesssummit.com/pagenotfound.html
2026-08-29  TRIPLE AAART  https://etat.public.lu/fr.html
2026-08-29  TRU  https://www.truglobalsolutions.be/nl/vacatures
2026-08-29  TUINEN JACQUES DESAUW  https://tuinendesauw.be/bestanden/vacature_tuinendesauw.pdf
2026-08-29  TWIST  https://firmatwist.nl/vacature-stage-communicatie-creative-business/
2026-08-29  TVH EQUIPMENT  https://jobs.tvhequipment.com/nl
2026-08-29  TYBO  https://www.tybo.be/nl/jobs
2026-08-29  TRIPLE A SOLUTIONS  https://www.creditexpo.be/vacatures/
2026-08-29  Tervia’s Blue  https://tervias.be/vacatures/
2026-08-29  The Accounting Agency  https://theaccountingagency.be/nl/vacatures/
2026-08-29  The Pack Flanders  https://www.screenflanders.be/vacatures
2026-08-29  Thornton  https://careers.grantthornton.be/
2026-08-29  Tubeco  https://tubeco.be/een-job-bij-tubeco
2026-08-29  Trybou  https://www.grouptrybou.be/jobs
2026-08-29  TriFinance Belgium  https://www.trifinance.com/en-be/careers
2026-08-29  UNICAS  https://www.unicas.be/nl/vacatures
2026-08-29  UPSILON  https://www.upsilonrecruitment.com/en/top-jobs
2026-08-29  UnifiedMed Group  https://www.unifiedmed.be/vacatures
2026-08-29  Unicus  https://www.unicus.be/jobs
2026-08-29  Unifleet  https://jobs.hedinautomotive.be/
2026-08-29  Utexbel  https://utexbel.com/nl/vacatures/
2026-08-29  V.D.M. PRODUKTIES  https://www.polderke.com/jobs-bij-de-haven-van-antwerpen/
2026-08-29  V.M.A  https://vmajobs.be/nl/
2026-08-29  V.M.B  https://vmb-aannemingen.be/jobs/
2026-08-29  VALCK GROUP  https://www.comoo.be/jobs
2026-08-29  VALCKE PREFAB BETON  https://jobs.valcke-prefab.be/nl
2026-08-29  VAN DE MOERE  https://vandemoere.be/vacatures/
2026-08-29  VAN DEN ABEELE & Co  https://www.vandenabeelenv.be/jobs
2026-08-29  VAN DER POORTEN  https://www.vanderpoorten.be/nl/jobs
2026-08-29  VAN GESTEL  https://ateliervangestel.be/vacatures/
2026-08-29  VAN HUELE  https://van-huele.be/jobs/
2026-08-29  VAN HIRTUM GEUDENS  https://www.vanhirtum.be/jobs
2026-08-29  VAN HAUTE COOLING  https://www.groupvhc.be/nl/news/cat2_jobs
2026-08-29  VAN LOO PROJECTS  https://vanlooprojects.be/nl/vacatures
2026-08-29  VAN LENT  https://vanlentsystems.be/vacatures/
2026-08-29  VAN SEVEREN  https://www.vanseveren.be/vacatures
2026-08-29  VANBETSBRUGGE  https://vanbetsbrugge-nv.be/vacatures/
2026-08-29  VAN WEZEMAEL ALGEMENE AANNEMINGEN  http://bouwbedrijfvanwezemael.be/vacature.html
2026-08-29  VAN VLIERDEN  https://www.vanvlierden.com/vacatures/
2026-08-29  VANCAST  https://www.vancastvideo.com/jobs
2026-08-29  VANDELANNOOTE  https://vandelannoote.be/vacatures.html
2026-08-29  VANDAELE CONSTRUCT  https://www.vandaeleconstruct.be/vacatures
2026-08-29  VANDEN BUSSCHE INDUSTRIEBOUW  https://vandenbussche.be/nl-be/jobs
2026-08-29  VANCIA CAR LEASE  https://jobs.vanciamobilitylease.com/nl
2026-08-29  VANDEBROEK INTERIEUR  https://vandebroek-interieur.be/jobs/
2026-08-29  VANDEN BUVERIE  https://www.vandenbuverie.be/jobs
2026-08-29  VANDENBUSSCHE  https://www.vandenbusschebouw.be/jobs
2026-08-29  VANDEWALLE  https://www.vandewalle.be/vacatures
2026-08-29  VANHECKE  https://www.vanhecke.be/vacatures/
2026-08-29  VANHOUTTE CARPETS  https://www.vanhouttecarpets.be/jobs
2026-08-29  VANDERSANDEN GROUP  https://www.vandersanden.com/nl-be/trots-op-je-job
2026-08-29  VANHOUT  https://www.vanhout.be/nl/careers
2026-08-29  VANDEWEGHE FLEXO PRINTING  https://www.vandeweghe-flexo-printing.be/nl/vacatures
2026-08-29  VAREL SECURITY  https://varelsecurity.be/jobs/
2026-08-29  VASCO  https://vasco.eu/nl-be/werken-bij-vasco
2026-08-29  VECON  https://www.veconengineers.com/vacatures
2026-08-29  VEISTERS  https://www.veisters.be/nl/jobs
2026-08-29  VEKMO  https://vekmo.be/jobs/
2026-08-29  VERANDALAND  https://verandaland.be/vacatures/
2026-08-29  VERBEKE  https://verbeke.com/nl/vacatures
2026-08-29  VERBATEX  https://www.verbatex.be/nl/jobs
2026-08-29  VERCO  https://www.vercokeukens.be/jobs
2026-08-29  VERBRUGGEN  https://werkenbijverbruggen.nl/
2026-08-29  VERGALLE INTERIEURS  https://vergalle-interieurs.be/job
2026-08-29  VERHEYDEN TECHNICS  https://www.instalverheyden.be/jobs
2026-08-29  VERPLANCKE  https://verplancke.be/vacatures/
2026-08-29  VERPOORTEN  https://www.verpoorten.be/nl/vacatures
2026-08-29  VERSTRAETE  https://www.verstraete-ent.com/vacatures
2026-08-29  VEREECKEN  https://www.vereeckenv.com/nl/vacatures
2026-08-29  VERSCHAEVE - CONSTRUCT  https://trappen-verschaeve.be/jobs
2026-08-29  VERTRONICS  https://vertronics.be/jobs/bericht/?tx_ttnews%5Btt_news%5D=9&amp;cHash=0d0607146494636f13c81d02eff170b9
2026-08-29  VERSTRAETEN MODERNA  https://verstraeten-moderna.be/jobs/
2026-08-29  VESTIMA  https://www.clearstream.com/clearstream-en/career
2026-08-29  VERSTRAETE GRAPHICS  https://www.verstraetegraphics.be/vacatures-bij-drukkerij-verstraete-graphics-in-diksmuide/
2026-08-29  VGL Infra  https://vglconstruct.be/vacatures
2026-08-29  VETEX  https://www.vetex.eu/nl/job/onderhoudstechnieker-schoolverlater
2026-08-29  VETA  https://www.veta.be/contact/vacatures/
2026-08-29  VINCENT SHEPPARD  https://www.vincentsheppard.com/eu/nl/vacatures
2026-08-29  VISIX  https://visix.be/nl/jobs/
2026-08-29  VITA DEN UYT  https://vita-denuyt.be/jobs/
2026-08-29  VIP Scaffolding  https://www.vip.be/jobs/
2026-08-29  VITISCO  https://vitisco.com/join-us-at-coverings-2017-orlando-fl
2026-08-29  VITA TEMSE  https://www.vita-scheldebad.be/vacatures
2026-08-29  VITRALUX  https://www.vitralux.be/jobs/
2026-08-29  VL-WOOD  https://www.vlwood.be/vacature/
2026-08-29  VLINVESTA  https://vlinvesta.be/jobs/
2026-08-29  VOORUITZICHT  https://www.vooruitzicht.be/jobs
2026-08-29  VORST NATIONAAL - FOREST NATIONAL  https://www.livenation.be/wearehiring
2026-08-29  Van Genechten Packaging  https://vangenechten.com/jobs
2026-08-29  VYTECH GROUP  https://vytech.group/jobs/
2026-08-29  Van Mossel Energy Belgium  https://ev.be/nl/?tag=5941
2026-08-29  Van Laere  https://www.vanlaere.be/nl/jobs/
2026-08-29  VdS WEAVING  https://vdsweaving.com/nl/jobs/
2026-08-29  Vanhout Projects  https://vanhoutprojects.be/vacatures/
2026-08-29  Veda  https://veda.vlaanderen/jobplatform/
2026-08-29  Vestra  https://vestrarealestategroup.be/jobs
2026-08-29  Verstraete Logistiek  https://www.verstraete.team/nl/jobs
2026-08-29  Vidi - Square AV Solutions  https://www.vidisquare.com/nl/nieuws/vacatures
2026-08-29  Vliegen  https://vliegennv.be/vacature/
2026-08-29  Vika  https://www.vika.be/nl/jobs
2026-08-29  Vitar  https://www.vitar.eu/en/jobs
2026-08-29  Vking  https://vking.be/vacatures/
2026-08-29  W-Keukens  https://www.wkeukens.be/vacatures
2026-08-29  WASE WEGENBOUW  https://www.wawebo.be/vacatures.php
2026-08-29  WAVALIN  https://wavalin.be/nl/jobstudenten
2026-08-29  WE MAKE YOU HAPPY  https://wemakeyouhappy.be/jobs
2026-08-29  WEGENBOUW GOIJENS  https://www.wegenbouw.be/vacatures_be
2026-08-29  WEERTS GROUP  https://www.weerts-group.com/en
2026-08-29  WELEC  https://www.welec.be/vacatures/
2026-08-29  WESTELEC  https://westelec.be/index.php/2025/08/11/vacature-projectmanager/
2026-08-29  WEngage  https://jobs.wengage.eu/en/
2026-08-29  WFS  https://www.wfs.aero/careers/
2026-08-29  WILLEMS TECNO  https://willems-tecno.be/jobs/
2026-08-29  WHITE LIGHT  https://whitelight.be/jobs/
2026-08-29  WIMA - BOWLING en PARTYCENTERS  https://wima.be
2026-08-29  WIM BEYAERT  https://www.wimbeyaert.be/jobs
2026-08-29  WINGYP  https://www.wingyp.be/jobs
2026-08-29  WOESTIJNVIS  https://www.woestijnvis.be/vacatures
2026-08-29  WOODON  https://www.woodon.be/jobs
2026-08-29  WOODSTAR  https://woodstar.be/jobs/
2026-08-29  WOUTERS & HENDRIX  https://wouters-hendrix.com/pages/careers
2026-08-29  WYCOR  https://www.wycor.eu/nl/vacatures
2026-08-29  Waelkens  https://waelkens.eu/nl-be/jobs
2026-08-29  Wannijn  https://wannijn.be/jobs/
2026-08-29  WOUTIM  https://www.woutim.be/paintworks/jobs/
2026-08-29  Willemsens en Zonen  https://www.willemsensnv.be/vacatures/
2026-08-29  Wienen Bouw  https://www.wienenbouw.be/vacatures/
2026-08-29  XPO  https://jobs.kortrijkxpo.com/nl
2026-08-29  YOGI  https://yogi-life.com/en-US/careers
2026-08-29  YUNEX  https://www.yunextraffic.com/company/career/
2026-08-29  Workforce  https://jobs.work-force.be/about/
2026-08-29  Yondr  https://yondr.agency/careers
2026-08-29  YAMAGATA EUROPE  https://www.yamagata-europe.com/careers/
2026-08-29  ZELCO  https://www.zelco.be/nl/zelco-logistics/vacatures/
2026-08-29  Zaman Yves & C°  https://www.zamangroep.be/jobs
2026-08-29  Zeekraal  https://www.zeekraal.nl/vacatures/
2026-08-29  Zolderse Dakprojecten  https://zdp.be/vacatures
2026-08-29  ZiggZagg  https://www.ziggzagg.com/jobs/
2026-08-29  Zuiderhuis  https://zuiderhuis.be/werken-bij-zuiderhuis
2026-08-29  axl & trax  https://www.axl-trax.com/
2026-08-29  freestone  https://freestone.be/vacatures
2026-08-29  by Watson  https://www.bywatson.be/nl/jobs
2026-08-29  iMatch  https://www.imatch.com/open-jobs
2026-08-29  id*  https://idster.be/jobs
2026-08-29  raamSELECT  https://raamselect.be/vacatures/
2026-08-29  sistem  https://sistem.be/nl/jobs
2026-08-29  osmosis  https://www.osmosisim.com/about-us/careers/
2026-08-29  team.blue  https://team.blue/careers/
2026-08-29  t de neef engineering  https://www.tdn.be/jobs/
2026-08-29  vwbouw  https://www.vwbouw.be/vacatures
2026-08-29  T KASTEELTJE  https://kasteeltjeboechout.be/jobs/
2026-08-29  T KLAVERBLAD  https://drankenhandelklaverblad.com/vacatures/
2026-08-29  T KLAVERTJE VIER  https://tklavertje-vier.be/vacatures/
2026-08-29  facta  https://www.werkenbijfacta.nl/vacatures/
2026-08-29  T WIT HUYS BRUGGE  https://www.bruges-belgium-hotels.com/careers/
2026-08-29  t KOETSHUIS  https://jobs.holidaysuites.be/
